KIND;OPR;STAT;AREA;CITY          ; CB              ; LAC ;  CID ;GSM ;DCS ; 3G L ; 3G C ;3G S;U-L;U900;U-S;DATE; ADDR                ; REM                                       ; OZIN     ; OZIE     ;LOCK

/;Брест
 ;B;R  ;BR.; Брест               ;                 ; 505 ; 5    ;    ;    ; 5000 ; 5    ;         ;;;;  .  .18 ;                     ;                                           ;          ;          ;

$;B;R  ;BR.; Брест               ; BREST :)        ; 505 ; 5000 ;123 ;456 ; 5000 ; 5000 ;123456   ;;;;25.06.06 ; Советская 33        ; РУП "Белтелеком", трубостойки             ; 52.094719; 23.690750;G
$;B;R  ;BR.; Брест               ; BREST :)        ; 505 ; 5002 ;123 ;    ; 5000 ; 5002 ;1234     ;;;;12.01.07 ; Энгельса 3          ; Горисполком, трубостойки и трипод         ; 52.093072; 23.681341;G
$;B;R  ;BR.; Брест               ; BREST :)        ; 505 ; 5003 ;123 ;456 ; 5000 ; 5003 ;123      ;;;;14.09.08 ;Брестских дивизий 13/1; магазин, мачта                           ; 52.104086; 23.675683;G
$;B;R  ;BR.; Брест               ; BREST :)        ; 505 ; 5004 ;123 ;456 ; 5000 ; 5004 ;12345678 ;;;;11.06.07 ; б-р Космонавтов 21  ; БрГУ, мачта                               ; 52.098502; 23.694119;G
$;B;R  ;BR.; Брест               ; BREST :)        ; 505 ; 5005 ;123 ;456 ; 5000 ; 5005 ;123456   ;;;;26.01.07 ; Куйбышева 62        ; вышка Брестской студии телевидения        ; 52.091827; 23.696558;G
$;B;R  ;BR.; Брест               ; BREST :)        ; 505 ; 5007 ;123 ;456 ; 5000 ; 5007 ;123456   ;;;;23.09.07 ; Машерова пр. 75/1   ; ОАО "Брестская типография", мачта         ; 52.088839; 23.714010;G
$;B;R  ;BR.; Брест               ; BREST :)        ; 505 ; 5009 ;123 ;456 ; 5000 ; 5009 ;123456   ;;;;31.09.07 ; Поплавского 54      ; ОАО "Брестхлебопродукт", мачта            ; 52.098030; 23.665090;G
$;B;R  ;BR.; Брест               ; BREST :)        ; 505 ; 5010 ;123 ;456 ; 5000 ; 5010 ;123  6   ;;;;28.08.06 ; Смирнова 66         ; ОАО "ГСКБ", трубостойки                   ; 52.103187; 23.646710;G
$;B;R  ;BR.; Брест               ; BREST :)        ; 505 ; 5011 ;123 ;456 ; 5000 ; 5011 ;123456   ;;;;06.07.06 ; Московская 204      ; ОАО "БЭЛЗ", трубостойки                   ; 52.095840; 23.739780;G
$;B;R  ;BR.; Брест               ; BREST :)        ; 505 ; 5013 ;123 ;456 ; 5000 ; 5013 ;123 5    ;;;;29.08.06 ; Строительная 56     ; ПРУП "БЭТЗ", труба                        ; 52.117518; 23.736668;G
$;B;R  ;BR.; Брест               ; BREST :)        ; 505 ; 5014 ;123 ;456 ; 5000 ; 5014 ; 23      ;;;;29.08.06 ; Инженерная 19       ; труба ТЭЦ                                 ; 52.121893; 23.681391;G
$;B;R  ;BR.; Брест               ; BREST :)        ; 505 ; 5015 ;123 ;456 ; 5000 ; 5015 ;123456   ;;;;11.06.07 ; Московская 275     ; Дворец культуры профсоюзов, трубост.+трипод; 52.099425; 23.769606;G
$;B;R  ;BR.; Брест               ; BREST :)        ; 505 ; 5016 ;123 ;456 ; 5000 ; 5016 ;123456   ;;;;13.09.07 ; Янки Купалы 115    ; общежитие N2 ОАО "Савушкин продукт", мачта ; 52.110199; 23.757195;G
$;B;R  ;BR.; Брест               ; BREST :)        ; 505 ; 5017 ;123 ;456 ; 5000 ; 5017 ;1234 6   ;;;;11.06.07 ; Белорусская 51     ; ОАО "Брестский завод бытовой химии", трипод; 52.121551; 23.657216;G
$;B;R  ;BR.; Брест               ; BREST :)        ; 505 ; 5018 ;123 ;456 ; 5000 ; 5018 ;123456   ;;;;24.08.07 ; Гоздецкого 11       ; РУСП "Брестжилстрой", мачта               ; 52.112490; 23.786180;G
$;B;R  ;BR.; Брест               ; BREST :)        ; 505 ; 5020 ;123 ;456 ; 5000 ; 5020 ;123456   ;;;;07.07.06 ; Суворова 112        ; общежитие N2 УП "Завод Цветотрон", мачта  ; 52.072402; 23.761033;G
$;B;R  ;BR.; Брест               ; BREST :)        ; 505 ; 5021 ;123 ;4 6 ; 5000 ; 5021 ;1234 6   ;;;;21.01.07 ; Суворова 21/2       ; ОАО "БрестМаш", труба                     ; 52.061947; 23.750524;G
$;B;R  ;BR.; Брест               ; BREST :)        ; 505 ; 5022 ;123 ;456 ; 5000 ; 5022 ;123456   ;;;;17.01.08 ; Жукова 2            ; в/ч 92616, мачта                          ; 52.062884; 23.723548;G
$;B;R  ;BR.; Брест               ; BREST :)        ; 505 ; 5023 ;123 ;    ; 5000 ; 5023 ;12       ;;;;28.02.09 ; Варшавский мост     ; погранпереход РБ-Польша, башня 72м        ; 52.076532; 23.671718;G
$;B;R  ;BR.; Брест               ; BREST :)        ; 505 ; 5025 ;123 ;456 ; 5000 ; 5025 ;1234     ;;;;24.08.06 ; Катин Бор 111       ; мачта                                     ; 52.141054; 23.651152;G
$;B;R  ;BR.; Брест               ; BREST :)        ; 505 ; 5030 ;123 ;    ; 5000 ; 5030 ;1234 6   ;;;;31.01.09 ; Лактионова 11       ; Центральная городская больница, триподы   ; 52.097132; 23.785304;G
$;B;R  ;BR.; Брест               ; BREST :)        ; 505 ; 5031 ;123 ;    ; 5000 ; 5031 ;1234 6   ;;;;03.05.09 ; Сябровская 107      ; мкр-н Вулька, ЦТП, башня на крыше         ; 52.069174; 23.721759;G
$;B;R  ;BR.; Брест               ; BREST :)        ; 505 ; 5034 ;123 ;    ; 5000 ; 5034 ;123456   ;;;;31.12.08 ; Гаврилова 21        ; почтовое отделение N28, мачта             ; 52.108908; 23.774350;G
$;B;R  ;BR.; Брест               ; BREST :)        ; 505 ; 5050 ;    ;456 ; 5000 ; 5050 ;123  6   ;;;;02.10.09 ; Рябиновая 4         ; мкр-н Вулька, ЦТП, мачта                  ; 52.067080; 23.729216;G
$;B;R  ;BR.; Брест               ; BREST :)        ; 505 ; 5051 ;123 ;    ; 5000 ; 5051 ;123456   ;;;;20.03.09 ; Луцкая 46           ; почтовое отделение N11, мачта             ; 52.078965; 23.749061;G
$;B;R  ;BR.; Брест               ; BREST :)        ; 505 ; 5052 ;123 ;456 ; 5000 ; 5052 ;12       ;;;;28.03.10 ; Смирнова 100        ; ОАО "Берестейский пекарь", мачта          ; 52.107340; 23.642453;G
$;B;R  ;BR.; Брест               ; BREST :)        ; 505 ; 5054 ;123 ;    ; 5000 ; 5054 ;12345    ;;;;31.01.08 ; ГОБК 74             ; общежитие, мачта                          ; 52.091768; 23.655118;G
$;B;R  ;BR.; Брест               ; BREST :)        ; 505 ; 5056 ;    ;456 ; 5000 ; 5056 ;123      ;;;;21.06.09 ;Лейтенанта Рябцева 110/2; СООО "Осттаможсервис", мачта           ; 52.144229; 23.681964;G
$;B;R  ;BR.; Брест               ; BREST :)        ; 505 ; 5057 ;123 ;    ; 5000 ; 5057 ;123456   ;;;;10.08.10 ; Машерова пр. 17     ; ЦУМ, трубостойки                          ; 52.085545; 23.694734;*
$;B;R  ;BR.; Брест               ; BREST :)        ; 505 ; 5059 ;123 ;456 ; 5000 ; 5059 ;123      ;;;;25.05.11 ; Дубровская 58       ; ООО ИП "Инко-Фуд", мачта                  ; 52.135869; 23.646994;G
$;B;R  ;BR.; Брест               ; BREST :)        ; 505 ; 5061 ;123 ;456 ; 5000 ; 5061 ;1234 6   ;;;;20.09.09 ; Медицинская 7       ; Брестская областная больница, мачта       ; 52.106450; 23.815794;G
$;B;R  ;BR.; Брест               ; BREST :)        ; 505 ; 5062 ;    ;456 ; 5000 ; 5062 ;123 56   ;;;;12.06.10 ; Машерова пр. 5      ; труба ТЭЦ                                 ; 52.084751; 23.679146;G
$;B;R  ;BR.; Брест               ; BREST :)        ; 505 ; 5063 ;    ;456 ; 5000 ; 5063 ;123      ;;;;01.04.09 ;Красногвардейская 112/1; столб                                   ; 52.124243; 23.697997;G
$;B;R  ;BR.; Брест               ; BREST :)        ; 505 ; 5064 ;123 ;    ; 5000 ; 5064 ;123      ;;;;30.09.09 ; Машерова пр. 64/1   ; зал тяжелой атлетики, мачта               ; 52.088004; 23.699015;G
$;B;R  ;BR.; Брест               ; BREST :)        ; 505 ; 5066 ;123 ;    ; 5000 ; 5066 ;123456   ;;;;08.04.11 ; Жукова 16           ; мкр-н Южный, столб                        ; 52.059117; 23.730506;G
$;B;R  ;BR.; Брест               ; BREST :)        ; 505 ; 5067 ;    ;456 ; 5000 ; 5067 ;123456   ;;;;11.07.10 ; Шевченко 6          ; гостиница "Беларусь", трубостойки         ; 52.086070; 23.704483;G
$;B;R  ;BR.; Брест               ; BREST :)        ; 505 ; 5068 ;123 ;456 ; 5000 ; 5068 ;12345678 ;;;;24.10.10 ; Пушкинская 100      ; общежитие N4 БрГУ, трубостойки            ; 52.102035; 23.703710;G
$;B;R  ;BR.; Брест               ; BREST :)        ; 505 ; 5069 ;123 ;    ; 5000 ; 5069 ;123456   ;;;;20.03.09 ; Дзержинского 14     ; здание, триподы                           ; 52.088628; 23.690729;G
$;B;R  ;BR.; Брест               ; BREST :)        ; 505 ; 5070 ;123 ;    ; 5000 ; 5070 ;123      ;;;;22.05.10 ; Ковельское ш. 90    ; г/к "Южный", столб                        ; 52.051423; 23.737722;G
$;B;R  ;BR.; Брест               ; BREST :)        ; 505 ; 5071 ;123 ;    ; 5000 ; 5071 ;1234     ;;;;28.10.09 ; Партизанский пр. 6  ; АТС 41-42, триподы                        ; 52.100381; 23.762710;G
$;B;R  ;BR.; Брест               ; BREST :)        ; 505 ; 5072 ;123 ;    ; 5000 ; 5072 ;1234 6   ;;;;06.08.10 ; 28 июля 20          ; ЧУП "Промбис", мачта                      ; 52.076106; 23.737179;G
$;B;R  ;BR.; Брест               ; BREST :)        ; 505 ; 5073 ;123 ;456 ; 5000 ; 5073 ;123      ;;;;28.09.09 ; Плоска,Городская 64 ; мачта                                     ; 52.134700; 23.733603;G
$;B;R  ;BR.; Брест               ; BREST :)        ; 505 ; 5074 ;123 ;456 ; 5000 ; 5074 ;123 5    ;;;;07.05.10 ; Дворцовая 52        ; ЧУП "Бресткоопстрой", столб               ; 52.098351; 23.720401;G
$;B;R  ;BR.; Брест               ; BREST :)        ; 505 ; 5076 ;    ;456 ; 5000 ; 5076 ;123      ;;;;20.03.09 ; Янки Купалы 124В    ; ЗАО "Пожтехника", мачта                   ; 52.115393; 23.768602;G
$;B;R  ;BR.; Брест               ; BREST :)        ; 505 ; 5077 ;    ;456 ; 5000 ; 5077 ;123      ;;;;16.04.09 ; б-р Космонавтов 6   ; Торгово-промышленная палата, трипод       ; 52.101416; 23.692932;G
$;B;R  ;BR.; Брест               ; BREST :)        ; 505 ; 5079 ;123 ;    ; 5000 ; 5079 ;123456   ;;;;30.03.09 ; Кирова 88           ; женская консультация N1, мачта            ; 52.088997; 23.704869;G
$;B;R  ;BR.; Брест               ;                 ; 505 ; 5080 ;123 ;456 ; 5000 ; 5080 ;1234567  ;;;;20.09.11 ; Московская 267      ; бетонный столб на территории ТП-38        ; 52.094319; 23.759235;G
$;B;R  ;BR.; Брест               ; BREST :)        ; 505 ; 5081 ;123 ;456 ; 5000 ; 5081 ;123 56   ;;;;31.08.09 ; Скрипникова 115     ; магазин N6 ОАО "Желдорсервис", мачта      ; 52.108157; 23.723540;G
$;B;R  ;BR.; Брест               ; BREST :)        ; 505 ; 5082 ;123 ;    ; 5000 ; 5082 ;123      ;;;;14.03.09 ; Суворова 96/2       ; общежитие N3 УП "Завод Цветотрон", мачта  ; 52.072165; 23.751165;G
$;B;R  ;BR.; Брест               ; BREST :)        ; 505 ; 5083 ;123 ;    ; 5000 ; 5083 ;123 5    ;;;;30.04.10 ; Красный Двор        ; ООО "Стимул-Брест", опорная мачта         ; 52.085381; 23.790722;G
$;B;R  ;BR.; Брест               ; BREST :)        ; 505 ; 5084 ;    ;456 ; 5000 ; 5084 ;123456   ;;;;14.10.09 ; Янки Купалы 18/6    ; бакалея, магазин N9, мачта                ; 52.104332; 23.731862;G 
$;B;R  ;BR.; Брест               ; BREST :)        ; 505 ; 5085 ;123 ;    ; 5000 ; 5085 ;12345    ;;;;30.09.09 ; Дубровская 27/1     ; филиал Детской поликлиники N1, мачта      ; 52.129803; 23.656260;G
$;B;R  ;BR.; Брест               ; BREST :)        ; 505 ; 5087 ;123 ;    ; 5000 ; 5087 ;123 5    ;;;;10.04.10 ; Пионерская 50       ; корпус 16 ОАО "БЭМЗ", триподы             ; 52.098028; 23.730682;G
$;B;R  ;BR.; Брест               ; BREST :)        ; 505 ; 5088 ;123 ;    ; 5000 ; 5088 ;123 56   ;;;;21.10.09 ; Св.Афанасьевская 2/2; башня 40м                                 ; 52.062493; 23.690153;G
$;B;R  ;BR.; Брест               ; BREST :)        ; 505 ; 5090 ;123 ;    ; 5000 ; 5090 ;123 5    ;;;;03.10.09 ; Пригородная 27      ; Брестский гос.проф.лицей строителей, мачта; 52.098414; 23.652858;G
$;B;R  ;BR.; Брест               ; BREST :)        ; 505 ; 5092 ;    ;456 ; 5000 ; 5092 ;123456   ;;;;15.12.09 ; Орджоникидзе 18     ; мачта                                     ; 52.100381; 23.687063;G
$;B;R  ;BR.; Брест               ; BREST :)        ; 505 ; 5094 ;123 ;    ; 5000 ; 5094 ;123      ;;;;26.02.10 ; Московская 348/3    ; ФОК, триподы                              ; 52.105488; 23.773661;G
$;B;R  ;BR.; Брест               ; BREST :)        ; 505 ; 5095 ;    ;456 ; 5000 ; 5095 ;12345    ;;;;15.01.10 ; Осипенко 9/1        ; столб                                     ; 52.107643; 23.692642;G
$;B;R  ;BR.; Брест               ; BREST :)        ; 505 ; 5096 ;123 ;    ; 5000 ; 5096 ;123 56   ;;;;23.02.10 ; Винника             ; мкр-н Южный, бывшая казарма, мачта        ; 52.054173; 23.741292;G
$;B;R  ;BR.; Брест               ; BREST :)        ; 505 ; 5097 ;123 ;456 ; 5000 ; 5097 ;1234     ;;;;30.04.10 ; Задворцы            ; башня 40м                                 ; 52.128644; 23.761619;G
$;B;R  ;BR.; Брест               ; BREST :)        ; 505 ; 5098 ;123 ;    ; 5000 ; 5098 ;123  6   ;;;;15.08.10 ; Фортечная 79        ; магазин, мачта                            ; 52.115245; 23.691645;G
$;B;R  ;BR.; Брест               ; BREST :)        ; 505 ; 5099 ;123 ;    ; 5000 ; 5099 ;12       ;;;;31.01.10 ;Лейтенанта Рябцева 108/1; ОАО "Брестинтертранс", мачта           ; 52.137220; 23.673700;G
$;B;R  ;BR.; Брест               ; BREST :)        ; 505 ; 5101 ;123 ;    ; 5000 ; 5101 ;12       ;;;;09.05.10 ; 2й Западный тупик   ; гаражи, мачта                             ; 52.090655; 23.634596;G
$;B;R  ;BR.; Брест               ; BREST :)        ; 505 ; 5102 ;123 ;    ; 5000 ; 5102 ;123      ;;;;16.07.10 ; 2я Заводская 5      ; СДЮШОР, мачта                             ; 52.101450; 23.739830;G
$;B;R  ;BR.; Брест               ; BREST :)        ; 505 ; 5103 ;123 ;    ; 5000 ; 5103 ;1 3      ;;;;13.02.10 ; Вычулки 115         ; мкр-н Вычулки, столб                      ; 52.095685; 23.810900;G
$;B;R  ;BR.; Брест               ;                 ; 505 ; 5105 ; 23 ;456 ; 5000 ; 5105 ; 23      ;;;;05.07.16 ; Дубровская 7        ; мкр-н Дубровка, м-н "Продтовары-8", трипод; 52.125228; 23.655845;G
$;B;R  ;BR.; Брест               ; BREST :)        ; 505 ; 5108 ;    ;456 ; 5000 ; 5108 ;123  6   ;;;;08.06.10 ; Карла Маркса 88     ; клуб фабрики "Динамо", трипод             ; 52.084480; 23.689525;G
$;B;R  ;BR.; Брест               ; BREST :)        ; 505 ; 5109 ;123 ;    ; 5000 ; 5109 ;1234 6   ;;;;11.06.10 ; Молодогвардейская 5 ; общежитие ПО "Снежинка", трипод           ; 52.103524; 23.753212;G
$;B;R  ;BR.; Брест               ; BREST :)        ; 505 ; 5110 ;123 ;    ; 5000 ; 5110 ;123      ;;;;01.02.10 ; Огородная 5         ; столб                                     ; 52.117640; 23.667695;G
$;B;R  ;BR.; Брест               ; BREST :)        ; 505 ; 5112 ;123 ;    ; 5000 ; 5112 ;1 3      ;;;;26.06.10 ; Катин Бор 105       ; ОАО "Брестодежда", трипод                 ; 52.142635; 23.668710;G
$;B;R  ;BR.; Брест               ; BREST :)        ; 505 ; 5113 ;123 ;456 ; 5000 ; 5113 ;123      ;;;;10.10.10 ; Сов.Конституции 1   ; дом быта, триподы                         ; 52.099437; 23.751054;G
$;B;R  ;BR.; Брест               ; BREST :)        ; 505 ; 5114 ;123 ;    ; 5000 ; 5114 ;123 4    ;;;;08.01.11 ; Суворова 21         ; ОАО "БрестМаш", мачта                     ; 52.064553; 23.741803;G
$;B;R  ;BR.; Брест               ; BREST :)        ; 505 ; 5115 ;123 ;456 ; 5000 ; 5115 ;123  6   ;;;;05.09.10 ; мкр-н Ковалево      ; рынок стройматериалов, мачта              ; 52.064081; 23.759932;G
$;B;RVM;BR.; Брест               ; KORONA :)       ; 505 ; 5116 ;    ;45  ; 5000 ; 5116 ; 2       ;;;;12.12.09 ; Московская 210      ; ТЦ "Корона", микроБС, внутри              ; 52.096658; 23.744954;G
$;B;R  ;BR.; Брест               ; BREST :)        ; 505 ; 5118 ;123 ;45  ; 5000 ; 5118 ;1234 6   ;;;;04.07.11 ; Орловская 73        ; почтовое отделение N15, мачта             ; 52.107006; 23.782736;G
$;B;R  ;BR.; Брест               ; BREST :)        ; 505 ; 5120 ;123 ;    ; 5000 ; 5120 ;123 56   ;;;;22.06.11 ; Волгоградская 19    ; рынок "Ковалево", столб                   ; 52.077914; 23.755911;G
$;B;R  ;BR.; Брест               ;                 ; 505 ; 5121 ;123 ;    ; 5000 ; 5121 ;12345    ;;;;12.07.11 ; Сов.Конституции 14  ; гостиница "Юность", мачта                 ; 52.107143; 23.752276;G
$;B;R  ;BR.; Брест               ; BREST :)        ; 505 ; 5123 ;123 ;    ; 5000 ; 5123 ;12       ;;;;04.07.11 ; Бауманская 25       ; магазин "Евроопт", мачта                  ; 52.111975; 23.643450;G
$;B;R  ;BR.; Брест               ; BREST :)        ; 505 ; 5126 ;123 ;    ; 5000 ; 5126 ;1234     ;;;;05.07.11 ; Шоссейная 2         ; Брестплодовощ, столб                      ; 52.110853; 23.706104;G
$;B;R  ;BR.; Брест               ; BREST :)        ; 505 ; 5127 ;123 ;456 ; 5000 ; 5127 ;123      ;;;;04.07.11 ; Гоголя 75           ; здание, трипод                            ; 52.094039; 23.702511;G
$;B;R  ;BR.; Брест               ;                 ;     ;      ;    ;    ; 5000 ; 5129 ;123      ;;;;05.04.12 ; Гаврилова 45        ; стоянка, столб                            ; 52.113518; 23.772984;G
$;B;R  ;BR.; Брест               ;                 ; 505 ; 5130 ;123 ;456 ; 5000 ; 5130 ;123 5    ;;;;29.07.11 ; Пионерская 39       ; бар "Охотничий", столб                    ; 52.102110; 23.719850;G
$;B;R  ;BR.; Брест               ;                 ;     ;      ;    ;    ; 5000 ; 5131 ;123456   ;;;;19.03.12 ; Ленина 21           ; драмтеатр, трубостойки                    ; 52.090804; 23.686251;G
$;B;R  ;BR.; Брест               ;                 ;     ;      ;    ;    ; 5000 ; 5133 ;1234     ;;;;19.03.12 ; Сябровская 51       ; автосервис, мачта                         ; 52.064155; 23.733016;G
$;B;R  ;BR.; Брест               ; BREST :)        ; 505 ; 5134 ;123 ;456 ; 5000 ; 5134 ;12345    ;;;;08.07.11 ; 3й Заводской        ; ЦТП, мачта                                ; 52.107797; 23.738710;G
$;B;R  ;BR.; Брест               ; BREST :)        ; 505 ; 5135 ;123 ;    ; 5000 ; 5135 ;123      ;;;;07.05.12 ; Рябиновая 34/1      ; мкр-н Вулька, столб                       ; 52.070390; 23.734310;G
$;B;R  ;BR.; Брест               ;                 ; 505 ; 5136 ;123 ;    ; 5000 ; 5136 ;123      ;;;;29.07.11 ; Богдановича         ; столб                                     ; 52.119835; 23.712701;G
$;B;R  ;BR.; Брест               ;                 ; 505 ; 5137 ;123 ;    ; 5000 ; 5137 ;123      ;;;;29.08.11 ; Высоковская         ; столб напротив дома N87                   ; 52.115214; 23.652744;G
$;B;R  ;BR.; Брест               ;                 ; 505 ; 5147 ;123 ;    ; 5000 ; 5147 ; 234     ;;;;07.09.15 ; 10я Вересковая      ; столб                                     ; 52.138290; 23.713445;G
$;B;R  ;BR.; Брест               ; BREST :)        ; 505 ; 5148 ;123 ;    ; 5000 ; 5148 ;1        ;;;;21.02.13 ; Приграничная        ; башня 40м                                 ; 52.118881; 23.628594;G
$;B;R  ;BR.; Брест               ; BREST :)        ; 505 ; 5149 ;123 ;    ; 5000 ; 5149 ;123      ;;;;15.01.13 ; Сальникова 10А      ; совм.башня 40м                            ; 52.073380; 23.713860;G
$;B;R  ;BR.; Брест               ;                 ;     ;      ;    ;    ; 5000 ; 5150 ;1 3      ;;;;03.02.15 ; Московская 323/1    ; столб                                     ; 52.101840; 23.785360;G
$;B;RVM;BR.; Брест               ;                 ; 505 ; 5151 ;    ;4   ; 5000 ; 5151 ;1        ;;;;21.02.16 ; Варшавское ш. 11    ; ТЦ "Евроопт", внутри                      ; 52.075231; 23.718006;G
$;B;RVM;BR.; Брест               ;                 ; 505 ; 5152 ;    ;4   ;      ;      ;         ;;;;09.04.17 ; Московская 147      ; Дворец водных видов спорта, внутри        ; 52.091066; 23.734429;G
$;B;R  ;BR.; Брест               ;                 ; 505 ; 5154 ;    ;456 ; 5000 ; 5154 ;  3  6   ;;;;18.07.18 ; Московская 336/5    ; столб                                     ; 52.10478 ; 23.763729;G
$;B;R  ;BR.; Брест               ; GERSHONY :)     ; 505 ; 5330 ;123 ;    ; 5000 ; 5330 ;12345    ;;;;15.08.07 ; пер.Учительский 24  ; мкр-н Гершоны, СООО "КСМ-Сервис", мачта   ; 52.043776; 23.703813;G
$;B;R  ;BR.; Брест               ; BREST :)        ; 505 ; 5338 ;123 ;    ; 5000 ; 5338 ;123 5    ;;;;24.08.07 ; Старые Задворцы     ; гостиница "Дружба", мачта                 ; 52.134130; 23.775125;G

 ;B;P  ;BR.; Брест               ;                 ;     ;      ;    ;    ;      ;      ;         ;;;;09.06.06 ; Машерова 21         ; РУП "Белтелеком"                          ; 52.086229; 23.696930;+
 ;B;P  ;BR.; Брест               ;                 ;     ;      ;    ;    ;      ;      ;         ;;;;09.06.06 ; 3й Заводской 34     ; общежитие N4 ОАО "БЭМЗ"                   ; 52.108472; 23.736682;+
 ;B;P  ;BR.; Брест               ;                 ; 505 ; 5028 ;    ;    ;      ;      ;         ;;;;         ; Гоголя 2            ; БТИ                                       ; 52.088695; 23.673857;G
 ;B;P  ;BR.; Брест               ;                 ; 505 ; 5053 ;    ;    ;      ;      ;         ;;;;         ; Машерова 18         ; Главное статистическое управление области ; 52.086692; 23.686034;G

$;B;D  ;BR.; Брест               ; BREST :)        ; 505 ; 5021 ;    ; 5  ;      ;      ;         ;;;;17.05.12 ; Суворова 21/2       ; ОАО "БрестМаш", труба                     ; 52.061947; 23.750524;G
$;B;D  ;BR.; Брест               ; BREST :)        ; 505 ; 5111 ;    ;456 ; 5000 ; 5111 ;123456   ;;;;04.07.11 ; Орловская 10        ; дом быта, мачта                           ; 52.106057; 23.765364;G
$;B;DVM;BR.; Брест               ; KORONA :)       ; 505 ; 5116 ;    ; 5  ;      ;      ;         ;;;;25.07.15 ; Московская 210      ; ТЦ "Корона", микроБС, внутри              ; 52.096658; 23.744954;G
$;B;D  ;BR.; Брест               ; GERSHONY :)     ; 505 ; 5330 ;    ;456 ;      ;      ;         ;;;;25.07.15 ; пер.Учительский 24  ; мкр-н Гершоны, СООО "КСМ-Сервис", мачта   ; 52.043776; 23.703813;G

/;Брестская область
 ;B;R  ;BRO;                     ;                 ; 515 ; 5    ;    ;    ; 5100 ; 5    ;         ;;;;  .  .18 ;                     ;                                           ;          ;          ;

$;B;R  ;BRO; Пески               ; PESKI 2-e :)    ; 515 ; 5302 ;123 ;    ;      ;      ;         ;;;;05.11.08 ; Кобринский р-н      ; совм.башня 72м                            ; 52.185712; 24.232491;G
$;B;R  ;BRO; Остромичи           ; OSTROMICHI :)   ; 515 ; 5303 ;123 ;    ;      ;      ;         ;;;;25.01.07 ; Кобринский р-н      ; мачта УП "МС"                             ; 52.281530; 24.479400;G
$;B;R  ;BRO; Шеметовка           ; SHEMETOVKA :)   ; 515 ; 5304 ;1237;    ;      ;      ;         ;;;;26.01.09 ; Кобринский р-н      ; М1, башня с A1?                           ; 52.333350; 24.644680;Y*
$;B;R  ;BRO; Сигневичи           ; SIGNEVICHI :)   ; 515 ; 5305 ;123 ;    ;      ;      ;         ;;;;26.01.09 ; Березовский р-н     ; башня 70м                                 ; 52.432304; 24.898318;G
$;B;R  ;BRO; Смолярка            ; BEREZA :)       ; 515 ; 5306 ;123 ;    ;      ;      ;         ;;;;06.02.09 ; Березовский р-н     ; РТПС                                      ; 52.569432; 25.052380;G
$;B;R  ;BRO; Нехачево            ; NEHACHEVO :)    ; 515 ; 5307 ;123 ;    ;      ;      ;         ;;;;06.02.09 ; Ивацевичский р-н    ; башня 70м                                 ; 52.644847; 25.199332;G
$;B;R  ;BRO; Ивацевичи           ; IVATSEVICHI :)  ; 515 ; 5308 ;123 ;    ;      ;      ;         ;;;;26.08.15 ; Заводская 33        ; приборостроительный завод, труба          ; 52.702238; 25.351351;G
$;B;R  ;BRO; Чемелы              ; CHEMELY :)      ; 515 ; 5309 ;1237;    ;      ;      ;         ;;;;06.02.09 ; Ивацевичский р-н    ; М1, 166 км, башня 72м                     ; 52.785640; 25.534047;G
$;B;R  ;BRO; Гляденье            ; GLJADENI :)     ; 515 ; 5310 ;123 ;    ;      ;      ;         ;;;;06.02.09 ; Ивацевичский р-н    ; башня 72м                                 ; 52.847580; 25.689950;G
$;B;R  ;BRO; Лесная              ; LESNAJA :)      ; 515 ; 5311 ;123 ;    ;      ;      ;         ;;;;27.04.08 ; Барановичский р-н   ; М1, 194 км, башня                         ; 52.993530; 25.762600;G
$;B;R  ;BRO; Могиляны            ; MOGILJANY :)    ; 515 ; 5312 ;123 ;    ;      ;      ;         ;;;;27.04.08 ; Барановичский р-н   ; М1, башня 72м                             ; 53.086020; 25.891710;G
$;B;R  ;BRO; Столовичи           ; OKTJABR'SKIJ :) ; 515 ; 5313 ;123 ;    ;      ;      ;         ;;;;27.04.08 ; Барановичский р-н   ; РТПС в Октябрьском                        ; 53.198490; 26.032375;G
$;B;R  ;BRO; Нагорная            ; NAGORNAJA :)    ; 515 ; 5314 ;123 ;    ;      ;      ;         ;;;;13.11.08 ; Барановичский р-н   ; М1, башня 72м                             ; 53.257441; 26.266283;G
$;B;R  ;BRO; Антополь            ; ANTOPOL :)      ; 515 ; 5315 ;1237;    ;      ;      ;         ;;;;16.02.09 ; Дрогичинский р-н    ; башня 72м A1?                             ; 52.217805; 24.777235;G*
$;B;R  ;BRO; Толково             ; TOLKOVO :)      ; 515 ; 5316 ;123 ;    ;      ;      ;         ;;;;13.02.09 ; Дрогичинский р-н    ; башня                                     ; 52.190005; 24.928095;G*w
$;B;R  ;BRO; Дрогичин            ; DROGICHIN :)    ; 515 ; 5317 ;123 ;    ;      ;      ;         ;;;;21.02.09 ; ?                ; опорная мачта? (или РТПС в Сиреневке *питон*); 52.212759; 25.165553;*
$;B;R  ;BRO; Огдемер             ; OGDEMER :)      ; 515 ; 5318 ;123 ;    ;      ;      ;         ;;;;13.11.08 ; Дрогичинский р-н    ; башня 72м                                 ; 52.155600; 25.322270;G*w
$;B;R  ;BRO; Иваново             ; IVANOVO :)      ; 515 ; 5319 ;123 ;    ;      ;      ;         ;;;;01.05.09 ;                     ; РТПС возле ст. Янов-Полесский             ; 52.121095; 25.565425;G
$;B;R  ;BRO; Богушево            ; BOGUSHEVO :)    ; 515 ; 5320 ;123 ;    ;      ;      ;         ;;;;13.11.08 ; Пинский р-н         ; башня 72м                                 ; 52.148030; 25.813878;G
$;B;R  ;BRO; Посеничи            ; POSENICHI :)    ; 515 ; 5321 ;123 ;    ;      ;      ;         ;;;;03.03.09 ; Пинский р-н         ; М10, РТПС                                 ; 52.181240; 26.056430;G
$;B;R  ;BRO; Вулька              ; UZHNYJ :)       ; 515 ; 5322 ;123 ;    ;      ;      ;         ;;;;24.11.08 ; Пинский р-н         ; башня 72м                                 ; 52.232050; 26.224450;G
$;B;R  ;BRO; Парохонск           ; PAROHONSK :)    ; 515 ; 5323 ;123 ;    ;      ;      ;         ;;;;23.04.09 ; Пинский р-н         ; РТПС                                      ; 52.223235; 26.463565;Y
$;B;R  ;BRO; Лунин               ; LUNIN :)        ; 515 ; 5324 ;123 ;    ;      ;      ;         ;;;;29.11.08 ; Лунинецкий р-н      ; М10, совм.башня 72м                       ; 52.309400; 26.643230;Y
$;B;R  ;BRO; Дворец              ; DVOREC :)       ; 515 ; 5325 ;123 ;    ; 5100 ; 5325 ; 23      ;;;;29.11.08 ; Лунинецкий р-н      ; башня 72м                                 ; 52.272033; 26.949035;G
$;B;R  ;BRO; Синкевичи           ; SINKEVICHI :)   ; 515 ; 5326 ;123 ;    ;      ;      ;         ;;;;16.02.09 ; Лунинецкий р-н      ; РТПС?                                     ; 52.218065; 27.257915;Y*
$;B;R  ;BRO; Микашевичи          ; MIKASHEVICHI :)  ;515 ; 5327 ;123 ;    ;      ;      ;         ;;;;30.04.11 ; Лунинецкий р-н      ; башня? *питон*                            ; 52.207955; 27.466600;Y*
$;B;R  ;BRO; Кобрин              ; KOBRIN :)       ; 515 ; 5328 ;123 ;    ; 5100 ; 5328 ;1 3  6   ;;;;23.11.07 ; Советская 109       ; труба котельной *питон*                   ; 52.208602; 24.339336;G
$;B;R  ;BRO; Жабинка             ; ZHABINKA :)     ; 515 ; 5332 ;123 ;    ;      ;      ;         ;;;;28.03.09 ; Мира 1              ; Комбикормовый завод, трубостойки?         ; 52.203000; 24.027510;G*
$;B;R  ;BRO; Кобрин              ; KOBRIN :)       ; 515 ; 5334 ;123 ;    ; 5100 ; 5334 ;123      ;;;;04.04.08 ; Первомайская 106    ; бывший льнозавод, мачта                   ; 52.211280; 24.386270;G
$;B;R  ;BRO; Кобрин              ; KOBRIN :)       ; 515 ; 5335 ;123 ;4 6 ; 5100 ; 5335 ;123456   ;;;;17.05.07 ; Интернациональная 30; Белтелеком, мачта                         ; 52.207802; 24.356840;G
$;B;R  ;BRO; Барановичи          ; BARANOVICHI :)  ; 515 ; 5337 ;123 ;    ; 5100 ; 5337 ;123 56   ;;;;11.12.07 ; Промышленная 33     ; Завод автоматических линий, трубостойки   ; 53.160699; 26.019208;G
$;B;R  ;BRO; Барановичи          ; BARANOVICHI :)  ; 515 ; 5339 ;123 ;4   ; 5100 ; 5339 ;1234     ;;;;29.11.08 ; Энтузиастов 30      ; труба котельной                           ; 53.135032; 26.071383;G
$;B;R  ;BRO; Ивацевичи           ; IVACEVICHI :)   ; 515 ; 5340 ;1237;    ; 5100 ; 5340 ;12345    ;;;;26.08.15 ; Механизаторов 7     ; общежитие лицея сельхозпроизводства, мачта; 52.714805; 25.322976;G
$;B;R  ;BRO; Береза              ; BEREZA :)       ; 515 ; 5341 ;123 ;    ; 5100 ; 5341 ;123  6   ;;;;26.01.09 ; Ленина 95           ; ДЮСШ N1, мачта                            ; 52.529569; 24.976296;G
$;B;R  ;BRO; Береза              ; BEREZA :)       ; 515 ; 5342 ;123 ;    ; 5100 ; 5342 ;12345    ;;;;26.01.09 ; Любарского 32       ; ТЦ "Северный", мачта                      ; 52.546560; 24.981650;G
$;B;R  ;BRO; Пинск               ; PINSK :)        ; 515 ; 5344 ;123 ;    ; 5100 ; 5344 ;123  6   ;;;;19.12.08 ; Калиновского 18     ; труба КСИ                                 ; 52.128790; 26.038460;G
$;B;R  ;BRO; Пинск               ; PINSK :)        ; 515 ; 5345 ;123 ;    ; 5100 ; 5345 ;123      ;;;;14.04.09 ; Федотова 30         ; общежитие, триподы                        ; 52.141988; 26.086253;G
$;B;R  ;BRO; Лунинец             ; LUNINETS :)     ; 515 ; 5346 ;123 ;    ; 5100 ; 5346 ;123 56   ;;;;01.02.09 ; Октябрьская 20      ; хлебозавод, мачта                         ; 52.258000; 26.806950;G
$;B;R  ;BRO; Лунинец             ; LUNINETS :)     ; 515 ; 5347 ;123 ;    ; 5100 ; 5347 ;1234     ;;;;01.02.09 ; Западная 25         ; башня РЭС?                                ; 52.255982; 26.787934;G
$;B;R  ;BRO; Барановичи          ; BARANOVICHI :)  ; 515 ; 5349 ;123 ;    ;      ;      ;         ;;;;01.02.09 ; Советская 41        ; труба ТЭЦ сверху                          ; 53.142684; 26.011151;G
$;B;R  ;BRO; Морозовичи          ; MOROZOVICHI :)  ; 515 ; 5350 ;123 ;    ;      ;      ;         ;;;;07.04.08 ; Брестский р-н       ; мачта (башня) УП "МС"?                    ; 52.299200; 23.523400;G*
$;B;R  ;BRO; Высокое             ;                 ; 515 ; 5351 ;123 ;4   ;      ;      ;         ;;;;17.06.10 ; Каменецкий р-н      ; Ленина? общежитие ГСПТК, мачта? *питон*   ; 52.370700; 23.370650;G*w
$;B;R  ;BRO; Каменец             ; KAMENEC :)      ; 515 ; 5352 ;123 ;    ; 5100 ; 5352 ;123      ;;;;07.04.08 ; пер.Маяковского?    ; труба?                                    ; 52.399220; 23.830780;G*
$;B;R  ;BRO; Барановичи          ;                 ; 515 ; 5353 ;123 ;456 ; 5100 ; 5353 ;123456   ;;;;12.12.11 ; Советская 81        ; РУЭС, башня 40м                           ; 53.12759 ; 26.02173 ;G
$;B;R  ;BRO; Белоозерск          ; BELOOZERSK :)   ; 515 ; 5356 ;123 ;    ;      ;      ;         ;;;;14.07.10 ; Березовский р-н     ; Шоссейная 6, ГРЭС, труба                  ; 52.454143; 25.193534;G
$;B;R  ;BRO; Ляховичи            ; LIAHOVICHI :)   ; 515 ; 5358 ;123 ;    ;      ;      ;         ;;;;26.01.09 ; Пушкина 7           ; ЦРБ, мачта                                ; 53.049092; 26.269792;G
$;B;R  ;BRO; Ляховичи            ; LJAHOVICHI :)   ; 515 ; 5359 ;123 ;    ; 5100 ; 5359 ;123456   ;;;;26.01.09 ; Южакова 16          ; магазин "Восток", мачта                   ; 53.036594; 26.271950;G
$;B;R  ;BRO; Пружаны             ; PRUZHANY :)     ; 515 ; 5361 ;123 ;45  ; 5100 ; 5361 ;  3      ;;;;12.09.08 ; Советская 13        ; универмаг, мачта                          ; 52.557785; 24.455135;G
$;B;R  ;BRO; Пружаны             ; PRUZHANY :)     ; 515 ; 5362 ;123 ;    ;      ;      ;         ;;;;12.09.08 ; Заводская 4         ; Завод радиодеталей, труба                 ; 52.565900; 24.476990;G*
$;B;R  ;BRO; Малорита            ; MALORITA :)     ; 515 ; 5363 ;123 ;    ; 5100 ; 5363 ;12       ;;;;27.02.09 ; Лермонтова 10/1     ; труба котельной ЖКХ                       ; 51.790560; 24.069790;G
$;B;R  ;BRO; Барановичи          ; BARANOVICHI :)  ; 515 ; 5365 ;123 ;  6 ; 5100 ; 5365 ;123456   ;;;;11.12.07 ; Ленина 30           ; общежитие РУП "Баравчанка", мачта         ; 53.132341; 26.036396;G
$;B;R  ;BRO; Большая Курница   ;BOLSHAJA KURNICA :); 505 ; 5367 ;123 ;    ;      ;      ;         ;;;;19.10.08 ; Брестский р-н       ; территория фермы, башня 72м               ; 52.176050; 23.741265;G
$;B;R  ;BRO; Дрогичин            ; DROGICHIN :)    ; 515 ; 5368 ;123 ;    ; 5100 ; 5368 ;123 56   ;;;;07.04.09 ; 9 Мая 40            ; ЦРБ, мачта                                ; 52.192655; 25.162910;G
$;B;R  ;BRO; Иваново             ; IVANOVO :)      ; 515 ; 5370 ;123 ;    ; 5100 ; 5370 ;123      ;;;;01.05.09 ; пл. Октября 10      ; ФОК, мачта                                ; 52.148090; 25.534350;G
$;B;R  ;BRO; Пинск               ; PINSK :)        ; 515 ; 5372 ;123 ;    ; 5100 ; 5372 ;123      ;;;;11.11.08 ; Рокоссовского 15А   ; башня 72м ВГТРК "Варяг"                   ; 52.130075; 26.110065;G
$;B;R  ;BRO; Ганцевичи           ; GANCEVICHI :)   ; 515 ; 5373 ;123 ;    ;      ;      ;         ;;;;26.01.09 ; Красноармейская?    ; башня? (или КПД, труба) *питон*           ; 52.743840; 26.434730;Y*
$;B;R  ;BRO; Вискули             ; VISKULI :)      ; 515 ; 5376 ;123 ;    ;      ;      ;         ;;;;29.06.10 ; Пружанский р-н      ; башня спецсвязи                           ; 52.620788; 23.956013;G
$;B;R  ;BRO; Давид-Городок       ;                 ; 515 ; 5377 ;123 ;    ;      ;      ;         ;;;;14.03.09 ; Столинский р-н   ; Калинина 65, электромеханический завод, мачта; 52.054815; 27.191370;G
$;B;R  ;BRO; Коссово             ; KOSSOVO :)      ; 515 ; 5380 ;123 ;    ;      ;      ;         ;;;;10.07.09 ; Ивацевичский р-н    ; универмаг, мачта                          ; 52.757651; 25.153421;G
$;B;R  ;BRO; Жабинка             ; ZHABINKA :)     ; 515 ; 5381 ;123 ;    ;      ;      ;         ;;;;04.12.08 ; Калинина 1          ; Сахарный завод, труба                     ; 52.185625; 23.971815;G
$;B;R  ;BRO; Пинск               ; PINSK :)        ; 515 ; 5382 ;123 ;    ; 5100 ; 5382 ;123      ;;;;12.11.08 ;Днепровской флотилии 31; гостиница "Припять", мачта              ; 52.115040; 26.114070;G
$;B;R  ;BRO; Пинск               ; PINSK :)        ; 515 ; 5383 ;123 ;    ; 5100 ; 5383 ;1 3  6   ;;;;26.12.08 ; Переборная 1А       ; Пинские теплосети, труба                  ; 52.107900; 26.077100;G
$;B;R  ;BRO; Речица/Столин       ; STOLIN :)       ; 515 ; 5384 ;123 ;    ;      ;      ;         ;;;;14.03.09 ; Столинский р-н      ; башня 72м (совм.? с кем?)                 ; 51.883300; 26.790280;G
$;B;R  ;BRO; Городище            ;                 ; 515 ; 5386 ;123 ;    ;      ;      ;         ;;;;20.09.09 ; Барановичский р-н   ; Едунова 6, мачта                          ; 53.328141; 26.005371;G
$;B;R  ;BRO; Ганцевичи           ; GANCEVICHI :)   ; 515 ; 5388 ;123 ;    ; 5100 ; 5388 ;12345    ;;;;26.01.09 ; Октябрьская 12      ; РайПО, мачта                              ; 52.761473; 26.425300;G
$;B;R  ;BRO; Телеханы            ; TELEHANY :)     ; 515 ; 5389 ;123 ;    ;      ;      ;         ;;;;22.04.10 ; Ивацевичский р-н    ; Р6, башня 72м                             ; 52.514460; 25.859510;G
$;B;R  ;BRO; Логишин             ; LOGISHIN :)     ; 515 ; 5391 ;123 ;    ;      ;      ;         ;;;;03.12.09 ; Пинский р-н         ; торговый дом                              ; 52.339477; 25.987422;G
$;B;R  ;BRO; Дивин?              ;                 ; 515 ; 5392 ;  3 ;    ;      ;      ;         ;;;;25.01.12 ; Кобринский р-н      ; башня *питон*                             ; 51.956050; 24.555420;G
$;B;R  ;BRO; Медно               ; MEDNO :)        ; 515 ; 5393 ;123 ;    ;      ;      ;         ;;;;16.02.10 ; Брестский р-н       ; башня 72м                                 ; 51.866370; 23.746260;G
$;B;R  ;BRO; Великорита          ; VELIKORITA :)   ; 515 ; 5394 ;123 ;    ;      ;      ;         ;;;;16.02.10 ; Малоритский р-н     ; Р17, башня 60м                            ; 51.928946; 24.062019;G
$;B;R  ;BRO; Молочки             ; MOLOCHKI :)     ; 515 ; 5395 ;123 ;    ;      ;      ;         ;;;;09.07.10 ; Пружанский р-н      ; Р85, башня 72м                            ; 52.842737; 24.834793;G
$;B;R  ;BRO; Кобрин              ; KOBRIN :)       ; 515 ; 5397 ;123 ;    ; 5100 ; 5397 ;12345    ;;;;28.10.08 ; Пролетарская 121    ; общежитие завода "СИТОМО", мачта *питон*  ; 52.219300; 24.343295;G
$;B;R  ;BRO; Барановичи          ; BARANOVICHI :)  ; 515 ; 5398 ;123 ;    ; 5100 ; 5398 ;123  6   ;;;;29.11.08 ; 50 лет ВЛКСМ 3      ; общежитие, мачта                          ; 53.116368; 26.03675 ;G
$;B;R  ;BRO; Барановичи          ; BARANOVICHI :)  ; 515 ; 5399 ;123 ;    ; 5100 ; 5399 ;123456   ;;;;01.02.09 ; Советская 82        ; гостиница "Горизонт", трубостойки         ; 53.132292; 26.015806;G
$;B;R  ;BRO; Пинск               ; PINSK :)        ; 515 ; 5405 ;123 ;    ; 5100 ; 5405 ;123      ;;;;13.08.15 ; Железнодорожная 56  ; дом быта, мачта                           ; 52.120941; 26.090845;G
$;B;R  ;BRO; Лунинец             ; LUNINETS :)     ; 515 ; 5406 ;123 ;    ; 5100 ; 5406 ;12 4     ;;;;01.02.09 ; Припятская 19а      ; труба котельной                           ; 52.241560; 26.798750;G
$;B;R  ;BRO; Береза              ; BEREZA :)       ; 515 ; 5410 ;123 ;    ; 5100 ; 5410 ;123 5    ;;;;07.02.09 ; Красноармейская 26  ; ТЦ "Солнечный", мачта                     ; 52.535007; 24.980657;G
$;B;R  ;BRO; Бытень              ; BYTEN :)        ; 515 ; 5411 ;123 ;    ;      ;      ;         ;;;;06.02.09 ; Ивацевичский р-н    ; РТПС                                      ; 52.859272; 25.498517;G
$;B;R  ;BRO; Барановичи          ; BARANOVICHI :)  ; 515 ; 5413 ;123 ;    ; 5100 ; 5413 ;1234     ;;;;17.05.09 ; Колхозная 9         ; ТД "ДОР ОРС", мачта                       ; 53.120022; 25.967506;G
$;B;R  ;BRO; Пинск               ; PINSK :)        ; 515 ; 5414 ;123 ;    ; 5100 ; 5414 ;123      ;;;;29.12.08 ; Молодежная 97       ; почта N10, мачта                          ; 52.132171; 26.078002;G
$;B;R  ;BRO; Кобрин              ; KOBRIN :)       ; 515 ; 5415 ;123 ;    ; 5100 ; 5415 ;1234     ;;;;28.03.09 ; Настасича 16        ; общежитие, военный городок, мачта         ; 52.232170; 24.378150;G
$;B;R  ;BRO; Бронная Гора        ; BRONNAJA GORA :); 515 ; 5417 ;123 ;    ;      ;      ;         ;;;;13.07.09 ; Березовский р-н     ; недостроенная столовая в/ч, мачта         ; 52.610000; 25.077450;G
$;B;R  ;BRO; Ивацевичи           ; IVATSEVICHI :)  ; 515 ; 5419 ;123 ;    ; 5100 ; 5419 ;12345678 ;;;;26.08.15 ; Заслонова 6         ; РайПО, мачта                              ; 52.710366; 25.345822;G
$;B;R  ;BRO; Белоозерск          ; BELOOZERSK :)   ; 515 ; 5420 ;123 ;    ;      ;      ;         ;;;;04.02.10 ; Березовский р-н     ; Шоссейная 5, обувная фабрика, мачта       ; 52.472610; 25.186666;G
$;B;R  ;BRO; Белоозерск          ; BELOOZERSK :)   ; 515 ; 5421 ;123 ;    ; 5100 ; 5421 ;123      ;;;;14.04.10 ; Березовский р-н     ; Ленина 50, БТК, столб                     ; 52.473162; 25.171819;G
$;B;R  ;BRO; Купичи              ;                 ; 515 ; 5430 ;12  ;    ;      ;      ;         ;;;;23.08.11 ; Пружанский р-н      ; башня *питон*                             ; 52.589900; 24.183220;G
$;B;R  ;BRO; Пески               ;                 ; 515 ; 5431 ;1   ;    ;      ;      ;         ;;;;14.18.10 ; Пружанский р-н      ; башня 72м *питон*                         ; 52.704450; 24.330620;G
$;B;R  ;BRO; Линово              ; LINOVO :)       ; 515 ; 5432 ;123 ;    ;      ;      ;         ;;;;14.07.10 ; Пружанский р-н      ; башня 72м                                 ; 52.477577; 24.523337;G
$;B;R  ;BRO; Шакуны              ; SHAKUNY :)      ; 515 ; 5433 ;123 ;    ;      ;      ;         ;;;;25.06.10 ; Пружанский р-н      ; башня 40м                                 ; 52.486352; 24.357386;G  
$;B;R  ;BRO; Смоляница           ;                 ; 515 ; 5434 ;123 ;    ;      ;      ;         ;;;;09.07.10 ; Пружанский р-н      ; Р85, башня 72м                            ; 52.695320; 24.644940;G
$;B;R  ;BRO; Ружаны              ; RUZHANY :)      ; 515 ; 5436 ;123 ;    ; 5100 ; 5436 ;123      ;;;;27.02.09 ; Пружанский р-н      ; Советская 1, универмаг, мачта             ; 52.865621; 24.891415;G
$;B;R  ;BRO; Мицкевичи           ; MICKEVICHI :)   ; 515 ; 5437 ;123 ;    ;      ;      ;         ;;;;02.03.11 ; Барановичский р-н   ; башня 70м                                 ; 53.285782; 25.757633;G
$;B;R  ;BRO; Кобелка             ; KOBELKA :)      ; 515 ; 5438 ;123 ;    ;      ;      ;         ;;;;18.06.10 ; Брестский р-н       ; опорная мачта                             ; 51.744985; 23.618675;G
$;B;R  ;BRO; Мухавец             ; BREST :)        ; 505 ; 5439 ;123 ;    ;      ;      ;         ;;;;15.03.12 ; Брестский р-н       ; башня 72м                                 ; 52.024155; 23.833215;G
$;B;R  ;BRO; Гончары             ; GONCHARY :)     ; 515 ; 5440 ;123 ;    ;      ;      ;         ;;;;22.04.10 ; Ляховичский р-н     ; башня 70м                                 ; 52.958954; 26.307302;G
$;B;R  ;BRO; Овсемирово          ; OVSEMIROVO :)   ; 515 ; 5441 ;123 ;    ;      ;      ;         ;;;;07.05.11 ; Столинский р-н      ; башня                                     ; 51.991315; 26.494900;G
$;B;R  ;BRO; Черняны             ; CHERNJANY :)    ; 515 ; 5442 ;123 ;    ;      ;      ;         ;;;;19.10.10 ; Малоритский р-н     ; башня 72м                                 ; 51.981510; 24.225920;Y
$;B;R  ;BRO; Мокраны             ; MOKRANY :)      ; 515 ; 5443 ;123 ;    ;      ;      ;         ;;;;16.02.10 ; Малоритский р-н     ; погранпереход РБ-Украина, башня 40м       ; 51.831171; 24.259511;G
$;B;R  ;BRO; Никольское          ; NIKOL'SKOE :)   ; 515 ; 5444 ;123 ;    ;      ;      ;         ;;;;16.02.10 ; Малоритский р-н     ; башня 40м                                 ; 51.715175; 23.973155;G
$;B;R  ;BRO; Верхолесье          ; VERHOLES'E :)   ; 515 ; 5445 ;123 ;    ;      ;      ;         ;;;;16.02.10 ; Кобринский р-н      ; башня                                     ; 52.078740; 24.300070;G
$;B;R  ;BRO; Козики              ; KOZIKI :)       ; 515 ; 5446 ;123 ;    ;      ;      ;         ;;;;22.04.10 ; Ивацевичский р-н    ; Р6, башня 72м                             ; 52.614890; 25.561510;G
$;B;R  ;BRO; Киватичи            ; KIVATICHI :)    ; 515 ; 5447 ;123 ;    ;      ;      ;         ;;;;11.01.11 ; Кобринский р-н      ; башня                                     ; 52.357020; 24.153610;G
$;B;R  ;BRO; Завинье             ; ZAVIN'E :)      ; 515 ; 5448 ;123 ;    ;      ;      ;         ;;;;23.06.10 ; Ляховичский р-н     ; Р43, башня 72м                            ; 52.941707; 26.035731;G
$;B;R  ;BRO; Войская             ; VOJSKAJA :)     ; 515 ; 5449 ;123 ;    ;      ;      ;         ;;;;13.04.10 ; Каменецкий р-н      ; башня                                     ; 52.411240; 23.627890;G
$;B;R  ;BRO; Каменюки            ; KAMENUKI :)     ; 515 ; 5450 ;123 ;    ;      ;      ;         ;;;;20.09.11 ; Каменецкий р-н      ; башня A1                              ; 52.555977; 23.798645;G
$;B;R  ;BRO; Мальковичи          ; MALKOVICHI :)   ; 515 ; 5451 ;1237;    ;      ;      ;         ;;;;13.04.10 ; Ганцевичский р-н    ; башня                                     ; 52.515100; 26.601200;Y
$;B;R  ;BRO; Денисковичи         ; DENISKOVICHI :) ; 515 ; 5452 ;123 ;    ;      ;      ;         ;;;;26.07.10 ; Ганцевичский р-н    ; башня                                     ; 52.739410; 26.679910;Y
$;B;R  ;BRO; Пелище              ; PELICHE :)      ; 515 ; 5453 ;123 ;    ;      ;      ;         ;;;;25.04.10 ; Каменецкий р-н      ; башня                                     ; 52.337640; 23.902790;G
$;B;R  ;BRO; Кабаки              ; KABAKI :)       ; 515 ; 5454 ;123 ;    ;      ;      ;         ;;;;10.07.09 ; Березовский р-н     ; башня 40м                                 ; 52.494064; 24.771284;G
$;B;R  ;BRO; Павлиново           ; PAVLINOVO :)    ; 515 ; 5456 ;123 ;    ;      ;      ;         ;;;;13.07.09 ; Барановичский р-н   ; опорная мачта                             ; 53.029155; 25.818810;Y
$;B;R  ;BRO; Чудин               ;                 ; 515 ; 5457 ;12  ;    ;      ;      ;         ;;;;25.06.10 ; Ганцевичский р-н    ; башня                                     ; 52.725945; 26.969065;Y*w
$;B;R  ;BRO; Большие Чучевичи    ;                 ; 515 ; 5458 ;  3 ;    ;      ;      ;         ;;;;24.06.17 ; Лунинецкий р-н      ; башня                                     ; 52.571285; 26.860845;Y
$;B;R  ;BRO; Столин              ; STOLIN :)       ; 515 ; 5459 ;123 ;    ;      ;      ;         ;;;;12.01.09 ; пл. 17 Сентября 3   ; баня, мачта                               ; 51.887850; 26.842760;G
$;B;R  ;BRO; Барановичи          ; BARANOVICHI :)  ; 515 ; 5460 ;123 ;    ; 5100 ; 5460 ;12345    ;;;;13.07.09 ; Кирова 62           ; ДК "Текстильщик", красные трубостойки     ; 53.147156; 26.041718;G
$;B;R  ;BRO; Черни               ; CHERNI :)       ; 505 ; 5461 ;123 ;    ; 5000 ; 5461 ;1234 6   ;;;;03.05.09 ; Брестский р-н       ; магазин, мачта                            ; 52.149230; 23.754241;G
$;B;R  ;BRO; Пинск               ; PINSK :)        ; 515 ; 5462 ;123 ;    ; 5100 ; 5462 ;123      ;;;;15.12.10 ; Брестская 56        ; детская библиотека, мачта                 ; 52.112780; 26.087415;G
$;B;R  ;BRO; Пинск               ; PINSK :)        ; 515 ; 5463 ;123 ;    ; 5100 ; 5463 ;1234     ;;;;22.06.09 ; Костюшко 44         ; магазин N24, мачта                        ; 52.141445; 26.113375;G
$;B;R  ;BRO; Пинск               ; PINSK :)        ; 515 ; 5464 ;123 ;  6 ; 5100 ; 5464 ;123      ;;;;02.10.09 ; Революционная 20    ; лицей                                     ; 52.119000; 26.068620;G
$;B;R  ;BRO; Пинск               ; PINSK :)        ; 515 ; 5465 ;    ;4   ; 5100 ; 5465 ;123      ;;;;13.04.09 ; Центральная 13А     ; почта, мачта                              ; 52.136190; 26.103540;G
$;B;R  ;BRO; Пинск               ; PINSK :)        ; 515 ; 5466 ;123 ;    ; 5100 ; 5466 ;1234     ;;;;18.03.09 ; ИПД 61              ; Гидросельмаш, мачта                       ; 52.126270; 26.126300;G*w
$;B;R  ;BRO; Пинск               ; PINSK :)        ; 515 ; 5467 ;    ;456 ; 5100 ; 5467 ;123 5    ;;;;13.04.09 ; Сосновая 5          ; башня 40м                                 ; 52.127256; 26.064199;G
$;B;R  ;BRO; Барановичи          ; BARANOVICHI :)  ; 515 ; 5468 ;123 ;    ; 5100 ; 5468 ;123      ;;;;31.08.10;Зй пер.Вильчковского 17;Барановичский райагросервис, башня 40м    ; 53.137149; 25.979451;G
$;B;R  ;BRO; Барановичи          ; BARANOVICHI :)  ; 515 ; 5469 ;    ;456 ; 5100 ; 5469 ;123456   ;;;;20.09.09 ; Советская 134       ; общ. колледжа легкой промышленности, мачта; 53.123425; 26.023001;G
$;B;R;BRO;Каменица-Жировецкая;KAMENICA ZHIROVECKAJA :);505;5470 ;123 ;    ; 5000 ; 5470 ;12345 78 ;;;;16.04.10 ; Брестский р-н       ; экспортно-имп. пункт, опорная мачта       ; 52.062167; 23.792281;G
$;B;R  ;BRO; Барановичи          ; BARANOVICHI :)  ; 515 ; 5473 ;123 ;    ; 5100 ; 5473 ;123 56   ;;;;15.10.09 ; Брестская 284/2     ; мкр-н Тексер, мачта                       ; 53.109867; 25.969196;G
$;B;R  ;BRO; Барановичи          ;                 ; 515 ; 5474 ;123 ;    ; 5100 ; 5474 ;123      ;;;;29.12.12 ; 50 лет ВЛКСМ 38     ; напротив общежития "Торгмаш",опорная мачта; 53.113721; 26.017701;G
$;B;R  ;BRO; Барановичи          ; BARANOVICHI :)  ; 515 ; 5475 ;    ;456 ; 5100 ; 5475 ;123456   ;;;;13.07.09 ; Жукова 16           ; Белтелеком, ПКП-4, мачта                  ; 53.152082; 26.002101;G
$;B;R  ;BRO; Тельмы              ; TELMY :)        ; 505 ; 5477 ;123 ;    ; 5000 ; 5477 ;123456   ;;;;20.09.09 ; Брестский р-н       ; магазин                                   ; 52.114835; 23.833594;G
$;B;R  ;BRO; Микашевичи/Ситница  ; MIKASHEVICHI :) ; 515 ; 5478 ;123 ;    ;      ;      ;         ;;;;30.04.11 ; Лунинецкий р-н      ; РУПП "Гранит" *питон*                     ; 52.211275; 27.400800;*
$;B;R  ;BRO; Белоозерск          ; BELOOZERSK :)   ; 515 ; 5479 ;123 ;    ;      ;      ;         ;;;;17.06.10 ; Березовский р-н     ; Ленина 34, Дворец Культуры, мачта         ; 52.469286; 25.178940;G
$;B;R  ;BRO; Барановичи          ; BARANOVICHI :)  ; 515 ; 5482 ;123 ;    ; 5100 ; 5482 ;12345    ;;;;28.01.11 ; Бадака 19А          ; гараж ПМК-1, мачта                        ; 53.121796; 25.947711;G
$;B;R  ;BRO; Береза              ; BEREZA :)       ; 515 ; 5484 ;123 ;    ;      ;      ;         ;;;;26.10.10 ; Кольцевая 3         ; Берёзовская ПМС, столб                    ; 52.519568; 24.971929;Y
$;B;R  ;BRO; Береза              ; BEREZA :)       ; 515 ; 5485 ;123 ;    ;      ;      ;         ;;;;17.06.10 ; Свердлова 4         ; магазин, мачта                            ; 52.539797; 24.993784;G
$;B;R  ;BRO; Береза              ; BEREZA :)       ; 515 ; 5486 ;123 ;    ;      ;      ;         ;;;;15.07.10 ; Свердлова 83        ; магазин N10 "Родны Кут", мачта            ; 52.540148; 24.978892;G
$;B;R  ;BRO; Дрогичин            ; DROGICHIN :)    ; 515 ; 5497 ;123 ;    ;      ;      ;         ;;;;17.06.10 ; 9 мая 40?           ; ЦРБ, мачта? *питон*                       ; 52.192560; 25.163780;G*w
$;B;R  ;BRO; Иваново             ; IVANOVO :)      ; 515 ; 5499 ;123 ;    ;      ;      ;         ;;;;17.06.10 ; ?                   ; ?                                         ; 52.146154; 25.534158;*
$;B;R  ;BRO; Ляховичи            ; LJAHOVICHI :)   ; 515 ; 5500 ;123 ;    ;      ;      ;         ;;;;17.06.10 ; Орловского 14       ; льносемстанция, мачта                     ; 53.034980; 26.241255;G
$;B;R  ;BRO; Пружаны             ; PRUZHANY :)     ; 515 ; 5502 ;12  ;    ;      ;      ;         ;;;;15.07.10 ; ?                   ; на западе города                          ;          ;          ;
$;B;R  ;BRO; Пружаны             ; PRUZHANY :)     ; 515 ; 5503 ;123 ;    ;      ;      ;         ;;;;15.07.10 ; ?                   ; на юге города                             ;          ;          ;
$;B;R  ;BRO; Кобрин              ; KOBRIN :)       ; 515 ; 5504 ;123 ;    ; 5100 ; 5504 ;123 5    ;;;;17.06.10 ; Дзержинского 58     ; общ. политехнического колледжа, мачта     ; 52.202552; 24.337358;Y
$;B;R  ;BRO; Береза              ; BEREZA :)       ; 515 ; 5506 ;    ;456 ;      ;      ;         ;;;;15.07.10 ; Комсомольская 16    ; Берёзовский мотороремонтный завод, мачта  ; 52.525262; 24.959516;Y
$;B;R  ;BRO; Береза              ; BEREZA :)       ; 515 ; 5507 ;123 ;    ;      ;      ;         ;;;;19.11.10 ; Советская 80        ; машинный двор ф-ла "Луч" ОАО"БСК", столб  ; 52.525279; 24.987765;G
$;B;R  ;BRO; Страдечь            ; STRADECH' :)    ; 515 ; 5510 ;123 ;    ;      ;      ;         ;;;;14.08.10 ; Брестский р-н       ; опорная мачта                             ; 51.940000; 23.680915;G
$;B;R  ;BRO; Комаровка           ;                 ; 515 ; 5511 ;123 ;    ;      ;      ;         ;;;;04.03.13 ; Брестский р-н       ; башня                                     ; 51.567735; 23.601400;G
$;B;R  ;BRO; Большие Мотыкалы ;BOL'SHIE MOTYKALY :); 515 ; 5513 ;123 ;    ;      ;      ;         ;;;;29.07.10 ; Брестский р-н       ; опорная мачта                             ; 52.203820; 23.586375;G
$;B;R  ;BRO; Дмитровичи/Внучки   ;                 ; 515 ; 5514 ;123 ;    ;      ;      ;         ;;;;18.01.11 ; Каменецкий р-н      ; опорная мачта                             ; 52.484400; 23.760230;G
$;B;R  ;BRO; Дубовое             ;                 ; 515 ; 5515 ;123 ;    ;      ;      ;         ;;;;27.03.17 ; Каменецкий р-н      ; башня A1 72м *питон*                      ; 52.260250; 23.297070;G
$;B;R  ;BRO; Рогозно             ; ROGOZNO :)      ; 515 ; 5516 ;123 ;    ;      ;      ;         ;;;;25.01.07 ; Жабинковский р-н    ; опорная мачта 40м                         ; 52.157930; 24.090130;G
$;B;R  ;BRO; Повитье             ;                 ; 515 ; 5517 ;1 3 ;    ;      ;      ;         ;;;;14.02.12 ; Кобринский р-н      ; башня 40м? *питон*                        ; 51.979530; 24.758235;G*w
$;B;R  ;BRO; Близная             ; BLIZNAJA :)     ; 515 ; 5518 ;123 ;    ;      ;      ;         ;;;;03.04.14 ; Пружанский р-н      ; башня 72м                                 ; 52.927840; 24.965770;G 
$;B;R  ;BRO; Верховичи?          ;                 ; 515 ; 5519 ; 23 ;    ;      ;      ;         ;;;;24.09.16 ; Каменецкий р-н      ; башня 72м? *питон*                        ; 52.465785; 23.515730;G*w
$;B;R  ;BRO; Большое Малешево    ;                 ; 515 ; 5520 ;123 ;    ;      ;      ;         ;;;;30.04.11 ; Столинский р-н      ; опорная мачта                             ; 52.069380; 27.514070;Y
$;B;R  ;BRO; Ольшаны             ;                 ; 515 ; 5521 ;    ;    ;      ;      ;         ;;;;27.03.17 ; Столинский р-н      ; башня или опорная мачта? *питон*          ; 52.077710; 27.333220;*
$;B;R  ;BRO; Бережное            ; BEREZHNOE :)    ; 515 ; 5522 ;123 ;    ;      ;      ;         ;;;;05.02.11 ; Столинский р-н      ; башня                                     ; 52.000940; 27.005810;G
$;B;R  ;BRO; Рубель              ; RUBEL' :)       ; 515 ; 5523 ;123 ;    ;      ;      ;         ;;;;06.03.11 ; Столинский р-н      ; опорная мачта? *питон*                    ; 51.973025; 27.079240;Y*w
$;B;R  ;BRO; Белоуша             ; BELOUSHA :)     ; 515 ; 5524 ;123 ;    ;      ;      ;         ;;;;05.02.11 ; Столинский р-н      ; опорная мачта *питон*                     ; 51.943210; 26.915640;G
$;B;R  ;BRO; Маньковичи          ;                 ; 515 ; 5525 ;123 ;    ;      ;      ;         ;;;;02.10.11 ; Столинский р-н      ; опорная мачта *питон*                     ; 51.913040; 26.873275;G
$;B;R  ;BRO; Ольманы             ;                 ; 515 ; 5526 ;  3 ;    ;      ;      ;         ;;;;14.02.12 ; Столинский р-н      ; опорная мачта                             ; 51.813023; 27.066667;Y
$;B;R  ;BRO; Речица              ; RECHICA :)      ; 515 ; 5527 ;123 ;    ;      ;      ;         ;;;;21.08.11 ; Столинский р-н      ; опорная мачта *питон*                     ; 51.861015; 26.777805;G
$;B;R  ;BRO; Глинка              ;                 ; 515 ; 5528 ;123 ;    ;      ;      ;         ;;;;02.10.11 ; Столинский р-н      ; башня 72м                                 ; 51.931260; 26.680770;G
$;B;R  ;BRO; Стахово             ; STAHOVO :)      ; 515 ; 5530 ;123 ;    ;      ;      ;         ;;;;30.04.11 ; Столинский р-н      ; башня 72м                                 ; 52.074570; 26.714750;G
$;B;R  ;BRO; Федоры              ; FEDORY :)       ; 515 ; 5531 ;123 ;    ;      ;      ;         ;;;;07.05.11 ; Столинский р-н      ; опорная мачта                             ; 51.943925; 26.409495;G
$;B;R  ;BRO; Святая Воля         ;SVJATAJA VOLJA :); 515 ; 5532 ;123 ;    ;      ;      ;         ;;;;02.06.11 ; Ивацевичский р-н    ; башня 72м                                 ; 52.538855; 25.676185;G 
$;B;R  ;BRO; Кнубово             ;                 ; 515 ; 5533 ;123 ;    ;      ;      ;         ;;;;21.08.11 ; Пинский р-н         ; башня 72м                                 ; 52.052550; 26.175610;G
$;B;R  ;BRO; Невель              ; NEVEL' :)       ; 515 ; 5534 ;123 ;    ;      ;      ;         ;;;;04.10.11 ; Пинский р-н         ; башня 50м                                 ; 51.930880; 25.856140;G
$;B;R  ;BRO; Заречка             ;                 ; 515 ; 5535 ;1 3 ;    ;      ;      ;         ;;;;14.02.12 ; Дрогичинский р-н    ; башня *питон*                             ; 52.048650; 25.128990;G
$;B;R  ;BRO; Бездеж              ;                 ; 515 ; 5536 ;123 ;    ;      ;      ;         ;;;;04.08.11 ; Дрогичинский р-н    ; башня 72м *питон*                         ; 52.319220; 25.296560;G
$;B;R  ;BRO; Дребск              ; DREBSK :)       ; 515 ; 5537 ;123 ;    ;      ;      ;         ;;;;14.08.10 ; Лунинецкий р-н      ; опорная мачта? (или совм.башня)           ; 52.234765; 27.007185;G*w
$;B;R  ;BRO; Юхновичи            ; UHNOVICHI :)    ; 515 ; 5538 ;123 ;    ;      ;      ;         ;;;;14.08.10 ; Ивановский р-н      ; опорная мачта                             ; 52.109255; 25.723685;Y
$;B;R  ;BRO; Мохро               ;                 ; 515 ; 5539 ;1 3 ;    ;      ;      ;         ;;;;25.01.12 ; Ивановский р-н      ; башня *питон*                             ; 51.976400; 25.565710;Y
$;B;R  ;BRO; Богдановка          ; BOGDANOVKA :)   ; 515 ; 5540 ;123 ;    ;      ;      ;         ;;;;14.08.10 ; Лунинецкий р-н      ; опорная мачта                             ; 52.365470; 26.440890;Y
$;B;R  ;BRO; Красная Воля        ;KRASNAJA VOLJA :); 515 ; 5541 ;123 ;    ;      ;      ;         ;;;;26.07.10 ; Лунинецкий р-н      ; опорная мачта                             ; 52.369050; 27.052820;Y
$;B;R  ;BRO; Дятловичи           ; DJATLOVICHI :)  ; 515 ; 5542 ;123 ;    ;      ;      ;         ;;;;24.10.10 ; Лунинецкий р-н      ; опорная мачта                             ; 52.319670; 26.841456;G
$;B;R  ;BRO; Бостынь             ; BOSTYN :)       ; 515 ; 5543 ;123 ;    ;      ;      ;         ;;;;26.07.10 ; Лунинецкий р-н      ; опорная мачта                             ; 52.394785; 26.746345;G*w
$;B;R  ;BRO; Тобулки             ; TOBULKI :)      ; 515 ; 5544 ;123 ;    ;      ;      ;         ;;;;19.09.11 ; Пинский р-н         ; совм.башня                                ; 52.285880; 25.747340;Y
$;B;R  ;BRO; Ботово              ;                 ; 515 ; 5545 ;123 ;    ;      ;      ;         ;;;;19.09.11 ; Пинский р-н         ; башня                                     ; 52.333200; 26.295800;G*
$;B;R  ;BRO; Плоскинь            ;                 ; 515 ; 5546 ;12  ;    ;      ;      ;         ;;;;27.03.17 ; Пинский р-н         ; башня МТС 72м? *питон*                    ; 52.454620; 26.263532;*
$;B;R  ;BRO; Бульково            ; BULKOVO :)      ; 515 ; 5547 ;123 ;    ;      ;      ;         ;;;;30.04.11 ; Брестский р-н       ; башня                                     ; 52.118155; 23.939390;G
$;B;R  ;BRO; Песчатка            ; PESCHATKA:)     ; 515 ; 5548 ;123 ;    ;      ;      ;         ;;;;24.09.16 ; Каменецкий р-н   ; погранпереход РБ-Польша, ферма, опорная мачта; 52.472697; 23.377616;G
$;B;R  ;BRO; Малые Радваничи   ;MALYE RADVANICHI :); 515 ; 5549 ;123 ;    ;      ;      ;         ;;;;16.08.10 ; Брестский р-н       ; опорная мачта                             ; 52.033589; 23.987070;G
$;B;R  ;BRO; Радостово?          ;                 ; 515 ; 5550 ;1   ;    ;      ;      ;         ;;;;27.03.17 ; Дрогичинский р-н    ; опорная мачта? (чья?) *питон*             ; 51.973140; 24.940160;G*w
$;B;R  ;BRO; Миловиды            ;                 ; 515 ; 5551 ;1 3 ;    ;      ;      ;         ;;;;14.08.11 ; Барановичский р-н   ; башня *питон*                             ; 52.901970; 25.854770;G
$;B;R  ;BRO; Полонка             ; POLONKA :)      ; 515 ; 5552 ;123 ;    ;      ;      ;         ;;;;02.05.11 ; Барановичский р-н   ; башня 70м                                 ; 53.139917; 25.740221;G
$;B;R  ;BRO; Залужье             ;                 ; 515 ; 5553 ;    ;    ;      ;      ;         ;;;;13.10.17 ; Ляховичский р-н     ; опорная мачта                             ; 52.818240; 26.050040;G
$;B;R  ;BRO; Хотыничи            ;                 ; 515 ; 5554 ;12  ;    ;      ;      ;         ;;;;12.04.14 ; Ганцевичский р-н    ; башня *питон*                             ; 52.632540; 26.322100;G*
$;B;R  ;BRO; Люсино              ; LUSINO :)       ; 515 ; 5555 ;123 ;    ;      ;      ;         ;;;;14.03.13 ; Ганцевичский р-н    ; ?                                         ; 52.632829; 26.506500;*
$;B;R  ;BRO; Пинск               ; PINSK :)        ; 515 ; 5556 ;123 ;    ; 5100 ; 5556 ;123  6   ;;;;10.10.10 ; Брестская 137       ; завод "Камертон", мачта                   ; 52.112450; 26.051830;G
$;B;R  ;BRO; Приозерский         ; PRIOZERSKIJ :)  ; 515 ; 5557 ;123 ;    ;      ;      ;         ;;;;14.08.10 ; Каменецкий р-н      ; санаторий "Белая Вежа", мачта             ; 52.351435; 23.830815;G
$;B;R  ;BRO; Жабинка             ; ZHABINKA :)     ; 515 ; 5559 ;123 ;    ; 5100 ; 5559 ;1234     ;;;;25.07.10 ; Центральная 9       ; магазин "Родны Кут", мачта                ; 52.192550; 24.029600;G
$;B;R  ;BRO; Дрогичин            ; DROGICHIN :)    ; 515 ; 5560 ;123 ;    ;      ;      ;         ;;;;14.08.10 ; ?                   ; ?                                         ;          ;          ;
$;B;R  ;BRO; Микашевичи          ; MIKASHEVICHI :) ; 515 ; 5562 ;123 ;    ; 5100 ; 5562 ;123  6   ;;;;14.02.12 ; Лунинецкий р-н      ; Молодежная 5А, магазин, мачта             ; 52.221737; 27.493726;Y
$;B;R  ;BRO; Кобрин              ; KOBRIN :)       ; 515 ; 5563 ;123 ;    ; 5100 ; 5563 ;         ;;;;19.10.10 ; ?                   ; район хлебзавода, где МТС 4726            ;          ;          ;
$;B;R  ;BRO; Сосновый бор        ; SANATORIJ BUG :); 515 ; 5564 ;123 ;    ;      ;      ;         ;;;;19.10.10 ; Жабинковский р-н    ; санаторий "Буг", корпус N1, трипод        ; 52.188740; 24.129700;G
$;B;R  ;BRO; Барановичи          ; BARANOVICHI :)  ; 515 ; 5565 ;123 ;    ; 5100 ; 5565 ;123  6   ;;;;29.06.11 ; Грунтовая 45        ; Администрация ГАП-4, столб                ; 53.128620; 26.065418;G
$;B;R  ;BRO; Барановичи          ;                 ; 515 ; 5566 ;123 ; 56 ; 5100 ; 5566 ;1234 6   ;;;;14.08.11 ; Парковая 37         ; ТД "Для дома", мачта                      ; 53.141995; 26.06914 ;G
$;B;R  ;BRO; Барановичи          ; BARANOVICHI :)  ; 515 ; 5568 ;123 ;    ; 5100 ; 5568 ;123 56   ;;;;02.03.11 ; Горького 58         ; Центральная поликлиника, триподы          ; 53.130307; 25.999092;G
$;B;R  ;BRO; Пинск               ; PINSK :)        ; 515 ; 5569 ;123 ;    ; 5100 ; 5569 ;123      ;;;;18.06.11 ; Ж.Гуренковой 3      ; общежитие, мачта                          ; 52.133720; 26.122040;G*w
$;B;R  ;BRO; Пинск               ; PINSK :)        ; 515 ; 5570 ;123 ;    ; 5100 ; 5570 ;123      ;;;;18.06.11 ; Первомайская 61А    ; ТЦ "Реал", мачта                          ; 52.120280; 26.100290;G
$;B;R  ;BRO; Пинск               ; PINSK :)        ; 515 ; 5571 ;123 ;    ; 5100 ; 5571 ;123      ;;;;18.06.11 ; Ленина 22           ; Городской дом культуры                    ; 52.112619; 26.103825;G 
$;B;R  ;BRO; Пинск               ; PINSK :)        ; 515 ; 5572 ;123 ;    ; 5100 ; 5572 ;123      ;;;;18.06.11 ; Первомайская 111    ; ТП-164, мачта                             ; 52.126900; 26.098160;G
$;B;R  ;BRO; Пинск               ;                 ;     ;      ;    ;    ; 5100 ; 5573 ;123 5    ;;;;06.03.11 ; Парковая 160        ; ЦТП-70, мачта                             ; 52.130560; 26.068910;G
$;B;R  ;BRO; Барановичи          ; BARANOVICHI :)  ; 515 ; 5575 ;123 ;    ; 5100 ; 5575 ;123      ;;;;29.06.11 ; Р.Люксембург        ; автопаркинг "Восточный", столб            ; 53.128485; 26.081157;G
$;B;R  ;BRO; Барановичи          ; BARANOVICHI :)  ; 515 ; 5576 ;123 ; 56 ; 5100 ; 5576 ;123 56   ;;;;14.08.11 ; Тельмана 64         ; ТК "Радужный", триподы                    ; 53.131809; 26.056099;G
$;B;R  ;BRO; Барановичи          ;                 ; 515 ; 5577 ;123 ;    ; 5100 ; 5577 ;123  6   ;;;;01.08.12 ; Комсомольская 65    ; телекомпания "Интекс", башня 72м, снизу   ; 53.125670; 25.996685;G
$;B;R  ;BRO; Барановичи          ;                 ;     ;      ;    ;    ; 5100 ; 5578 ;12345    ;;;;13.02.11 ; Тельмана 165        ; магазин "Евроопт", мачта                  ; 53.131067; 26.073571;G
$;B;R  ;BRO; Жемчужный           ; ZHEMCHUZHNYJ :) ; 515 ; 5579 ;123 ;    ;      ;      ;         ;;;;28.01.11 ; Барановичский р-н   ; Парковая 1, ФОЦ, мачта                    ; 53.137980; 25.880030;G
$;B;R  ;BRO; Пинск               ; PINSK :)        ; 515 ; 5580 ;123 ;    ; 5100 ; 5580 ;123      ;;;;18.06.11 ; Степная 21          ; адм.здание ОАО "Полесье", мачта           ; 52.136500; 26.091000;G
$;B;R  ;BRO; Горск               ;                 ; 515 ; 5581 ;123 ;    ;      ;      ;         ;;;;28.06.15 ; Березовский р-н     ; башня 72м                                 ; 52.402840; 24.737315;Y
$;B;R  ;BRO; Барановичи          ;                 ; 515 ; 5586 ;123 ;4 6 ; 5100 ; 5586 ;123 5    ;;;;16.02.12 ; 50 лет БССР 82Б     ; автостоянка, совместная башня 40м         ; 53.110331; 25.994124;G
$;B;R  ;BRO; Барановичи          ; BARANOVICHI :)  ; 515 ; 5590 ;123 ;    ; 5100 ; 5590 ;12345678 ;;;;14.03.13 ; Войкова 23          ; склады, мачта                             ; 53.122740; 26.041723;G
$;B;R  ;BRO; Пинск               ;                 ;     ;      ;    ;    ; 5100 ; 5595 ;123  678 ;;;;24.09.12 ; Пушкина 21          ; общежитие N4 ПГАТК                        ; 52.121235; 26.113905;G*w
$;B;R  ;BRO; Пинск               ;                 ;     ;      ;    ;    ; 5100 ; 5596 ;123      ;;;;23.10.12 ; Костюшко 11         ; СТО, мачта                                ; 52.142110; 26.103330;G
$;B;R  ;BRO; Любань              ; LUBAN :)        ; 515 ; 5599 ;123 ;    ;      ;      ;         ;;;;12.04.14 ; Лунинецкий р-н      ; М10, башня                                ; 52.243460; 27.146250;G
$;B;R  ;BRO; Хидры?              ;                 ; 515 ; 5600 ;123 ;    ;      ;      ;         ;;;;26.12.14 ; Кобринский р-н      ; башня? *питон*                            ; 52.145740; 24.371300;G*
$;B;R  ;BRO; Пинковичи           ;                 ; 515 ; 5602 ;123 ;    ; 5100 ; 5602 ;1234 6   ;;;;02.08.16 ; Пинский р-н         ; башня 40м рядом с АЗС "Медтехника" *питон*; 52.143575; 26.172330;G
$;B;R  ;BRO; Клейники            ;                 ; 505 ; 5604 ;123 ;    ; 5000 ; 5604 ;1 3  6   ;;;;08.04.17 ; Брестский р-н       ; Харитончика, совм. столб с A1             ; 52.138899; 23.609697;G
$;B;R  ;BRO; Пинск               ;                 ; 515 ; 5605 ;12  ;    ; 5100 ; 5605 ; 2       ;;;;05.12.17 ; пер.Ожешко 32Б      ; Крайновичи, опорная мачта МТС             ; 52.139475; 26.027595;G
$;B;R  ;BRO; Барановичи          ;                 ; 515 ; 5606 ;123 ;    ; 5100 ; 5606 ;123      ;;;;05.05.18 ; Слонимское шоссе, 48Б; ?                                         ; 53.100345; 25.929003;G
$;B;R  ;BRO; Галево              ;                 ;     ;      ;    ;    ;      ;      ;         ;;;;09.10.12 ; Пинский р-н         ; ?                                         ;          ;          ;
$;B;R  ;BRO; Иваново             ;                 ;     ;      ;    ;    ;      ;      ;         ;;;;03.04.17 ; Комарова            ; мачта на здании *или A1*                  ; 52.135570; 25.546380;G*w

$;B;P  ;BRO; Барановичи          ;                 ;     ;      ;    ;    ;      ;      ;         ;;;;29.09.06 ; 50 лет БССР 21      ;                                           ;          ;          ;
$;B;P  ;BRO; Барановичи          ;                 ;     ;      ;    ;    ;      ;      ;         ;;;;29.09.06 ; Советская 81        ;                                           ;          ;          ;
$;B;P  ;BRO; Барановичи          ;                 ;     ;      ;    ;    ;      ;      ;         ;;;;29.09.06 ; Советский 41        ; труба ТЭЦ                                 ;          ;          ;
$;B;P  ;BRO; Барановичи          ;                 ;     ;      ;    ;    ;      ;      ;         ;;;;29.09.06 ; Энтузиастов 30      ;                                           ;          ;          ;
$;B;P  ;BRO; Давид-Городок       ;                 ;     ;      ;    ;    ;      ;      ;         ;;;;17.03.09 ; Столинский р-н      ; Калинина 54                               ; 52.053694; 27.197861;G
 ;B;P  ;BRO; Микашевичи          ;                 ;     ; 5348 ;    ;    ;      ;      ;         ;;;;         ; Лунинецкий р-н      ;                                           ;          ;          ;
 ;B;P  ;BRO; Давид-Городок       ;                 ;     ; 5378 ;    ;    ;      ;      ;         ;;;;         ; Столинский р-н      ; Калинина 56, Белпочта                     ;          ;          ;
 ;B;P  ;BRO; Столин              ;                 ;     ; 5385 ;    ;    ;      ;      ;         ;;;;         ; Советская 77        ; Белтелеком                                ;          ;          ;

$;B;D  ;BRO; Клейники            ; KLEJNIKI :)     ; 505 ; 5331 ;123 ;456 ; 5000 ; 5331 ; 2       ;;;;08.04.17 ; Брестский р-н    ; 60 лет Октября 1, ДК, мачта, дем. в 2016-2017; 52.140521; 23.609659;G
$;B;D  ;BRO; Кобрин              ; KOBRIN :)       ; 515 ; 5335 ;    ;456 ;      ;      ;         ;;;;25.07.15 ; Интернациональная 30; РУЭС                                      ; 52.207647; 24.356455;+
$;B;D  ;BRO; Барановичи          ; BARANOVICHI :)  ; 515 ; 5337 ;    ;456 ;      ;      ;         ;;;;25.07.15 ; Промышленная 33     ; Завод автоматических линий, трубостойки   ; 53.160699; 26.019208;G
$;B;D  ;BRO; Барановичи          ; BARANOVICHI :)  ; 515 ; 5339 ;    ; 56 ;      ;      ;         ;;;;25.07.15 ; Энтузиастов 30      ; труба котельной                           ; 53.135032; 26.071383;G
$;B;D  ;BRO; Барановичи          ; BARANOVICHI :)  ; 515 ; 5349 ;    ;456 ;      ;      ;         ;;;;25.07.15 ; Советская 41        ; труба ТЭЦ сверху                          ; 53.142684; 26.011151;G
$;B;D  ;BRO; Каменец             ; KAMENEC :)      ; 515 ; 5352 ;    ;456 ;      ;      ;         ;;;;25.07.15 ; пер.Маяковского?    ; труба?                                    ; 52.399220; 23.830780;G*
$;B;D  ;BRO; Пружаны             ; PRUZHANY :)     ; 515 ; 5361 ;    ;456 ;      ;      ;         ;;;;25.07.15 ; Советская 13        ; универмаг                                 ; 52.557394; 24.455304;*
$;B;D  ;BRO; Барановичи          ; BARANOVICHI :)  ; 515 ; 5365 ;    ;45  ;      ;      ;         ;;;;25.07.15 ; Ленина 30           ; общежитие РУП "Баравчанка", мачта         ; 53.132341; 26.036396;G
$;B;D  ;BRO; Пинск               ; PINSK :)        ; 515 ; 5405 ;    ;456 ;      ;      ;         ;;;;25.07.15 ; Железнодорожная 56  ; дом быта, мачта                           ; 52.120941; 26.090845;G
$;B;D  ;BRO; Пинск               ; PINSK :)        ; 515 ; 5464 ;    ;456 ;      ;      ;         ;;;;25.07.15 ; Революционная 20    ; лицей                                     ; 52.120545; 26.069286;G
$;B;D  ;BRO; Пинск               ; PINSK :)        ; 515 ; 5465 ;    ;456 ;      ;      ;         ;;;;25.07.15 ; Центральная 13А     ; почта                                     ; 52.136190; 26.103540;G
$;B;D  ;BRO; Пинск               ; PINSK :)        ; 515 ; 5467 ;    ;456 ;      ;      ;         ;;;;25.07.15 ; Сосновая 5          ; башня 40м                                 ; 52.127256; 26.064199;G
$;B;D  ;BRO; Барановичи          ; BARANOVICHI :)  ; 515 ; 5469 ;    ; 56 ;      ;      ;         ;;;;25.07.15 ; Советская 134       ; общ. колледжа легкой промышленности, мачта; 53.123425; 26.023001;G
$;B;D  ;BRO; Береза              ; BEREZA :)       ; 515 ; 5485 ;    ;456 ;      ;      ;         ;;;;25.07.15 ; Свердлова 4         ; магазин, мачта                            ; 52.539797; 24.993784;G
$;B;D  ;BRO; Береза              ; BEREZA :)       ; 515 ; 5486 ;    ;456 ;      ;      ;         ;;;;25.07.15 ; Свердлова 83        ; магазин, мачта                            ; 52.540148; 24.978892;G
$;B;D  ;BRO; Барановичи          ;                 ; 515 ; 5566 ;    ;4   ;      ;      ;         ;;;;25.07.15 ; Парковая 37         ; ТД "Для дома", мачта                      ; 53.141995; 26.06914 ;G
$;B;D  ;BRO; Пинск               ; PINSK :)        ; 515 ; 5569 ;    ;456 ;      ;      ;         ;;;;25.07.15 ; Ж.Гуренковой 3      ; ?                                         ; 52.133925; 26.122226;G
$;B;D  ;BRO; Пинск               ; PINSK :)        ; 515 ; 5571 ;    ;456 ;      ;      ;         ;;;;25.07.15 ; Ленина 22           ; Городской дом культуры                    ; 52.112619; 26.103825;G 
$;B;D  ;BRO; Барановичи          ; BARANOVICHI :)  ; 515 ; 5576 ;    ;4   ;      ;      ;         ;;;;25.07.15 ; Тельмана 64         ; ТК "Радужный", трипод 4м                  ; 53.131881; 26.060101;G
$;B;D  ;BRO; Пинск               ; PINSK :)        ; 515 ; 5580 ;    ;456 ;      ;      ;         ;;;;25.07.15 ; Центральная         ; ОАО "Полесье"                             ; 52.136532; 26.091259;G
$;B;D  ;BRO; Барановичи          ;                 ; 515 ; 5586 ;    ; 5  ;      ;      ;         ;;;;25.07.15 ; 50 лет БССР 82Б     ; автостоянка, совместная башня 40м         ; 53.110331; 25.994124;G
$;B;D  ;BRO; Стахово?            ;                 ; 515 ; 5773 ;123 ;    ;      ;      ;         ;;;;27.06.09 ; Столинский р-н?     ; ошибка MCC и LAC?, MCC=02? (МТС?)         ;          ;          ;
