KIND;OPR;STAT;AREA;CITY         ; CB               ; LAC ; CID  ; GSM; DCS; 3G L ; 3G C ;  3G S   ;U-L;U900;U-S ;DATE; ADDR            ; REM                                     ;  OZIN    ;  OZIE    ;LOCK
/;Гомель
$;B;R  ;GO.; Гомель             ; GOMEL :)         ; 305 ; 3000 ;123 ;    ; 3000 ; 3000 ;123456   ;;;;30.09.07 ; Ленина пр-т., 1       ; ГФ Белтелеком, триподы                  ; 52.424187; 31.012408;G
$;B;R  ;GO.; Гомель             ; GOMEL :)         ; 305 ; 3001 ;123 ;456 ; 3000 ; 3001 ;12345678 ;;;;31.03.07 ; Привокзальная пл., 1  ; г-ца Гомель, триподы                    ; 52.432005; 30.992217;G
$;B;R  ;GO.; Гомель             ; GOMEL :)         ; 305 ; 3003 ;123 ;456 ; 3000 ; 3003 ;123456   ;;;;03.02.07 ; Советская, 126        ; Белинвестбанк, трубостойки              ; 52.449892; 30.994964;G
$;B;R  ;GO.; Гомель             ; GOMEL :)         ; 305 ; 3004 ;123 ;456 ; 3000 ; 3004 ;123456   ;;;;31.03.07 ; Островского, 90       ; жилой дом (малосемейка), триподы        ; 52.421542; 30.976403;G
$;B;R  ;GO.; Гомель             ; GOMEL :)         ; 305 ; 3006 ;123 ;    ; 3000 ; 3006 ;12345678 ;;;;14.09.06 ; Советская, 157        ; з-д Электроаппаратура, мачта            ; 52.472765; 30.978967;G
$;B;R  ;GO.; Гомель             ; GOMEL :)         ; 305 ; 3007 ;123 ;456 ; 3000 ; 3007 ;12345    ;;;;29.05.07 ; Добрушская, 5а        ; жилой дом (малосемейка), мачта          ; 52.403408; 31.053994;G
$;B;R  ;GO.; Гомель             ; GOMEL :)         ; 305 ; 3008 ;123 ;456 ; 3000 ; 3008 ;123456   ;;;;11.04.07 ; Я.Коласа, 4           ; общежитие, трубостойки                  ; 52.444824; 30.969611;G
$;B;R  ;GO.; Гомель             ; GOMEL :)         ; 305 ; 3009 ;123 ;456 ; 3000 ; 3009 ;123456   ;;;;12.04.08 ; 60 лет СССР, 1        ; жилой дом (малосемейка), трубостойки    ; 52.406512; 30.976349;G
$;B;R  ;GO.; Гомель             ; GOMEL :)         ; 305 ; 3011 ;123 ;    ; 3000 ; 3011 ;123456   ;;;;07.09.09 ; Ильича, 268           ; ОАО Гомельчанка, мачта                  ; 52.358921; 31.030616;G
$;B;R  ;GO.; Гомель             ; GOMEL :)         ; 305 ; 3012 ;123 ;456 ; 3000 ; 3012 ;123 56   ;;;;07.12.08 ; Черниговская, 22а     ; з-д Кристалл, труба котельной           ; 52.373377; 31.036033;G
$;B;R  ;GO.; Гомель             ; GOMEL :)         ; 305 ; 3013 ;123 ;    ; 3000 ; 3013 ;123456   ;;;;08.08.08 ; Речицкий пр-т., 135   ; общежитие ГГТУ, трубостойки             ; 52.404601; 30.908291;G
$;B;R  ;GO.; Гомель             ; GOMEL :)         ; 305 ; 3014 ;123 ;456 ; 3000 ; 3014 ;12345678 ;;;;31.03.07 ; Октября пр-т., 48     ; ГГТУ, 1-й корпус, трипод                ; 52.406748; 30.938058;G
$;B;R  ;GO.; Гомель             ; GOMEL :)         ; 305 ; 3015 ;123 ;456 ; 3000 ; 3015 ;123456   ;;;;26.07.08 ; Барыкина, 269         ; 3-й корпус ГГТУ, трубостойки            ; 52.423552; 30.943465;G
$;B;R  ;GO.; Гомель             ; GOMEL :)         ; 305 ; 3016 ;123 ;456 ; 3000 ; 3016 ;123456   ;;;;01.10.08 ; Петруся Бровки, 15    ; общежитие ГГУ, триподы                  ; 52.473059; 31.028094;G
$;B;R  ;GO.; Гомель             ; GOMEL :)         ; 305 ; 3017 ;123 ;456 ; 3000 ; 3017 ;123456   ;;;;11.04.07 ; Космонавтов пр-т., 74 ; общежитие з-да Гомсельмаш, трубостойки  ; 52.455349; 30.958904;G
$;B;R  ;GO.; Гомель             ; GOMEL :)         ; 305 ; 3019 ;123 ;456 ; 3000 ; 3019 ;123 5    ;;;;02.04.08 ; Мазурова, 110         ; ледовый дворец, мачта                   ; 52.460311; 31.021764;G
$;B;R  ;GO.; Гомель             ; GOMEL :)         ; 305 ; 3023 ;123 ;456 ; 3000 ; 3023 ;123456   ;;;;21.12.09 ; Барыкина, 240         ; з-д Центролит, труба                    ; 52.425703; 30.914251;G
$;B;R  ;GOO; Урицкое            ; GOMEL :)         ; 305 ; 3024 ;1237;    ;      ;      ;         ;;;;07.12.08 ; Гомельский р-н        ; ТЭЦ-2, труба                            ; 52.448818; 30.816425;G
$;B;R  ;GO.; Гомель             ; GOMEL :)         ; 305 ; 3027 ;123 ;456 ; 3000 ; 3027 ;123 5    ;;;;24.09.08 ; Ильича, 2             ; мясокомбинат, адм. здание, триподы      ; 52.401753; 31.021936;G
$;B;R  ;GO.; Гомель             ; GOMEL :)         ; 305 ; 3028 ;    ;456 ; 3000 ; 3028 ;123456  90;;;;13.05.09; Ленина пр-т., 10      ; Гипроживмаш, трубостойки                ; 52.425067; 31.007946;G
$;B;R  ;GO.; Гомель             ;                  ; 305 ; 3029 ;123 ;456 ; 3000 ; 3029 ;1234 6   ;;;;22.07.13 ; Сухого, 16            ; сервисный центр ОДО НТС, мачта          ; 52.467435; 30.970609;G
$;B;R  ;GO.; Гомель             ; GOMEL :)         ; 305 ; 3031 ;123 ;456 ; 3000 ; 3031 ;123456   ;;;;27.12.08 ; Могилевская, 17       ; завод Кирова (филиал), мачта            ; 52.459450; 30.927372;G
$;B;R  ;GO.; Гомель             ; GOMEL :)         ; 305 ; 3032 ;123 ;    ; 3000 ; 3032 ;123456   ;;;;25.02.09 ; Речицкая, 1а          ; Гомельсельстройпроект, мачта            ; 52.423065; 30.998091;G
$;B;R  ;GO.; Гомель             ; GOMEL :)         ; 305 ; 3037 ;    ;456 ; 3000 ; 3037 ;12345678 ;;;;20.05.09 ; Богданова, 12/2       ; поликлиника, мачта                      ; 52.454449; 30.972379;G
$;B;R  ;GO.; Гомель             ; GOMEL :)         ; 305 ; 3038 ;    ;456 ; 3000 ; 3038 ;123456   ;;;;28.03.09 ; Волгоградская, 12     ; общежитие аграрного колледжа, мачта     ; 52.408559; 30.957563;G
$;B;R  ;GO.; Гомель             ; GOMEL :)         ; 305 ; 3040 ;123 ;456 ; 3000 ; 3040 ;123456   ;;;;13.10.09 ; Ефремова, 16          ; ФОК, котельная, мачта                   ; 52.462157; 30.965610;G
$;B;R  ;GO.; Гомель             ; GOMEL :)         ; 305 ; 3041 ;    ;456 ; 3000 ; 3041 ;123456   ;;;;28.07.09 ; Барыкина, 132         ; ОАО Сантэп, здание склада, мачта        ; 52.418324; 30.960293;G
$;B;R  ;GO.; Гомель             ; GOMEL :)         ; 305 ; 3042 ;    ;456 ; 3000 ; 3042 ;123  6   ;;;;25.05.09 ; Проселочная, 16а      ; автопарк N26, столб                     ; 52.443050; 30.912150;G
$;B;R  ;GO.; Гомель             ; GOMEL :)         ; 305 ; 3043 ;123 ;    ; 3000 ; 3043 ;12345    ;;;;04.10.09 ; Хатаевича, 31а (17-й м-н);автостоянка, столб                    ; 52.446760; 31.013900;G
$;B;R  ;GO.; Гомель             ; GOMEL :)         ; 305 ; 3044 ;123 ;    ; 3000 ; 3044 ;1234 6   ;;;;23.06.09 ; Косарева, 23          ; АТС-45, трипод                          ; 52.404257; 30.920897;G
$;B;R  ;GO.; Гомель             ; GOMEL :)         ; 305 ; 3045 ;    ;456 ; 3000 ; 3045 ;1234     ;;;;21.03.09 ; Юбилейная, 7а         ; поликлиника N1, мачта                   ; 52.457048; 31.001299;G
$;B;R  ;GO.; Гомель             ; GOMEL :)         ; 305 ; 3046 ;123 ;    ; 3000 ; 3046 ;123456   ;;;;25.06.09 ; Бр.Лизюковых, 5       ; клиническая больница, мачта             ; 52.401930; 30.952370;G
$;B;R  ;GO.; Гомель             ; GOMEL :)         ; 305 ; 3047 ;    ;456 ; 3000 ; 3047 ;123 56   ;;;;21.08.10 ; Витебская 2-я, 30     ; ИП "Алкопак", опорная мачта             ; 52.485745; 31.007377;G
$;B;R  ;GO.; Гомель             ; GOMEL :)         ; 305 ; 3048 ;    ;456 ; 3000 ; 3048 ;123456   ;;;;30.09.09 ; Гражданская 2-я, 5    ; универсальная база, мачта               ; 52.462771; 31.010542;G
$;B;R  ;GO.; Гомель             ; GOMEL :)         ; 305 ; 3049 ;123 ;45  ; 3000 ; 3049 ;1234     ;;;;11.04.10 ; Аграрная, 2           ; КСУП Красная гвоздика, опорная мачта    ; 52.488781; 30.973125;G
$;B;R  ;GO.; Гомель             ; GOMEL :)         ; 305 ; 3050 ;    ;456 ; 3000 ; 3050 ;12345    ;;;;07.04.09 ; Бочкина, 182а         ; поликлиника N2, мачта                   ; 52.427484; 30.952424;G
$;B;R  ;GO.; Гомель             ;                  ; 305 ; 3053 ;123 ;456 ; 3000 ; 3053 ;1234 6   ;;;;28.04.11 ; Индустриальный пр. 1а ; ОДО Будмаш, опорная мачта               ; 52.47769 ; 30.978144;G
$;B;R  ;GO.; Гомель             ; GOMEL :)         ; 305 ; 3054 ;123 ;    ; 3000 ; 3054 ;123  6   ;;;;11.06.09 ; Маркса, 1             ; г-ца Октябрьская, мачта                 ; 52.431599; 31.016732;G
$;B;R  ;GO.; Гомель             ; GOMEL :)         ; 305 ; 3055 ;    ;456 ; 3000 ; 3055 ;123456   ;;;;27.03.09 ; Каменщикова, 3        ; прудковский рынок, трипод               ; 52.468275; 31.018964;G
$;B;R  ;GO.; Гомель             ; GOMEL :)         ; 305 ; 3056 ;    ;456 ; 3000 ; 3056 ;123456   ;;;;25.06.09 ; Каменщикова (20-й м-н); автостоянка, столб                      ; 52.462585; 31.035567;G
$;B;R  ;GO.; Гомель             ; GOMEL :)         ; 305 ; 3057 ;123 ;    ; 3000 ; 3057 ;1234 6   ;;;;19.03.09 ; Лепешинского, 7       ; ОАО Коралл, мачта                       ; 52.477847; 31.000822;G
$;B;R  ;GO.; Гомель             ; GOMEL :)         ; 305 ; 3058 ;123 ;    ; 3000 ; 3058 ;1234     ;;;;03.10.09 ; Малайчука, 1          ; автостоянка, столб                      ; 52.458650; 30.992480;G
$;B;R  ;GO.; Гомель             ; GOMEL :)         ; 305 ; 3059 ;    ;456 ; 3000 ; 3059 ;1234 6   ;;;;25.05.09 ; Объездная, 32         ; столб около автостоянки                 ; 52.429761; 30.888888;G
$;B;R  ;GO.; Гомель             ; GOMEL :)         ; 305 ; 3060 ;    ;456 ; 3000 ; 3060 ;1234 6   ;;;;28.07.09 ; Олимпийская           ; автостоянка, столб                      ; 52.480995; 31.023604;G
$;B;R  ;GO.; Гомель             ; GOMEL :)         ; 305 ; 3061 ;123 ;    ; 3000 ; 3061 ;123456   ;;;;13.10.09 ; Олимпийская, 20       ; автостоянка, столб                      ; 52.477235; 31.031286;G
$;B;R  ;GO.; Гомель             ; GOMEL :)         ; 305 ; 3062 ;    ;456 ; 3000 ; 3062 ;123456   ;;;;12.12.10 ; Я.Коласа пер., 32     ; КУП Гомельоблтопливо, опорная мачта     ; 52.444071; 30.955101;G
$;B;R  ;GO.; Гомель             ; GOMEL :)         ; 305 ; 3065 ;123 ;    ; 3000 ; 3065 ;123456   ;;;;28.03.11 ; Техническая 7-я, 1Б   ; РУЭС, башня                             ; 52.364039; 31.022383;G
$;B;R  ;GO.; Гомель             ; GOMEL :)         ; 305 ; 3066 ;123 ;    ; 3000 ; 3066 ;123456   ;;;;26.06.09 ; Иногородняя 8-я, 5    ; автостоянка, столб                      ; 52.443199; 30.939823;G
$;B;R  ;GO.; Гомель             ; GOMEL :)         ; 305 ; 3068 ;123 ;    ; 3000 ; 3068 ;123  6   ;;;;14.10.09 ; Герцена, 42б          ; магазин-склад ОАО Гомельобои, столб     ; 52.392794; 31.039322;G
$;B;R  ;GO.; Гомель             ; GOMEL :)         ; 305 ; 3069 ;123 ;    ; 3000 ; 3069 ;123 56   ;;;;07.11.10 ; Ленинградская, 39а    ; башня                                   ; 52.384381; 31.039497;
$;B;R  ;GO.; Гомель             ; GOMEL :)         ; 305 ; 3070 ;123 ;    ; 3000 ; 3070 ;123  6   ;;;;11.09.10 ; Хатаевича, 42         ; автостоянка, опорная мачта              ; 52.443439; 31.026425;G
$;B;R  ;GO.; Гомель             ; GOMEL :)         ; 305 ; 3072 ;123 ;456 ; 3000 ; 3072 ;123 56   ;;;;15.03.10 ; Чечерская, 35а        ; мкр-н Кленковский, ГСК-16, столб        ; 52.471830; 31.042771;G
$;B;R  ;GO.; Гомель             ; GOMEL :)         ; 305 ; 3074 ;123 ;    ; 3000 ; 3074 ;12345    ;;;;08.09.09 ; Маневича, 30а         ; автостоянка, столб                      ; 52.466409; 30.957804;G
$;B;R  ;GO.; Гомель             ; GOMEL :)         ; 305 ; 3075 ;    ;456 ; 3000 ; 3075 ;123456   ;;;;18.06.09 ; Кирова, 57            ; медико-генетический центр               ; 52.436662; 31.003160;G
$;B;R  ;GO.; Гомель             ; GOMEL :)         ; 305 ; 3076 ;123 ;    ; 3000 ; 3076 ;123456   ;;;;20.05.09 ; Медицинская, 10       ; кожно-венерологический диспансер, мачта ; 52.394952; 30.898190;G
$;B;R  ;GO.; Гомель             ; GOMEL :)         ; 305 ; 3079 ;123 ;    ; 3000 ; 3079 ;123456   ;;;;23.09.09 ; Чонгарской Дивизии, 5 ; ГАП-26, опорная мачта                   ; 52.463029; 30.991294;G
$;B;R  ;GO.; Гомель             ; GOMEL :)         ; 305 ; 3080 ;123 ;    ; 3000 ; 3080 ;123456   ;;;;09.10.10 ; Дворникова, 80        ; клиническая больница N1, мачта          ; 52.455185; 30.978334;G
$;B;R  ;GO.; Гомель             ; GOMEL :)         ; 305 ; 3084 ;123 ;    ; 3000 ; 3084 ;123456   ;;;;09.07.10 ; Б.Хмельницкого, 79    ;дискаунтер Евроопт,опорная мачта во дворе; 52.413299; 30.969016;G
$;B;R  ;GO.; Гомель             ; GOMEL :)         ; 305 ; 3085 ;123 ;    ; 3000 ; 3085 ;123456   ;;;;15.04.10 ; Борисенко, 3          ; ОАО ГомельАТЭП, мачта                   ; 52.412968; 30.921085;G
$;B;R  ;GO.; Гомель             ; GOMEL :)         ; 305 ; 3086 ;    ;4568; 3000 ; 3086 ;123456   ;;;;25.03.10 ; Телегина, 23          ; общежитие, трубостойки                  ; 52.442939; 30.991648;G
$;B;R  ;GO.; Гомель             ; GOMEL :)         ; 305 ; 3087 ;123 ;    ; 3000 ; 3087 ;123      ;;;;15.04.10 ; Объездная, 12         ; ОАО Медпласт, мачта                     ; 52.415242; 30.900625;G
$;B;R  ;GO.; Гомель             ; GOMEL :)         ; 305 ; 3091 ;123 ;456 ; 3000 ; 3091 ;123456   ;;;;30.07.10 ; Советская, 39         ; обувная фабрика Труд, трипод            ; 52.436167; 31.009428;G
$;B;R  ;GO.; Гомель             ; GOMEL :)         ; 305 ; 3092 ;123 ;    ; 3000 ; 3092 ;123 5    ;;;;10.06.11 ; Речицкий пр-т         ; завод пусковых двигателей, мачта        ; 52.416462; 30.943788;G
$;B;R  ;GO.; Гомель             ; GOMEL :)         ; 305 ; 3093 ;123 ;456 ; 3000 ; 3093 ;123  6   ;;;;11.01.12 ; 50 лет БССР, 2        ; СП N2 РУП "Белтелеком", мачта           ; 52.454089; 30.994765;G
$;B;R  ;GO.; Гомель             ; GOMEL :)         ; 305 ; 3094 ;123 ;456 ; 3000 ; 3094 ;123 5    ;;;;20.02.11 ; Косарева, 11          ; поликлиника N11, мачта                  ; 52.409084; 30.920902;G
$;B;R  ;GO.; Гомель             ; GOMEL :)         ; 305 ; 3095 ;123 ;    ; 3000 ; 3095 ;12345678 ;;;;16.02.11 ; Гагарина, 20          ; Гомельоблторгреклама, трипод            ; 52.420327; 31.006604;G
$;B;R  ;GO.; Гомель             ; GOMEL :)         ; 305 ; 3096 ;123 ;456 ; 3000 ; 3096 ;123456   ;;;;27.11.10 ; Октября пр-т., 38     ; общежитие ПТУ-79, триподы               ; 52.406273; 30.948449;G
$;B;R  ;GO.; Гомель             ;                  ; 305 ; 3097 ;    ;4   ; 3000 ; 3097 ;1  4     ;;;;01.06.13 ; Гагарина, 65          ; ТЦ Секрет, внутри                       ; 52.424174; 30.996197;G
$;B;R  ;GO.; Гомель             ; GOMEL :)         ; 305 ; 3098 ;123 ;    ; 3000 ; 3098 ;123 5    ;;;;03.07.13 ; Бабушкина, 1          ; мебельный склад, трипод                 ; 52.402457; 31.031978;G
$;B;R  ;GO.; Гомель             ; GOMEL :)         ; 305 ; 3100 ;123 ;456 ; 3000 ; 3100 ;123456   ;;;;08.10.12 ; Новополесская, 11     ; Филиал №6 городской поликлиники, мачта  ; 52.441020; 30.999454;G
$;B;R  ;GO.; Гомель             ; GOMEL :)         ; 305 ; 3101 ;123 ;456 ; 3000 ; 3101 ;123456   ;;;;23.03.11 ; Сосновая, 10          ; стрелковый тир ДОСААФ, мачта            ; 52.416769; 30.943900;G
$;B;R  ;GO.; Гомель             ; GOMEL :)         ; 305 ; 3103 ;123 ;456 ; 3000 ; 3103 ;123 56   ;;;;23.06.11 ; Шевченко, 27          ; подшипниковый з-д, мачта                ; 52.438029; 30.991095;G
$;B;R  ;GO.; Гомель             ; GOMEL :)         ; 305 ; 3104 ;123 ;456 ; 3000 ; 3104 ;123456   ;;;;03.09.11 ; Речицкий пр-т., 121   ; малосемейка, триподы                    ; 52.405349; 30.913996;G
$;B;R  ;GO.; Гомель             ; GOMEL :)         ; 305 ; 3105 ;123 ;456 ; 3000 ; 3105 ;12345678 ;;;;06.05.12 ; Ланге, 5              ; медицинский университет, триподы        ; 52.427996; 31.015906;G
$;B;R  ;GO.; Гомель             ; GOMEL :)         ; 305 ; 3106 ;123 ;    ; 3000 ; 3106 ;123456   ;;;;28.04.11 ; Инженерный пер., 169  ; малосемейка, мачта                      ; 52.477540; 30.978339;G
$;B;R  ;GO.; Гомель             ; GOMEL :)         ; 305 ; 3107 ;123 ;    ; 3000 ; 3107 ;1234 6   ;;;;05.03.11 ; Советская, 170        ; общежитие, триподы                      ; 52.463078; 30.984707;G
$;B;R  ;GO.; Гомель             ; GOMEL :)         ; 305 ; 3109 ;123 ;456 ; 3000 ; 3109 ;123  6   ;;;;14.10.12 ; Луначарского 1-я, 67  ; РУП "Белтелеком", опорная мачта         ; 52.409223; 31.036854;G
$;B;R  ;GO.; Гомель             ; GOMEL :)         ; 305 ; 3111 ;123 ;456 ; 3000 ; 3111 ;123456   ;;;;29.04.13 ; Севастопольская, 45   ; ОАО "Гомельобои", трипод                ; 52.392384; 31.027514;G
$;B;R  ;GO.; Гомель             ; GOMEL :)         ; 305 ; 3116 ;123 ;456 ; 3000 ; 3116 ;12345    ;;;;06.04.13 ; Владимирова, 4        ; МПУ "Гомельмежрайгаз", столб            ; 52.435404; 30.949468;G
$;B;R  ;GO.; Гомель             ; GOMEL :)         ; 305 ; 3117 ;123 ;456 ; 3000 ; 3117 ;12345    ;;;;31.12.11 ; Космонавтов пр-т      ; автостоянка, путепровод, столб          ; 52.45938 ; 30.950474;G
$;B;R  ;GO.; Гомель             ;                  ; 305 ; 3118 ;123 ;456 ; 3000 ; 3118 ;123      ;;;;29.04.13 ; Мележа                ; парк выпускников, столб                 ; 52.398429; 30.985351;G
$;B;R  ;GO.; Гомель             ;                  ; 305 ; 3119 ;123 ;    ; 3000 ; 3119 ;1234 6   ;;;;29.04.13 ; Покровская            ; мкр-н Южный, башня                      ; 52.350064; 31.046644;G
$;B;R  ;GO.; Гомель             ; GOMEL :)         ; 305 ; 3120 ;123 ;456 ; 3000 ; 3120 ;123 5    ;;;;24.03.13 ; Юбилейная             ; автостоянка, столб                      ; 52.454855; 31.006964;G
$;B;R  ;GO.; Гомель             ;                  ; 305 ; 3121 ;123 ;45  ; 3000 ; 3121 ;1234     ;;;;29.04.13 ; Транзитный 3-й пер.   ; кладбище, столб                         ; 52.377536; 31.005524;G
$;B;R  ;GO.; Гомель             ;                  ;     ;      ;    ;    ; 3000 ; 3122 ;123 5    ;;;;14.02.14 ; 10 лет Октября, 1     ; ООО "Эридан", опорная мачта             ; 52.387325; 31.023408;G
$;B;R  ;GO.; Гомель             ; GOMEL :)         ; 305 ; 3124 ;123 ;    ; 3000 ; 3124 ;123 56   ;;;;03.03.13 ; Заводская 1-я         ; р-н Монастырек, опорная мачта           ; 52.410932; 31.004295;G
$;B;R  ;GO.; Гомель             ;                  ; 305 ; 3125 ;123 ;    ; 3000 ; 3125 ;12345    ;;;;28.08.12 ; Мазурова, 60          ; супермаркет "Веста", трипод             ; 52.455640; 31.023662;G
$;B;R  ;GO.; Гомель             ;                  ; 305 ; 3126 ;123 ;    ; 3000 ; 3126 ;123456   ;;;;03.07.13 ; Хуторская             ; столб                                   ; 52.358694; 31.004131;G
$;B;R  ;GO.; Гомель             ;                  ; 305 ; 3127 ;123 ;    ; 3000 ; 3127 ;123 5    ;;;;14.01.13 ; Бородина Т. С.        ; мкр-н Мельников луг, столб              ; 52.454854; 31.033062;G
$;B;R  ;GO.; Гомель             ;                  ;     ;      ;    ;    ; 3000 ; 3128 ;1234     ;;;;03.07.13 ; Зайцева, 67а          ; гастроном "Лесной", мачта               ; 52.369037; 31.012715;G
$;B;R  ;GO.; Гомель             ;                  ; 305 ; 3129 ;123 ;    ; 3000 ; 3129 ;123      ;;;;03.03.13 ; Чечерская             ; мкр-н Кленковский, столб                ; 52.466645; 31.045528;G
$;B;R  ;GO.; Гомель             ;                  ;     ;      ;    ;    ; 3000 ; 3131 ;123456   ;;;;22.07.13 ; 50 лет з-да Гомсельмаш, 4а; АТС-50/54, трипод                   ; 52.449780; 30.964204;G
$;B;R  ;GO.; Гомель             ; GOMEL :)         ; 305 ; 3133 ;123 ;    ; 3000 ; 3133 ;123456   ;;;;09.03.14 ; Медицинская, 2        ; онкодиспансер, трипод                   ; 52.397773; 30.908296;G
$;B;R  ;GO.; Гомель             ;                  ; 305 ; 3134 ;123 ;    ; 3000 ; 3134 ;1234 6   ;;;;28.09.13 ; Циолковского, 119а    ; онкодиспансер, трипод                   ; 52.430431; 30.965832;G
$;B;R  ;GO.; Гомель             ;                  ; 305 ; 3135 ;123 ;    ; 3000 ; 3135 ;123456   ;;;;28.03.14 ; Головацкого, 95а      ; автомойка, столб с Velcom               ; 52.451792; 31.015107;G
$;B;R  ;GO.; Гомель             ;                  ; 305 ; 3137 ;123 ;    ; 3000 ; 3137 ;123456   ;;;;08.04.18 ; Жарковского, 24       ; СМТ-27, мачта МТС                       ; 52.429002; 31.002195;G
$;B;R  ;GO.; Гомель             ;                  ; 305 ; 3138 ;123 ;    ; 3000 ; 3138 ;123456   ;;;;29.06.18 ; Студенческий пр.      ; ЦТП-50, мачта Velcom                    ; 52.404709; 30.928241;G  
$;B;R  ;GO.; Гомель             ;                  ; 305 ; 3139 ;123 ;    ; 3000 ; 3139 ;123456   ;;;;28.07.18 ; Украинская, 8         ; общежитие БелЖД, мачта Velcom           ; 52.426765; 30.989942;G
$;B;R  ;GO.; Гомель             ;                  ; 305 ; 3140 ; 2  ;    ;      ;      ;         ;;;;29.06.18 ; Портовая, 14          ; общежитие Белпочты, мачта Velcom        ; 52.438663; 31.011733;G
$;B;R  ;GO.; Гомель             ;                  ; 305 ; 3144 ;123 ;    ; 3000 ; 3144 ;123456   ;;;;29.06.18 ; Киевская, 65/1        ; ЛесПаркТехника, мачта МТС               ; 52.434059; 30.976204;G
$;B;S  ;GO.; Гомель             ;                  ;     ;      ;    ;    ;      ;      ;         ;;;;14.10.18 ; Б.Хмельницкого, 101   ; АЗС-25 "Белоруснефть", башня Velcom     ; 52.404548; 30.975738;G
$;B;R  ;GO.; Гомель             ; KOSTUKOVKA :)    ; 305 ; 3325 ;123 ;    ; 3000 ; 3325 ;123456   ;;;;01.10.08 ; М.Ломоносова, 25      ; мкр-н Костюковка, ОАО Гомельстекло, труба; 52.534229; 30.922217;G
$;B;R  ;GO.; Гомель             ; OSOVCY :)        ; 305 ; 3334 ;123 ;    ; 3000 ; 3334 ;123456   ;;;;27.12.09 ; авторынок "Осовцы"    ; столб                                   ; 52.386362; 30.914067;G
 
/;Гомельская область
$;B;R  ;GOO; Урицкое            ; GOMEL :)          ; 305 ; 3115 ;123 ;456 ; 3000 ; 3115 ;123456   ;;;;08.10.12 ; Гомельский р-н        ; кондитерский цех, мачта                 ; 52.467202; 30.803280;G
$;B;R  ;GOO; Красное            ;                   ; 305 ; 3132 ;123 ;    ; 3000 ; 3132 ;12345    ;;;;27.03.14 ; Гомельский р-н        ; машинно-тракторная станция, башня       ; 52.471647; 30.912574;G
$;B;R  ;GOO; Муравчий           ; MURAVCHIJ :)      ; 315 ; 3301 ;123 ;    ; 3000 ; 3301 ;123  6   ;;;;16.11.09 ; Гомельский р-н        ; М5, 282 км, башня                       ; 52.501650; 30.644810;G
$;B;R  ;GOO; Боец               ; BOEC :)           ; 315 ; 3302 ;123 ;    ;      ;      ;         ;;;;23.04.10 ; Буда-Кошелевский р-н  ; М5, 264 км, башня                       ; 52.622790; 30.451330;G
$;B;R  ;GOO; Руденка            ; RUDENKA :)        ; 315 ; 3303 ;123 ;    ;      ;      ;         ;;;;23.04.10 ; Жлобинский р-н        ; М5, 239 км, совм.башня                  ; 52.790170; 30.251790;G 
$;B;R  ;GOO; Жлобин             ; ZHLOBIN :)        ; 315 ; 3304 ;123 ;    ; 3100 ; 3304 ;123 56   ;;;;04.02.08 ; Маркса, 1а            ; РТПС                                    ; 52.913756; 30.043466;G
$;B;R  ;GOO; Сеножатки          ; SENOZHATKI :)     ; 315 ; 3305 ;123 ;    ;      ;      ;         ;;;;23.04.10 ; Жлобинский р-н        ; М5, 200 км, башня                       ; 52.989095; 29.829265;G
$;B;R  ;GOO; Сосновка           ; SOSNOVKA :)       ; 305 ; 3306 ;1237;    ;      ;      ;         ;;;;07.12.08 ; Гомельский р-н        ; М8, башня                               ; 52.368899; 30.846648;G
$;B;R  ;GOO; Бухаловка          ; NOVAJA BUHALOVKA:); 315 ; 3307 ;123 ;    ; 3000 ; 3307 ;1234 6   ;;;;07.12.08 ; Гомельский р-н        ; М8, 430 км по объездной, башня          ; 52.281655; 30.965186;G
$;B;R  ;GOO; Терюха             ; TERUHA :)         ; 315 ; 3308 ;123 ;    ;      ;      ;         ;;;;08.12.09 ; Гомельский р-н        ; М8, 443 км, башня                       ; 52.200110; 31.001490;G 
$;B;R  ;GOO; п/п Новая Гута     ; NOVAJA GUTA :)    ; 315 ; 3309 ;123 ;    ; 3100 ; 3309 ;123 5    ;;;;08.12.09 ; Гомельский р-н        ; М8, башня 70м                           ; 52.107160; 30.980200;G
$;B;R  ;GOO; Борщовка           ; BORSCHEVKA :)     ; 315 ; 3310 ;123 ;    ;      ;      ;         ;;;;21.03.09 ; Речицкий р-н          ; М10, 72 км, РТПС в Чижовке              ; 52.371874; 30.629049;G
$;B;R  ;GOO; Красноземье        ; GOROSHKOV :)      ; 315 ; 3311 ;123 ;    ;      ;      ;         ;;;;13.11.09 ; Речицкий р-н          ; М10, мехдвор, башня 40м                 ; 52.285720; 30.436216;G
$;B;R  ;GOO; Короватичи         ; KOROVATICHI :)    ; 315 ; 3313 ;123 ;    ;      ;      ;         ;;;;17.04.09 ; Речицкий р-н          ; М10, 127 км, башня                      ; 52.236200; 30.119310;G*w
$;B;R  ;GOO; Защебье            ; ZASCHEBE :)       ; 315 ; 3314 ;123 ;    ;      ;      ;         ;;;;19.03.09 ; Речицкий р-н          ; М10, РТПС в Макановичах                 ; 52.157722; 29.906528;G
$;B;R  ;GOO; Глинная Слобода    ; GLINNAJA SLOBODA :);315 ; 3315 ;123 ;    ;      ;      ;         ;;;;19.03.09 ; Речицкий р-н          ; М10, 157 км, башня                      ; 52.163670; 29.729550;Y
$;B;R  ;GOO; Малые Автюки       ; MALYE AVTUKI :)   ; 315 ; 3316 ;123 ;    ;      ;      ;         ;;;;04.05.11 ; Калинковичский р-н    ; М10, 172 км, башня                      ; 52.125490; 29.508210;G
$;B;R  ;GOO; Турцевичи          ; TURCEVICHI :)     ; 315 ; 3317 ;123 ;    ;      ;      ;         ;;;;16.08.09 ; Калинковичский р-н    ; М10, 195 км, башня                      ; 52.169110; 29.215500;G
$;B;R  ;GOO; Ветельская         ; VETELSKAJA :)     ; 315 ; 3318 ;123 ;    ;      ;      ;         ;;;;16.08.09 ; Калинковичский р-н    ; М10, 210 км, башня 70м                  ; 52.206785; 29.017784;G
$;B;R  ;GOO; Хусное             ; HUSNOE :)         ; 315 ; 3319 ;123 ;    ;      ;      ;         ;;;;16.08.09 ; Петриковский р-н      ; М10, 225 км, башня 70м                  ; 52.222282; 28.814837;G
$;B;R  ;GOO; Коржевка           ; KORZHEVKA :)      ; 315 ; 3320 ;123 ;    ;      ;      ;         ;;;;04.05.11 ; Петриковский р-н      ; М10, 240 км, башня 70м                  ; 52.211666; 28.586077;G
$;B;R  ;GOO; Сосновец           ; SOSNOVEC :)       ; 315 ; 3321 ;123 ;    ;      ;      ;         ;;;;17.04.09 ; Петриковский р-н      ; М10, башня 70м                          ; 52.236696; 28.429065;G
$;B;R  ;GOO; Березки            ; BEREZKI :)        ; 305 ; 3322 ;123 ;456 ; 3000 ; 3322 ;123456   ;;;;31.10.09 ; Гомельский р-н        ; тепличный комбинат, труба котельной     ; 52.399763; 31.095825;G
$;B;R  ;GOO; Большие Селютичи   ; BOLSHIE SELUTICHI :);315; 3323 ;1237;    ;      ;      ;         ;;;;17.04.09 ; Петриковский р-н      ; М10, башня                              ; 52.313220; 28.222490;Y
$;B;R  ;GOO; Белев              ; BELEV :)          ; 315 ; 3324 ;123 ;    ;      ;      ;         ;;;;17.04.09 ; Житковичский р-н      ; М10, 280 км, башня                      ; 52.273860; 28.024600;G*w
$;B;R  ;GOO; Дедовка            ; DEDOVKA :)        ; 315 ; 3326 ;123 ;    ;      ;      ;         ;;;;31.10.09 ; Житковичский р-н      ; М10, 306 км, башня 70м                  ; 52.238858; 27.654556;G
$;B;R  ;GOO; Особино            ; OSOBINO :)        ; 315 ; 3327 ;123 ;    ; 3000 ; 3327 ; 23 5    ;;;;20.02.09 ; Буда-Кошелевский р-н  ; М8, 385 км, башня                       ; 52.633500; 30.846150;G*w
$;B;R  ;GOO; Кучинск            ; KUCHINSK :)       ; 315 ; 3328 ;1237;    ;      ;      ;         ;;;;20.02.09 ; Буда-Кошелевский р-н  ; М8, 365 км, РТПС                        ; 52.797365; 30.740256;G
$;B;R  ;GOO; Меркуловичи        ; MERKULOVICHI :)   ; 315 ; 3329 ;123 ;    ;      ;      ;         ;;;;28.05.11 ; Чечерский р-н         ; М8, 343 км, башня                       ; 52.978894; 30.597037;G
$;B;R  ;GOO; Довск              ; DOVSK :)          ; 315 ; 3330 ;123 ;    ;      ;      ;         ;;;;28.05.11 ; Рогачевский р-н       ; М8, 322 км, РТПС                        ; 53.152622; 30.442981;G
$;B;R  ;GOO; Туров              ;                   ; 315 ; 3331 ;123 ;    ;      ;      ;         ;;;;24.10.11 ; Житковичский р-н      ; Красная Площадь, 1, башня               ; 52.071791; 27.725531;G
$;B;R  ;GOO; Уборок             ; UBOROK :)         ; 315 ; 3332 ;123 ;    ;      ;      ;         ;;;;19.05.10 ; Добрушский р-н        ; башня 70м                               ; 52.389269; 31.597964;G
$;B;R  ;GOO; Полостевичи        ; POLOSTEVICHI :)   ; 315 ; 3333 ;123 ;    ;      ;      ;         ;;;;11.11.08 ; Житковичский р-н      ; Р23, башня                              ; 52.378910; 27.452090;Y*w
$;B;R  ;GOO; Жлобин             ; ZHLOBIN :)        ; 315 ; 3335 ;123 ;    ; 3100 ; 3335 ;1234     ;;;;10.04.08 ; 16-й м-н, 7           ; общежитие ОАО "Жлобинавтотранс", мачта  ; 52.903837; 30.040507;G
$;B;R  ;GOO; Жлобин             ; ZHLOBIN :)        ; 315 ; 3336 ;123 ;456 ; 3100 ; 3336 ;123456   ;;;;30.09.07 ; Первомайская, 76      ; узел связи, мачта                       ; 52.893490; 30.032577;G
$;B;R  ;GOO; Жлобин             ; ZHLOBIN :)        ; 315 ; 3337 ;123 ;456 ; 3100 ; 3337 ;123456   ;;;;11.10.10 ; Ленинградская, 7а     ; северная котельная, труба               ; 52.902909; 30.010878;G
$;B;R  ;GOO; Жлобин             ; ZHLOBIN :)        ; 315 ; 3339 ;123 ;    ; 3100 ; 3339 ;123      ;;;;04.05.11 ; Промышленная, 35      ; мясокомбинат, труба котельной           ; 52.865934; 30.012095;G
$;B;R  ;GOO; Калинковичи        ; KALINKOVICHI :)   ; 315 ; 3340 ;123 ;456 ; 3100 ; 3340 ;123456   ;;;;20.05.09 ; Марата, 77            ; сельхозтехника, мачта                   ; 52.125968; 29.317495;G
$;B;R  ;GOO; Калинковичи        ; KALINKOVICHI :)   ; 315 ; 3341 ;123 ;456 ; 3100 ; 3341 ;123      ;;;;06.11.08 ; Князева, 4            ; отдел статистики, мачта                 ; 52.132553; 29.343011;G
$;B;R  ;GOO; Мозырь             ;                   ; 315 ; 3343 ;123 ;    ; 3100 ; 3343 ;123456   ;;;;25.08.09 ; Нефтестроителей, 10   ; общежитие (малосемейка)                 ; 52.041150; 29.213849;+
$;B;R  ;GOO; Мозырь             ;                   ; 315 ; 3344 ;123 ;    ; 3100 ; 3344 ;12345678 ;;;;25.08.09 ; Страконицкого, 14а    ; общежитие МНПЗ, трипод                  ; 52.029658; 29.234957;+
$;B;R  ;GOO; Мозырь             ;                   ; 315 ; 3346 ;123 ;    ; 3100 ; 3346 ;1234 6   ;;;;04.02.09 ; Студенческая, 12      ; общежитие МГПУ                          ; 52.050849; 29.262577;+
$;B;R  ;GOO; Мозырь             ;                   ; 315 ; 3347 ;123 ;    ; 3100 ; 3347 ;123456   ;;;;30.09.07 ; Октябрьская, 15       ; Беларускабель, мачта                    ; 52.053950; 29.240840;G
$;B;R  ;GOO; Мозырь             ;                   ; 315 ; 3348 ;123 ;456 ; 3100 ; 3348 ;1234 6   ;;;;30.09.07 ; Малинина, 8           ; РУЭС, мачта                             ; 52.030592; 29.205082;G
$;B;R  ;GOO; Житковичи          ; ZHITKOVICHI :)    ; 315 ; 3349 ;123 ;    ;      ;      ;         ;;;;22.06.10 ; Маркса, 23            ; РУЭС, башня 40м                         ; 52.217472; 27.860671;G
$;B;R  ;GOO; Светлогорск        ; SVETLOGORSK :)    ; 315 ; 3352 ;123 ;456 ; 3100 ; 3352 ;123 56   ;;;;03.02.10 ; м-н Молодежный, 60    ; малосемейка, мачта                      ; 52.629000; 29.720815;G
$;B;R  ;GOO; Светлогорск        ; SVETLOGORSK :)    ; 315 ; 3353 ;123 ;456 ; 3100 ; 3353 ;12345    ;;;;01.12.09 ; м-н Первомайский 55   ; узел связи БелТелеКом, мачта            ; 52.628197; 29.738556;+
$;B;R  ;GOO; Рогачев            ; ROGACHEV :)       ; 315 ; 3354 ;123 ;    ; 3100 ; 3354 ;123456   ;;;;11.02.09 ; Белинского 21         ; котельная, труба                        ; 53.102590; 30.053550;G*
$;B;R  ;GOO; Житковичи          ; ZHITKOVICHI :)    ; 315 ; 3357 ;123 ;    ; 3100 ; 3357 ;12345    ;;;;11.11.08 ; Добровольского, 1а    ; РТПС                                    ; 52.221181; 27.847008;G 
$;B;R  ;GOO; Речица             ; RECHICA :)        ; 315 ; 3358 ;123 ;456 ; 3100 ; 3358 ;123      ;;;;30.09.07 ; Достоевского, 35      ; малосемейка, мачта                      ; 52.354688; 30.407344;+
$;B;R  ;GOO; Речица             ; RECHICA :)        ; 315 ; 3359 ;123 ;456 ; 3100 ; 3359 ;12345    ;;;;30.09.07 ; Советская, 66         ; узел связи                              ; 52.367991; 30.394221;G
$;B;R  ;GOO; Речица             ; RECHICA :)        ; 315 ; 3360 ;123 ;456 ; 3100 ; 3360 ;123 5    ;;;;30.09.07 ; Строителей, 4         ; общежитие, мачта                        ; 52.372199; 30.348569;+
$;B;R  ;GOO; Светлогорск        ;                   ; 315 ; 3361 ;123 ;456 ; 3100 ; 3361 ;123456   ;;;;25.10.08 ; Ленина, 47в           ; общежитие проф.лицея химиков, мачта     ; 52.634420; 29.734797;+
$;B;R  ;GOO; Светлогорск        ; SVETLOGORSK :)    ; 315 ; 3362 ;123 ;    ; 3100 ; 3362 ;123  6   ;;;;25.10.08 ; Советская, 1а         ; труба ТЭЦ                               ; 52.627750; 29.770990;+
$;B;R  ;GOO; Добруш             ; DOBRUSH :)        ; 315 ; 3364 ;123 ;    ; 3100 ; 3364 ;123 56   ;;;;01.10.08 ; Комарова, 5           ; почта, мачта                            ; 52.420857; 31.311587;G
$;B;R  ;GOO; Ветка              ; VETKA :)          ; 305 ; 3365 ;123 ;    ; 3000 ; 3365 ;1 34 6   ;;;;31.10.09 ; Ленина, 2             ; дом быта, мачта                         ; 52.560194; 31.170833;G
$;B;R  ;GOO; Брагин             ; BRAGIN :)         ; 315 ; 3369 ;123 ;    ;      ;      ;         ;;;;11.05.15 ; Зеленая, 2            ; РТПС                                    ; 51.797364; 30.259775;G
$;B;R  ;GOO; Хойники            ; HOJNIKI :)        ; 315 ; 3372 ;123 ;    ;      ;      ;         ;;;;27.07.10 ; Революционная, 1      ; труба котельной завода ЖБИ              ; 51.902194; 30.003694;G
$;B;R  ;GOO; Лельчицы           ;                   ; 315 ; 3376 ;123 ;    ;      ;      ;         ;;;;19.01.09 ; Ленина, 35            ; ЦРБ, мачта                              ; 51.795083; 28.330000;G
$;B;R  ;GOO; Ельск              ;                   ; 315 ; 3377 ;123 ;    ; 3100 ; 3377 ;1234     ;;;;05.02.10 ; Ленинская, 4          ; РУЭС, мачта                             ; 51.802972; 29.152528;G
$;B;R  ;GOO; Ельск              ;                   ; 315 ; 3378 ;123 ;    ;      ;      ;         ;;;;22.10.08 ; 50 лет СССР           ; дом быта, мачта                         ; 51.812944; 29.170944;G
$;B;R  ;GOO; Наровля            ;                   ; 315 ; 3379 ;123 ;    ; 3100 ; 3379 ;123456   ;;;;22.10.08 ; Ленина, 9             ; узел связи, мачта                       ; 51.796833; 29.507000;G
$;B;R  ;GOO; Корма              ; KORMA :)          ; 315 ; 3382 ;123 ;    ; 3100 ; 3382 ;123 56   ;;;;27.05.11 ; Гомельская, 1         ; ЦРБ, мачта                              ; 53.123180; 30.804655;G
$;B;R  ;GOO; Чечерск            ; CHECHERSK :)      ; 315 ; 3383 ;123 ;456 ; 3100 ; 3383 ;123 56   ;;;;16.10.09 ; Советская, 27         ; Белхудожпромысел, ПТП Надежда, мачта    ; 52.914871; 30.917749;G
$;B;R  ;GOO; Чечерск            ; CHECHERSK :)      ; 315 ; 3385 ;123 ;    ;      ;      ;         ;;;;20.02.09 ; Дзержинского          ; труба котельной                         ; 52.911944; 30.901639;G
$;B;R  ;GOO; Буда-Кошелево      ; BUDA-KOSHELEVO :) ; 315 ; 3386 ;123 ;456 ; 3100 ; 3386 ;123456   ;;;;27.05.11 ; 50 лет Октября, 29    ; ЦРБ, мачта                              ; 52.719028; 30.575056;G
$;B;R  ;GOO; Лоев               ; LOEV :)           ; 315 ; 3390 ;123 ;    ; 3100 ; 3390 ;123 5    ;;;;07.12.09 ; Октябрьская, 17       ; труба котельной                         ; 51.941321; 30.797062;G
$;B;R  ;GOO; Лясковичи          ;                   ; 315 ; 3393 ;123 ;    ;      ;      ;         ;;;;22.11.09 ; Петриковский р-н      ; мехдвор, опорная мачта                  ; 52.120090; 28.164920;Y*w
$;B;R  ;GOO; Городец            ; GORODEC :)        ; 315 ; 3395 ;123 ;    ;      ;      ;         ;;;;27.05.11 ; Рогачевский р-н       ; дом культуры, мачта                     ; 52.973906; 30.343050;G
$;B;R  ;GOO; Василевичи         ; VASILEVICHI :)    ; 315 ; 3396 ;123 ;    ; 3100 ; 3396 ;1 3      ;;;;20.12.08 ; Речицкий р-н          ; ЦРБ, мачта                              ; 52.251056; 29.828750;G
$;B;R  ;GOO; Тереховка          ; TEREHOVKA :)      ; 315 ; 3401 ;123 ;    ;      ;      ;         ;;;;11.03.09 ; Добрушский р-н        ; Ленина, 2а, башня 50м                   ; 52.220724; 31.409354;G
$;B;R  ;GOO; Добруш             ; DOBRUSH :)        ; 315 ; 3403 ;123 ;    ;      ;      ;         ;;;;08.05.10 ; Луначарского, 7       ; бумажная фабрика Герой труда, труба     ; 52.411090; 31.317168;G
$;B;R  ;GOO; Круговец-Калинино  ;KRUGOVEC-KALININO:); 315 ; 3404 ;123 ;    ;      ;      ;         ;;;;26.03.09 ; Добрушский р-н        ; горно-обогатительный комбинат, мачта    ; 52.166229; 31.698340;G
$;B;R  ;GOO; Октябрьский        ; OKTJABRSKIJ :)    ; 315 ; 3407 ;123 ;456 ; 3100 ; 3407 ;123      ;;;;06.11.10 ; Советская, 52         ; универмаг, мачта                        ; 52.646105; 28.883815;Y
$;B;R  ;GOO; Уваровичи          ; UVAROVICHI :)     ; 315 ; 3408 ;123 ;    ;      ;      ;         ;;;;23.03.09 ; Буда-Кошелевский р-н  ; швейный цех, мачта                      ; 52.596204; 30.729190;G
$;B;R  ;GOO; Петриков           ;                   ; 315 ; 3409 ;123 ;    ;      ;      ;         ;;;;11.11.08 ; Гоголя, 9             ; общежитие, мачта                        ; 52.128750; 28.496556;G
$;B;R  ;GOO; Столбун            ; STOLBUN :)        ; 315 ; 3411 ;123 ;    ;      ;      ;         ;;;;17.06.15 ; Ветковский р-н        ; Р30, башня                              ; 52.788898; 31.393143;G
$;B;R  ;GOO; Селище             ; SELISCHE :)       ; 315 ; 3413 ;123 ;    ;      ;      ;         ;;;;07.07.10 ; Добрушский р-н        ; опорная мачта                           ; 52.375532; 31.489131;G
$;B;R  ;GOO; Покоть             ; POKOT :)          ; 315 ; 3414 ;123 ;    ;      ;      ;         ;;;;27.05.11 ; Чечерский р-н         ; башня                                   ; 52.875350; 31.103550;G
$;B;R  ;GOO; Луговая Вирня      ; LUGOVAJA VIRNJA :); 315 ; 3415 ;1237;    ;      ;      ;         ;;;;29.01.10 ; Жлобинский р-н        ; М5, 224км, опорная мачта                ; 52.898577; 30.133166;G
$;B;R  ;GOO; Полесье            ; POLES'E           ; 315 ; 3416 ;123 ;    ;      ;      ;         ;;;;06.11.10 ; Светлогорский р-н     ; Р31, башня 70м                          ; 52.566507; 29.358017;G
$;B;R  ;GOO; Милоград?          ;                   ; 315 ; 3421 ;123 ;    ;      ;      ;         ;;;;06.11.10 ; Речицкий р-н          ; .2 между Заспа и Леваши, башня?         ; 52.503075; 30.261290;G*w 
$;B;R  ;GOO; Паричи             ; PARICHI :)        ; 315 ; 3423 ;123 ;    ;      ;      ;         ;;;;06.11.10 ; Светлогорский р-н     ; автостанция, опорная мачта *питон*      ; 52.812800; 29.408690;Y
$;B;R  ;GOO; Ветка              ; VETKA :)          ; 305 ; 3424 ;123 ;    ;      ;      ;         ;;;;18.06.10 ; Батракова, 38         ; хлопкопрядильная фабрика, мачта         ; 52.567053; 31.181265;+
$;B;R  ;GOO; Габрилеевка        ;                   ; 315 ; 3426 ;123 ;    ;      ;      ;         ;;;;06.02.15 ; Наровлянский р-н      ; Р37, башня                              ; 51.442384; 29.439404;G
$;B;R  ;GOO; Комарин            ; KOMARIN :)        ; 315 ; 3427 ;123 ;    ;      ;      ;         ;;;;20.02.10 ; Ленина, 21	        ; дом быта, мачта                         ; 51.443753; 30.560812;G
$;B;R  ;GOO; Добрынь            ;                   ; 315 ; 3429 ;123 ;    ;      ;      ;         ;;;;16.07.16 ; Ельский р-н           ; башня 70м                               ; 51.764765; 29.181345;G
$;B;R  ;GOO; Мозырь             ; MOZYR :)          ; 315 ; 3435 ;123 ;    ; 3100 ; 3435 ;123      ;;;;23.04.10 ; Катаева               ; Пхов, м-н Заречный, магазин, мачта      ; 52.093098; 29.219103;G
$;B;R  ;GOO; Мозырь             ;                   ; 315 ; 3436 ;123 ;    ; 3100 ; 3436 ;123456   ;;;;20.12.08 ; Юности б-р, 28        ; общежитие, мачта                        ; 52.033457; 29.211113;+
$;B;R  ;GOO; Старое Село        ; STAROE SELO :)    ; 305 ; 3438 ;123 ;    ; 3000 ; 3438 ;123      ;;;;31.10.09 ; Ветковский р-н        ; магазин Белкопсоюза, мачта              ; 52.525767; 31.138415;+
$;B;R  ;GOO; Речица             ; RECHICA :)        ; 315 ; 3446 ;123 ;    ; 3100 ; 3446 ;123 56   ;;;;13.11.09 ; Ильича, 1             ; гидролизный завод, адм. корпус, мачта   ; 52.351540; 30.443490;+
$;B;R  ;GOO; Озерщина           ;                   ; 315 ; 3448 ;123 ;    ; 3100 ; 3448 ;1        ;;;;25.10.08 ; Речицкий р-н          ; судостроит. з-д, адм.здание, мачта      ; 52.396411; 30.345493;+
$;B;R  ;GOO; Речица             ; RECHICA :)        ; 315 ; 3449 ;123 ;    ; 3100 ; 3449 ;123 56   ;;;;13.11.08 ; Луначарского, 97      ; завод ЖБИ, мачта                        ; 52.359240; 30.368949;+
$;B;R  ;GOO; Речица             ; RECHICA :)        ; 315 ; 3450 ;123 ;    ; 3100 ; 3450 ;123 5    ;;;;13.11.09 ; 10 лет Октября, 17    ; Речицадрев, труба                       ; 52.364596; 30.435160;G
$;B;R  ;GOO; Рогачев            ; ROGACHEV :)       ; 315 ; 3451 ;123 ;    ; 3100 ; 3451 ;123      ;;;;04.05.11 ; Кирова                ; РТПС                                    ; 53.066187; 29.986988;G
$;B;R  ;GOO; Мозырь             ; MOZYR :)          ; 315 ; 3452 ;123 ;    ; 3100 ; 3452 ;12345    ;;;;17.04.09 ; пер.Берёзовый         ; труба котельной                         ; 52.037041; 29.185090;G 
$;B;R  ;GOO; Грушевка           ;                   ; 315 ; 3453 ;123 ;    ;      ;      ;         ;;;;06.02.15 ; Наровлянский р-н      ; башня                                   ; 51.671685; 29.408668;G
$;B;R  ;GOO; Валавская Рудня?   ;                   ; 315 ; 3454 ;  3 ;    ;      ;      ;         ;;;;24.10.11 ; Ельский р-н           ; башня *питон*                           ; 51.694085; 28.878135;G
$;B;R  ;GOO; Савичи             ; SAVICHI :)        ; 315 ; 3456 ;123 ;    ;      ;      ;         ;;;;06.11.08 ; Брагинский р-н        ; башня                                   ; 51.618150; 30.324081;G
$;B;R  ;GOO; Ручаевка           ; RUCHAEVKA :)      ; 315 ; 3457 ;123 ;    ;      ;      ;         ;;;;27.07.10 ; Лоевский р-н          ; Р125, башня 50м                         ; 51.882471; 30.514352;G
$;B;R  ;GOO; Юровичи            ;                   ; 315 ; 3458 ;123 ;    ;      ;      ;         ;;;;14.04.10 ; Калинковичский р-н    ; башня 70м                               ; 51.942907; 29.538454;G
$;B;R  ;GOO; Митьки             ; MITKI :)          ; 315 ; 3459 ;123 ;    ;      ;      ;         ;;;;04.02.10 ; Мозырский р-н         ; башня около МНПЗ                        ; 51.925523; 29.334346;G
$;B;R  ;GOO; Стодоличи          ;                   ; 315 ; 3460 ;123 ;    ;      ;      ;         ;;;;24.10.11 ; Лельчицкий р-н        ; башня 70м                               ; 51.723854; 28.490632;Y
$;B;R  ;GOO; Боровое            ;                   ; 315 ; 3461 ;123 ;    ;      ;      ;         ;;;;24.10.11 ; Лельчицкий р-н        ; Р36, башня                              ; 51.707007; 28.058183;G
$;B;R  ;GOO; Дубровица          ;                   ; 315 ; 3462 ;123 ;    ;      ;      ;         ;;;;27.07.10 ; Хойникский р-н        ; Р33, башня 70м                          ; 52.044837; 30.107486;G
$;B;R  ;GOO; Симоничи           ;                   ; 315 ; 3464 ;123 ;    ;      ;      ;         ;;;;24.10.11 ; Лельчицкий р-н        ; башня                                   ; 51.873368; 28.087063;G
$;B;R  ;GOO; Буйновичи          ;                   ; 315 ; 3465 ;123 ;    ;      ;      ;         ;;;;23.06.10 ; Лельчицкий р-н        ; Р36, 57 км, башня                       ; 51.862240; 28.543870;G 
$;B;R  ;GOO; Старушки           ; STARUSHKI :)      ; 315 ; 3466 ;123 ;    ;      ;      ;         ;;;;24.10.11 ; Житковичский р-н      ; ж-д ст., опорная мачта                  ; 52.252765; 28.142080;Y
$;B;R  ;GOO; Мелешковичи        ;                   ; 315 ; 3467 ;123 ;    ;      ;      ;         ;;;;24.10.11 ; Мозырский р-н         ; Р36, башня                              ; 51.924025; 28.990835;G
$;B;R  ;GOO; Узнож              ; UZNOZH :)         ; 315 ; 3468 ;123 ;    ;      ;      ;         ;;;;06.11.10 ; Речицкий р-н          ; Р82, башня                              ; 52.475310; 29.967080;Y
$;B;R  ;GOO; Старокрасное       ; STAROKRASNOE :)   ; 315 ; 3469 ;123 ;    ;      ;      ;         ;;;;27.07.10 ; Речицкий р-н          ; Р82, башня 70м                          ; 52.391584; 30.151023;G
$;B;R  ;GOO; Озаричи            ; OZARICHI :)       ; 315 ; 3471 ;123 ;    ;      ;      ;         ;;;;27.10.12 ; Калинковичский р-н    ; Р31, башня 70м                          ; 52.458510; 29.264250;Y
$;B;R  ;GOO; Дубрава            ; DUBRAVA :)        ; 315 ; 3472 ;123 ;    ;      ;      ;         ;;;;04.05.11 ; Жлобинский р-н        ; башня                                   ; 52.767803; 29.836461;G
$;B;R  ;GOO; Стужки             ; STUZHKI :)        ; 315 ; 3473 ;123 ;    ;      ;      ;         ;;;;06.11.10 ; Светлогорский р-н     ; башня                                   ; 52.687520; 29.608470;G
$;B;R  ;GOO; Селищи             ; SELISCHI :)       ; 315 ; 3474 ;123 ;    ;      ;      ;         ;;;;06.11.10 ; Светлогорский р-н     ; Р31 башня 70м                           ; 52.717000; 29.387900;G
$;B;R  ;GOO; Боровики           ; BOROVIKI :)       ; 315 ; 3475 ;123 ;    ;      ;      ;         ;;;;02.12.09 ; Светлогорский р-н     ; Р82, опорная мачта *питон*              ; 52.550465; 29.856735;G
$;B;R  ;GOO; Рассвет            ; RASSVET :)        ; 315 ; 3476 ;123 ;    ;      ;      ;         ;;;;06.11.10 ; Октябрьский р-н       ; башня                                   ; 52.779970; 29.168100;G
$;B;R  ;GOO; Шкава              ; SHKAVA :)         ; 315 ; 3478 ;123 ;    ;      ;      ;         ;;;;06.11.10 ; Октябрьский р-н       ; опорная мачта                           ; 52.702290; 29.000750;G
$;B;R  ;GOO; Бартоломеевка      ; BARTOLOMEEVKA :)  ; 315 ; 3479 ;123 ;    ;      ;      ;         ;;;;17.06.15 ; Ветковский р-н        ; Р30, башня                              ; 52.651197; 31.326238;G
$;B;R  ;GOO; Грабье             ; GRABE :)          ; 315 ; 3480 ; 23 ;    ;      ;      ;         ;;;;14.05.15 ; Октябрьский р-н       ; башня                                   ; 52.554570; 29.002340;Y
$;B;R  ;GOO; Речица             ; RECHICA :)        ; 315 ; 3482 ;123 ;    ; 3100 ; 3482 ;1234     ;;;;13.11.09 ; Наумова, 24а          ; труба котельной                         ; 52.367582; 30.405135;G
$;B;R  ;GOO; Светлогорск        ; SVETLOGORSK :)    ; 315 ; 3483 ;123 ;    ; 3100 ; 3483 ;123 56   ;;;;02.12.09 ; м-н Молодежный, 57    ; малосемейка, мачта                      ; 52.622585; 29.720482;M
$;B;R  ;GOO; Светлогорск        ; SVETLOGORSK :)    ; 315 ; 3484 ;123 ;    ; 3100 ; 3484 ;12       ;;;;02.12.09 ;                       ; ловится в районе ДСК                    ;          ;          ;
$;B;R  ;GOO; Светлогорск        ; SVETLOGORSK :)    ; 315 ; 3485 ;123 ;    ; 3100 ; 3485 ;123 5    ;;;;02.12.09 ; Песочная 9            ; "Крафт", автостоянка, опорная мачта     ; 52.643884; 29.725142;G 
$;B;R  ;GOO; Мозырь             ;                   ; 315 ; 3486 ;    ;456 ; 3100 ; 3486 ;1234 6   ;;;;19.03.09 ; Рыжкова, 15           ; труба котельной                         ; 52.041088; 29.246378;G
$;B;R  ;GOO; Мозырь             ;                   ; 315 ; 3487 ;    ;456 ; 3100 ; 3487 ;1234 6   ;;;;20.05.09 ; Гагарина, 93          ; автостоянка, опорная мачта              ; 52.024392; 29.217723;G
$;B;R  ;GOO; Мозырь             ;                   ; 315 ; 3488 ;123 ;    ; 3100 ; 3488 ;123  6   ;;;;20.05.09 ; Советская, 180        ; пивзавод, труба                         ; 52.044427; 29.276060;G
$;B;R  ;GOO; Жлобин             ; ZHLOBIN :)        ; 315 ; 3492 ;123 ;    ; 3100 ; 3492 ;123456   ;;;;02.11.09 ; Чапаева, 54           ; консервный з-д, мачта                   ; 52.889883; 30.048923;G
$;B;R  ;GOO; Ченки              ; CHENKI :)         ; 305 ; 3493 ;123 ;    ; 3000 ; 3493 ;123      ;;;;17.06.09 ; Гомельский р-н        ; детская больница, опорная мачта         ; 52.343930; 30.972530;G
$;B;R  ;GOO; Цегельня           ; CEGEL'NJA :)      ; 305 ; 3494 ;123 ;    ; 3000 ; 3494 ;123 5    ;;;;03.02.10 ; Гомельский р-н        ; агрокомбинат Южный, опорная мачта       ; 52.312585; 31.062100;G
$;B;R  ;GOO; Рогачев            ; ROGACHEV :)       ; 315 ; 3495 ;123 ;    ; 3100 ; 3495 ; 23      ;;;;17.06.09 ;                       ; мкр-н Задрутье по *питон*               ;
$;B;R  ;GOO; Светлогорск        ; SVETLOGORSK :)    ; 315 ; 3497 ;123 ;    ; 3100 ; 3497 ;123      ;;;;04.05.11 ; Авиационная 72        ; филиал ГомельАТЭП, мачта                ; 52.638520; 29.718559;M
$;B;R  ;GOO; Еремино            ; EREMINO :)        ; 305 ; 3498 ;123 ;    ; 3000 ; 3498 ;12346    ;;;;11.04.10 ; Гомельский р-н        ; агрокомбинат Южный,мехдвор,опорная мачта; 52.505574; 30.949724;G
$;B;R  ;GOO; Рогачев            ; ROGACHEV :)       ; 315 ; 3499 ;123 ;    ; 3100 ; 3499 ;123  6   ;;;;05.11.11 ; К.Либкнехта, 19       ; завод напитков, башня 40м               ; 53.070533; 30.051835;G
$;B;R  ;GOO; Калинковичи        ; KALINKOVICHI :)   ; 315 ; 3502 ;123 ;    ; 3100 ; 3502 ;123456   ;;;;24.10.11 ; Советская 35          ; общежитие, мачта                        ; 52.126829; 29.337046;G
$;B;R  ;GOO; Калинковичи        ; KALINKOVICHI :)   ; 315 ; 3503 ;123 ;    ; 3100 ; 3503 ;123 56   ;;;;18.05.10 ; Куйбышева, 28         ; мебельный  комбинат, башня 40м          ; 52.120763; 29.343256;G
$;B;R  ;GOO; Речица             ; RECHICA :)        ; 315 ; 3504 ;123 ;    ; 3100 ; 3504 ;1234     ;;;;04.07.10 ; Залинейная, 1         ; речицаагрохимсервис, башня 40м          ; 52.342845; 30.387357;G 
$;B;R  ;GOO; Туровичи           ; TUROVICHI :)      ; 315 ; 3505 ;123 ;    ;      ;      ;         ;;;;04.05.11 ; Калинковичский р-н    ; башня 70м                               ; 52.267819; 29.286643;G
$;B;R  ;GOO; Домановичи         ; DOMANOVICHI :)    ; 315 ; 3506 ;123 ;    ;      ;      ;         ;;;;04.05.11 ; Калинковичский р-н    ; башня                                   ; 52.346070; 29.386240;Y
$;B;R  ;GOO; Добруш             ; DOBRUSH :)        ; 315 ; 3507 ;123 ;    ;      ;      ;         ;;;;19.05.10 ; Фрунзе, 17            ; райагросервис, мачта                    ; 52.400510; 31.332592;G
$;B;R  ;GOO; Хойники            ; HOJNIKI :)        ; 315 ; 3508 ;123 ;    ; 3100 ; 3508 ;123456   ;;;;27.07.10 ; Советская, 50а        ; типография, мачта                       ; 51.888253; 29.965203;G 
$;B;R  ;GOO; Житковичи          ; ZHITKOVICHI :)    ; 315 ; 3509 ;123 ;    ;      ;      ;         ;;;;19.03.10 ; Молодежная, 40        ; столб                                   ; 52.230014; 27.860652;G
$;B;R  ;GOO; Житковичи          ; ZHITKOVICHI :)    ; 315 ; 3510 ;123 ;    ;      ;      ;         ;;;;19.03.10 ; Фрунзе, 67а           ; заброшенное общежитие, мачта            ; 52.206602; 27.856003;G
$;B;R  ;GOO; Житковичи          ; ZHITKOVICHI :)    ; 315 ; 3511 ;1 3 ;    ;      ;      ;         ;;;;04.05.11 ;                       ; западная окраина                        ;          ;          ;
$;B;R  ;GOO; Калинковичи        ;                   ; 315 ; 3512 ;123 ;    ; 3100 ; 3512 ;123      ;;;;27.09.12 ; Советская, 14         ; Райтопсбыт, башня 40м                   ; 52.148422; 29.342331;Y 
$;B;R  ;GOO; Боровики           ;                   ; 315 ; 3513 ;123 ;456 ; 3100 ; 3513 ;123      ;;;;19.05.10 ; Мозырский р-н         ; Р31, башня 40м                          ; 52.077060; 29.272095;Y
$;B;R  ;GOO; Речица             ; RECHICA :)        ; 315 ; 3514 ;123 ;    ;      ;      ;         ;;;;04.07.10 ; Ленина, 211           ; КУП Горрайтопсбыт, башня 40м            ; 52.351850; 30.406520;G
$;B;R  ;GOO; Хойники            ; HOJNIKI :)        ; 315 ; 3515 ;123 ;    ;      ;      ;         ;;;;13.08.14 ; Тургенева             ; ГСК, башня                              ; 51.914252; 29.978058;G
$;B;R  ;GOO; Рабкор             ; OKTJABRSKIJ :)    ; 315 ; 3516 ;123 ;    ;      ;      ;         ;;;;09.07.10 ; Октябрьский р-н       ; ж-д ст., башня 50м                      ; 52.607087; 28.847287;G
$;B;R  ;GOO; Махновичи          ;                   ; 315 ; 3551 ;123 ;    ;      ;      ;         ;;;;24.10.11 ; Мозырский р-н         ; Р36, 40 км, башня 70м                   ; 51.880525; 28.788335;G
$;B;R  ;GOO; Рудня              ;                   ; 315 ; 3552 ;123 ;    ;      ;      ;         ;;;;17.07.17 ; Мозырский р-н         ; Р31, башня                              ; 51.888663; 29.186908;G 
$;B;R  ;GOO; Осовец             ; OSOVEC :)         ; 315 ; 3553 ;1 3 ;    ;      ;      ;         ;;;;04.05.11 ; Мозырский р-н         ; башня                                   ; 52.051026; 28.703542;G
$;B;R  ;GOO; Замошье            ;                   ; 315 ; 3555 ; 23 ;    ;      ;      ;         ;;;;24.10.11 ; Лельчицкий р-н        ; башня? *питон*                          ; 51.979800; 28.406050;Y*w
$;B;R  ;GOO; Марковичи          ;                   ; 315 ; 3560 ;123 ;    ;      ;      ;         ;;;;13.10.12 ; Гомельский р-н        ; башня 70м                               ; 52.117775; 31.237180;G
$;B;R  ;GOO; Воевода            ; VOEVODA :)        ; 315 ; 3561 ;123 ;    ;      ;      ;         ;;;;13.10.12 ; Гомельский р-н        ; М10, башня 70м                          ; 52.310131; 31.217380;G
$;B;R  ;GOO; Заречье            ; ZARECH'E :)       ; 315 ; 3562 ;123 ;    ;      ;      ;         ;;;;07.11.10 ; Речицкий р-н          ; ?                                       ; 52.431730; 30.078330;
$;B;R  ;GOO; Полесье            ; POLESE :)         ; 315 ; 3567 ;123 ;    ;      ;      ;         ;;;;26.08.10 ; Чечерский р-н         ; Р38, башня 70м                          ; 53.083998; 31.275909;G
$;B;R  ;GOO; Ельск              ;                   ; 315 ; 3568 ;123 ;    ;      ;      ;         ;;;;29.07.11 ; Красный Пильщик       ; мебельная фабрика, мачта                ; 51.847722; 29.142469;G
$;B;R  ;GOO; Козенки            ;  KOZENKI :)       ; 315 ; 3569 ;123 ;456 ; 3100 ; 3569 ;1234     ;;;;23.04.10 ; Мозырский р-н         ; Р36, Мозырьагросервис, мачта            ; 52.014538; 29.191879;Gw
$;B;R  ;GOO; Копцевичи          ; KOPCEVICHI :)     ; 315 ; 3570 ;123 ;    ;      ;      ;         ;;;;04.05.11 ; Петриковский р-н      ; опорная мачта                           ; 52.247335; 28.285155;G
$;B;R  ;GOO; Малодуша           ; N BARSUK :)       ; 315 ; 3571 ;123 ;    ;      ;      ;         ;;;;27.07.10 ; Речицкий р-н          ; РТПС                                    ; 52.136477; 30.243263;G
$;B;R  ;GOO; Мозырская промзона ;                   ; 315 ; 3572 ;123 ;    ; 3100 ; 3572 ;123456   ;;;;02.07.16 ; Мозырский р-н         ; ТЭЦ, труба                              ; 51.904801; 29.313401;G
$;B;R  ;GOO; Мозырь             ; MOZYR :)          ; 315 ; 3573 ;123 ;    ; 3100 ; 3573 ;123  6   ;;;;27.09.12 ; Интернациональная     ; горнолыжный комплекс, столб             ; 52.028177; 29.258172;G 
$;B;R  ;GOO; Речица             ; RECHICA :)        ; 315 ; 3576 ;123 ;    ; 3100 ; 3576 ;123456   ;;;;04.07.10 ; Молодежная, 3а        ; труба котельной пивзавода               ; 52.353520; 30.425580;GPS
$;B;R  ;GOO; Буда               ; BUDY :)           ; 315 ; 3577 ;123 ;    ;      ;      ;         ;;;;30.06.08 ; Житковичский р-н      ; Р23, опорная мачта                      ; 52.301275; 27.455645;Y
$;B;R  ;GOO; Волосовичи         ; VOLOSOVICHI :)    ; 315 ; 3578 ;123 ;    ;      ;      ;         ;;;;04.10.10 ; Чечерский р-н         ; Р38, опорная мачта                      ; 52.996088; 31.167979;G
$;B;R  ;GOO; Веселовка          ; VESELOVKA :)      ; 315 ; 3580 ;123 ;    ;      ;      ;         ;;;;29.05.10 ; Добрушский р-н        ; Р124, п/п Веселовка, опорная мачта      ; 52.126642; 31.728317;G
$;B;R  ;GOO; Новые Журавичи     ;NOVYE ZHURAVICHI :); 315 ; 3581 ;123 ;    ;      ;      ;         ;;;;27.05.11 ; Рогачевский р-н       ; опорная мачта                           ; 53.231586; 30.590433;G
$;B;R  ;GOO; Брагин             ; BRAGIN :)         ; 315 ; 3582 ;123 ;    ; 3100 ; 3582 ;123456   ;;;;27.07.10 ; Советская, 6          ; универмаг, мачта                        ; 51.783028; 30.273261;G
$;B;R  ;GOO; Прибор             ; PRIBOR :)         ; 305 ; 3583 ;123 ;    ; 3000 ; 3583 ; 23 56   ;;;;05.07.10 ; Гомельский р-н        ; общежитие ПТУ-185, мачта                ; 52.405042; 30.763550;G
$;B;R  ;GOO; Наровля            ;                   ; 315 ; 3584 ;123 ;    ;      ;      ;         ;;;;17.07.18 ; Минская, 40           ; котельная, труба                        ; 51.809991; 29.485974;G 
$;B;R  ;GOO; Романовичи         ; ROMANOVICHI :)    ; 305 ; 3585 ;123 ;    ; 3000 ; 3585 ;123456   ;;;;16.12.10 ; пер.Советский, 11     ; почта, мачта                            ; 52.427187; 31.120570;G
$;B;R  ;GOO; Жлобин             ;                   ; 315 ; 3586 ;123 ;456 ; 3100 ; 3586 ;123456   ;;;;16.07.12 ; Шоссейная, 147        ; мебельный магазин, мачта                ; 52.883223; 30.019796;G
$;B;R  ;GOO; Мозырь             ;                   ; 315 ; 3590 ;123 ;    ; 3100 ; 3590 ;1234 6   ;;;;24.10.10 ; Котловца, 4           ; химчистка, мачта                        ; 52.026739; 29.226484;G
$;B;R  ;GOO; Речица             ;                   ; 315 ; 3591 ;123 ;456 ; 3100 ; 3591 ;123      ;;;;05.09.14 ; Рокоссовского, 19     ;                                         ; 52.381660; 30.357021;G*
$;B;R  ;GOO; Жлобин             ;                   ; 315 ; 3592 ;123 ;    ; 3100 ; 3592 ;123456   ;;;;27.08.12 ; 3й мкрн. 1            ; общежитие КДЖУП "ЖилКомСервис-2"        ; 52.882723; 30.036691;G 
$;B;R  ;GOO; Мозырь             ;                   ;     ;      ;    ;    ; 3100 ; 3593 ;123  6   ;;;;27.09.12 ; Я.Купалы, 26а         ; стадион Юность, мачта                   ; 52.040230; 29.276838;Y
$;B;R  ;GOO; Мозырь             ;                   ; 315 ; 3596 ;123 ;    ; 3100 ; 3596 ;123      ;;;;27.03.13 ; Малинина, 13          ; магазин "ЕвроОпт", мачта                ; 52.035395; 29.201451;G
$;B;D  ;GOO; Мозырь             ;                   ; 315 ; 3596 ;    ;456 ;      ;      ;         ;;;;15.04.18 ; Малинина, 13          ; магазин "ЕвроОпт", мачта                ; 52.035395; 29.201451;G
$;B;R  ;GOO; Рогачев            ; ROGACHEV :)       ; 315 ; 3597 ;123 ;456 ; 3100 ; 3597 ;123      ;;;;01.01.13 ; Друтская, 230         ; консервно-пивоваренный комбинат, мачта  ; 53.102090; 30.037480;G
$;B;R  ;GOO; Жлобин             ;                   ; 315 ; 3599 ;123 ;    ; 3100 ; 3599 ;123      ;;;;16.07.12 ; Ленинградская         ; автостоянка, столб                      ; 52.910330; 30.033799;G 
$;B;R  ;GOO; Дербичи            ;                   ; 315 ; 3605 ;123 ;    ;      ;      ;         ;;;;11.11.13 ; Буда-Кошелевский р-н  ; М8, башня 70м                           ; 52.896400; 30.660490;Y
$;B;R  ;GOO; Забродье           ; ZABRODE :)        ; 315 ; 3609 ;123 ;    ;      ;      ;         ;;;;30.06.08 ; Житковичский р-н      ; М10, башня 70м                          ; 52.259501; 27.837212;G
$;B;R  ;GOO; Наспа              ;                   ; 315 ; 3612 ;123 ;    ;      ;      ;         ;;;;11.11.13 ; Буда-Кошелевский р-н  ; М5, башня                               ; 52.711050; 30.344160;G
$;B;R  ;GOO; Мозырь             ;                   ; 315 ; 3614 ;123 ;    ; 3100 ; 3614 ;123      ;;;;02.07.16 ; Нелидова              ; Пхов, м-н Заречный, столб               ; 52.081435; 29.234407;G
$;B;R  ;GOO; Мозырь             ;                   ;     ;      ;    ;    ; 3100 ; 3615 ;123      ;;;;27.09.12 ; Ветровая, 1           ; труба котельной                         ; 52.045883; 29.229584;G
$;B;R  ;GOO; Мозырь             ;                   ; 315 ; 3617 ;123 ;    ; 3100 ; 3617 ;123  6   ;;;;25.08.13 ; 17 Сентября, 2        ; кинотеатр Мир, мачта                    ; 52.044583; 29.256629;G
$;B;R  ;GOO; Мозырь             ;                   ; 315 ; 3618 ;123 ;    ; 3100 ; 3618 ;123      ;;;;12.04.14 ; Фрунзе, 55            ; УП Мозырьзеленстрой, башня 40м          ; 52.040640; 29.262514;G 
$;B;R  ;GOO; Мозырь             ;                   ; 315 ; 3619 ;123 ;    ; 3100 ; 3619 ;123      ;;;;02.07.16 ; Викентьева            ; столб                                   ; 52.057182; 29.218729;G
$;B;R  ;GOO; Солоное            ;                   ; 315 ; 3620 ;123 ;    ; 3100 ; 3620 ;1 3  6   ;;;;29.12.13 ; Жлобинский р-н        ; башня около БМЗ                         ; 52.850459; 30.008758;G
$;B;R  ;GOO; Ильич              ; ILICH :)          ; 305 ; 3621 ;123 ;    ; 3000 ; 3621 ;123 56   ;;;;27.03.13 ; Гомельский р-н        ; Кленки, опорная мачта МТС               ; 52.451235; 31.076514;G
$;B;R  ;GOO; Жлобин             ;                   ; 315 ; 3622 ;123 ;    ; 3100 ; 3622 ;123 5    ;;;;29.12.13 ; К.Маркса, 58          ; башня 40м                               ; 52.900590; 30.057912;G
$;B;R  ;GOO; Поколюбичи         ;                   ; 305 ; 3623 ;123 ;    ; 3000 ; 3623 ;12345    ;;;;24.05.15 ; Гомельский р-н        ; фермерское хозяйство, башня             ; 52.507695; 31.027601;G
$;B;R  ;GOO; Мозырь             ;                   ; 315 ; 3624 ;123 ;    ; 3100 ; 3624 ;123      ;;;;07.04.18 ; Социалистическая, 120 ; Беларусбанк, отд.N317/10, мачта Velcom  ; 52.078200; 29.199830;G
$;B;R  ;GOO; Сосновый Бор       ;                   ; 315 ; 3625 ;123 ;    ;      ;      ;         ;;;;28.07.18 ; Светлогорский р-н     ; башня (чья? Velcom?)                    ; 52.521850; 29.589590;Y*
$;B;R  ;GOO; Дзержинск          ;                   ;     ;      ;    ;    ;      ;      ;         ;;;;16.12.13 ; Лельчицкий р-н        ; *карта*                                 ; 51.669641; 27.548561;*
$;B;R  ;GOO; Милашевичи         ;                   ;     ;      ;    ;    ;      ;      ;         ;;;;16.12.13 ; Лельчицкий р-н        ; *карта*                                 ;          ;          ;
$;B;R  ;GOO; Глушковичи         ;                   ;     ;      ;    ;    ;      ;      ;         ;;;;16.12.13 ; Лельчицкий р-н        ; башня? *карта*                          ; 51.559420; 27.781660;Y*w
$;B;R  ;GOO; Рогачев            ;                   ;     ;      ;    ;    ;      ;      ;         ;;;;09.03.17 ; Дзержинского, 17      ; поликлиника ЦРБ, мачта                  ; 53.080635; 30.045165;G
$;B;S  ;GOO; Мозырь             ;                   ;     ;      ;    ;    ;      ;      ;         ;;;;31.07.18 ; Крупской, 12          ; трикотажная ф-ка Славянка, мачта Velcom ; 52.044588; 29.248245;Y
$;B;D  ;GOO; Лясковичи          ;                   ;     ;      ;    ;    ;      ;      ;         ;;;;04.05.07 ;                       ; сельский клуб, мачта                      ;          ;          ;
$;B;D  ;GO.; Гомель             ; GOMEL' :)         ; 305 ; 3010 ;123 ;456 ; 3000 ; 3010 ;123      ;;;;26.06.07 ; Достоевского, 1       ; з-д химмела, мачта  дем. в феврале 2014   ; 52.386463; 31.021711;G
$;B;D  ;GO.; Гомель             ; GOMEL' :)         ; 305 ; 3034 ;123 ;    ; 3000 ; 3034 ;123      ;;;;13.10.09 ; Головацкого (17-й м-н); автостоянка, столб дем. в феврале 2014    ; 52.452906; 31.016217;G
$;B;D  ;GOO; Гомель             ; AEROPORT :)       ; 305 ; 3439 ;123 ;    ;      ;      ;         ;;;;01.02.09 ; аэропорт              ; гостиница Полет, мачта дем. в марте 2014  ; 52.521351; 31.016459;G
$;B;D  ;GOO; Поколюбичи         ;                   ; 305 ; 3589 ;123 ;    ; 3000 ; 3589 ;123      ;;;;28.07.13 ; Гомельский р-н        ; МТФ, админ.корпус, мачта дем. в мае 2015  ; 52.508934; 31.027432;G
$;B;D  ;GOO; Туров              ;                   ; 315 ; 3575 ;123 ;    ;      ;      ;         ;;;;14.08.10 ; Житковичский р-н;Ленинская 152, ОАО "Туровщина", мачта дем. в мае 2017; 52.063970; 27.759360;G
$;B;D  ;GOO; Мозырь             ;                   ; 315 ; 3437 ;123 ;    ; 3100 ; 3437 ;1        ;;;;10.02.09 ; Социалистическая?     ; труба котельной? дем.                     ; 52.073982; 29.206119;+
$;B;D  ;GOO; Сосновый Бор       ; SOSNOVYJ BOR : )  ; 315 ; 3397 ;123 ;    ;      ;      ;         ;;;;05.02.10 ; Светлогорский р-н     ; труба котельной, дем. в декабре 2017      ; 52.523270; 29.604280;Y
$;B;D  ;GO.; Гомель             ; GOMEL :)          ; 305 ; 3051 ;123 ;    ; 3000 ; 3051 ;123456   ;;;;18.02.10 ; Жарковского, 7А       ; АТС-71/77, мачта дем. в августе 2018      ; 52.430719; 31.006926;G
 
