KIND;OPR;STAT;AREA;CITY ;CB  ;LAC; CID ; GSM ; DCS;3G L; 3G C;  3G S   ;U-L; U900 ;U-S ;  DATE  ; ADDR                ; REM                               ;  OZIN     ;  OZIE  ;LOCK

/;Гродно

$;B;R;GR.; Гродно ;           ;     ;  125 ;    ;    ;      ;      ;         ;;;;09.06.20 ; Курчатова, 1а        ;                                 ;
$;B;R;GR.; Гродно ;           ; 405 ;  141 ;1   ;    ;      ;      ;         ;;;;18.01.20 ; пр-т Космонавтов, 83 ; микроБС?                        ; 53.670932; 23.873092;G
$;B;R;GR.; Гродно ; GRODNO :) ; 405 ; 4000 ;123 ;456 ; 4000 ; 4000 ;1234 6   ;;;;19.09.09 ; Пестрака, 36         ; АТС-56, мачта                   ; 53.654334; 23.835654;G
$;B;R;GR.; Гродно ; GRODNO :) ; 405 ; 4001 ;123 ;456 ; 4000 ; 4001 ;123456   ;;;;19.09.09 ; К.Маркса, 31         ; Гроднооблсельстрой, трубостойки ; 53.675892; 23.838728;G
$;B;R;GR.; Гродно ; GRODNO :) ; 405 ; 4002 ;123 ;    ; 4000 ; 4002 ;123456   ;;;;19.09.09 ; пр-кт Я.Купалы, 63   ; гостиница "Турист", мачта       ; 53.654320; 23.846810;G
$;B;R;GR.; Гродно ; GRODNO :) ; 405 ; 4003 ;123 ;456 ; 4000 ; 4003 ;123      ;;;;19.09.09 ; Суворова, 135        ; ОАО "Гродножилстрой", трипод    ; 53.650905; 23.785405;G
$;B;R;GR.; Гродно ; GRODNO :) ; 405 ; 4004 ;123 ;    ; 4000 ; 4004 ;123456   ;;;;19.09.09 ; Калиновского, 1      ;гостиница "Беларусь", трубостойки; 53.690900; 23.824127; 
$;B;R;GR.; Гродно ; GRODNO :) ; 405 ; 4005 ;123 ;456 ; 4000 ; 4005 ;12345    ;;;;19.09.09 ; Поповича, 5          ; гостиница "Гродно", трубостойки ; 53.670432; 23.801464;G
$;B;R;GR.; Гродно ; GRODNO :) ; 405 ; 4006 ;123 ;456 ; 4000 ; 4006 ;123456   ;;;;19.09.09 ; Терешковой, 50   ; общежитие Гроднооблсельстрой , мачта; 53.697040; 23.851260;G*w 
$;B;R;GR.; Гродно ; GRODNO :) ; 405 ; 4008 ;123 ;456 ; 4000 ; 4008 ;123  6   ;;;;19.09.09 ; Горького, 123        ; котельная, труба                ; 53.720400; 23.827800;
$;B;R;GR.; Гродно ; GRODNO :) ; 405 ; 4009 ;123 ;    ; 4000 ; 4009 ;123456   ;;;;19.09.09 ; Врублевского, 1а     ; общежитие, трубостойки          ; 53.698835; 23.809790;G
$;B;R;GR.; Гродно ; GRODNO :) ; 405 ; 4010 ;123 ;456 ; 4000 ; 4010 ;12345    ;;;;27.03.11 ; БЛК, 50              ; институт биохимии НАНБ, мачта   ; 53.695380; 23.796050;G* 
$;B;R;GR.; Гродно ; GRODNO :) ; 405 ; 4011 ;123 ;456 ; 4000 ; 4011 ;123456   ;;;;28.05.10 ; Транспортная, 3      ; поликлиника N2, триподы         ; 53.670573; 23.822272;G 
$;B;R;GR.; Гродно ; GRODNO :) ; 405 ; 4012 ;123 ;456 ; 4000 ; 4012 ;123456   ;;;;10.08.12 ; Советская, 18        ; ТД "Неман", трубостойки         ; 53.682335; 23.831575;G
$;B;R;GR.; Гродно ; GRODNO :) ; 405 ; 4014 ;123 ;456 ; 4000 ; 4014 ;123  6   ;;;;19.09.09 ; Горького, 89         ; ПО "Волна", трубостойки         ; 53.704700; 23.818700;
$;B;R;GR.; Гродно ; GRODNO :) ; 405 ; 4015 ;123 ;    ; 4000 ; 4015 ;123      ;;;;19.09.09 ; Богуцкого, 10        ; общежитие, трубостойки          ; 53.709400; 23.804900;
$;B;R;GR.; Гродно ; GRODNO :) ; 405 ; 4016 ;123 ;456 ; 4000 ; 4016 ;1234 6   ;;;;19.09.09 ; пр-кт Космонавтов,100; Азот, управление                ; 53.677100; 23.894100;
$;B;R;GR.; Гродно ; GRODNO :) ; 405 ; 4017 ;123 ;456 ; 4000 ; 4017 ;123456   ;;;;19.09.09 ; ул.Гая, 2а           ; ПТУ-119, общежитие, три трипода ; 53.660930; 23.836430;G
$;B;R;GR.; Гродно ; GRODNO :) ; 405 ; 4018 ;123 ;456 ; 4000 ; 4018 ;123      ;;;;19.09.09 ; Репина, 38           ; АТC-55, мачта                   ; 53.661710; 23.792550;G
$;B;R;GR.; Гродно ; GRODNO :) ; 405 ; 4019 ;123 ;    ; 4000 ; 4019 ;123456   ;;;;19.09.09 ; Буденного, 23        ; РУПС, мачта                     ; 53.685132; 23.847284;G
$;B;R;GR.; Гродно ; GRODNO :) ; 405 ; 4020 ;123 ;456 ; 4000 ; 4020 ;1234 6   ;;;;19.09.09 ; пр-кт Я.Купалы, 89   ; клиническая больница N4, мачта  ; 53.648728; 23.857962;G
$;B;R;GR.; Гродно ; GRODNO :) ; 405 ; 4021 ;123 ;456 ; 4000 ; 4021 ;1234     ;;;;19.09.09 ; Лиможа, 44         ; общежитие тепловых сетей, триподы ; 53.713569; 23.847196; 
$;B;R;GR.; Гродно ; GRODNO :) ; 405 ; 4022 ;123 ;    ; 4000 ; 4022 ;123 56   ;;;;11.02.10 ; Курчатова, 38        ; жилой дом                       ; 53.702554; 23.853900;
$;B;R;GR.; Гродно ; GRODNO :) ; 405 ; 4024 ;123 ;    ; 4000 ; 4024 ;12345    ;;;;19.09.09 ; Томина, 6а           ; жилой дом, трубостойки          ; 53.648549; 23.833460; 
$;B;R;GR.; Гродно ; GRODNO :) ; 405 ; 4025 ;123 ;    ; 4000 ; 4025 ;123456   ;;;;19.09.09 ; скидельское шоссе, 18; ТЭЦ-2, труба                    ; 53.666513; 23.922680; 
$;B;R;GR.; Гродно ; GRODNO :) ; 405 ; 4026 ;123 ;456 ; 4000 ; 4026 ;1234 6   ;;;;14.04.11 ; Куйбышева, 31        ; ДРCУ-47, мачта                  ; 53.686110; 23.870910;G*w
$;B;R;GR.; Гродно ; GRODNO :) ; 405 ; 4030 ;123 ;    ; 4000 ; 4030 ;123456   ;;;;19.09.09 ; Белуша, 55а          ; магазин "Стройматериалы", мачта ; 53.666290; 23.858820;G
$;B;R;GR.; Гродно ; GRODNO :) ; 405 ; 4034 ;123 ;    ; 4000 ; 4034 ;1234     ;;;;19.09.09 ; пер.Виленский, 16    ; ОАО "Рембыттехника", триподы    ; 53.684910; 23.828500;G 
$;B;R;GR.; Гродно ; GRODNO :) ; 405 ; 4041 ;123 ;456 ; 4000 ; 4041 ;123456   ;;;;07.06.10 ; пер.Дзержинского, 8а ; кафе "Парнас", мачта            ; 53.698700; 23.838100;G
$;B;R;GR.; Гродно ; GRODNO :) ; 405 ; 4042 ;    ;456 ; 4000 ; 4042 ;1234     ;;;;19.09.09 ; Дзержинского, 98     ; УП "Фильтр" ОО "БелТИЗ", мачта  ; 53.711155; 23.839405;G
$;B;R;GR.; Гродно ; GRODNO :) ; 405 ; 4048 ;    ;456 ; 4000 ; 4048 ;1234     ;;;;19.09.09 ; Горького, 121        ; УСК РБ по ГрО, трубостойки      ; 53.715900; 23.813380;G* 
$;B;R;GR.; Гродно ; GRODNO :) ; 405 ; 4049 ;    ;456 ; 4000 ; 4049 ;123456   ;;;;19.09.09 ; Врублевского, 33     ; ИПО ГрГУ (бывш. ДК Юность), триподы; 53.704342; 23.807601;G 
$;B;R;GR.; Гродно ; GRODNO :) ; 405 ; 4050 ;123 ;    ; 4000 ; 4050 ;123456   ;;;;19.09.09 ; Горького, 91         ; ООО "ВекторКорп", трипод        ; 53.709230; 23.816270;G*
$;B;R;GR.; Гродно ; GRODNO :) ; 405 ; 4055 ;123 ;456 ; 4000 ; 4055 ;12345    ;;;;20.07.10 ; Томина, 18           ; общежитие, трубостойки          ; 53.649492; 23.824876;
$;B;R;GR.; Гродно ; GRODNO :) ; 405 ; 4056 ;123 ;    ; 4000 ; 4056 ;1 3  6   ;;;;19.09.09 ; Славинского, 27      ; РУАП "Овощная фабрика", опорная мачта; 53.640716; 23.812748;G
$;B;R;GR.; Гродно ; GRODNO :) ; 405 ; 4063 ;123 ;    ; 4000 ; 4063 ;123456   ;;;;19.09.09 ; Замковая, 4          ; дом быта, триподы               ; 53.677360; 23.827740;G 
$;B;R;GR.; Гродно ;           ;     ;      ;    ;    ; 4000 ; 4064 ;  3      ;;;;05.05.13 ; пер.Южный, 16        ; ЦТП N12-127, столб              ; 53.643850; 23.863390;G
$;B;R;GR.; Гродно ; GRODNO :) ; 405 ; 4065 ;    ;456 ; 4000 ; 4065 ;123456   ;;;;19.09.09 ; Лиможа, 30           ; дискаунтер "Евроопт", мачта     ; 53.708490; 23.847910;G 
$;B;R;GR.; Гродно ; GRODNO :) ; 405 ; 4066 ;123 ;456 ; 4000 ; 4066 ;123      ;;;;10.06.10 ; Домбровского, 39     ; магазин "Феникс", мачта         ; 53.703961; 23.798020;
$;B;R;GR.; Гродно ; GRODNO :) ; 405 ; 4067 ;123 ;    ; 4000 ; 4067 ;123 5    ;;;;21.05.10 ; Господарчая, 10   ;КУП "ЖКХ Гродненского района", мачта; 53.703600; 23.828480;G*
$;B;D;GR.; Гродно ; GRODNO :) ; 405 ; 4068 ;123 ;    ; 4000 ; 4068 ;123      ;;;;25.02.10 ; скидельское шоссе, 20; РУП "Белвторполимер", трипод?   ; 53.661557; 23.954797;G 
$;B;R;GR.; Гродно ; GRODNO :) ; 405 ; 4074 ;123 ;    ; 4000 ; 4074 ; 2       ;;;;19.09.09 ; мкр-н Барановичи     ; Городенская 1а, клуб, опорная мачта; 53.675448; 23.728377;G*
$;B;R;GR.; Гродно ; GRODNO :) ; 405 ; 4076 ;123 ;456 ; 4000 ; 4076 ;12345    ;;;;18.04.11 ; Мира, 9а             ; УП "Гроднооблводоканал", мачта  ; 53.673845; 23.814345;G  
$;B;R;GR.; Гродно ; GRODNO :) ; 405 ; 4077 ;123 ;    ; 4000 ; 4077 ;123  6   ;;;;14.02.10 ; Суворова, 127        ; труба котельной                 ; 53.659320; 23.802840;G  
$;B;R;GR.; Гродно ; GRODNO :) ; 405 ; 4080 ;123 ;    ; 4000 ; 4080 ; 23      ;;;;27.06.11 ; Сокольская, 20а      ; трипод? *питон*                 ; 53.653330; 23.799460;G*w
$;B;R;GR.; Гродно ; GRODNO :) ; 405 ; 4081 ;123 ;    ; 4000 ; 4081 ;1234     ;;;;16.01.11 ; Фестивальная, 16     ; лесхоз, башня?                  ; 53.687375; 23.799180;G*w
$;B;R;GR.; Гродно ; GRODNO :) ; 405 ; 4082 ;123 ;    ; 4000 ; 4082 ;1234 6   ;;;;05.09.10 ; Брикеля, 7           ; общежитие ГрГАУ, трубостойки    ; 53.699460; 23.845642;
$;B;R;GR.; Гродно ; GRODNO :) ; 405 ; 4083 ;123 ;    ; 4000 ; 4083 ;123      ;;;;16.01.11 ; Коммунальная, 32     ; склады, столб                   ; 53.688455; 23.814439; 
$;B;R;GR.; Гродно ; GRODNO :) ; 405 ; 4085 ;123 ;    ; 4000 ; 4085 ;123      ;;;;22.05.10 ; Западная, 24         ; автостоянка, башня 40м          ; 53.656059; 23.817239;G
$;B;R;GR.; Гродно ; GRODNO :) ; 405 ; 4086 ;123 ;    ; 4000 ; 4086 ;123456   ;;;;19.07.10 ; пер.Доватора, 3/1    ; ГрГУ, учебный корпус N2, мачта  ; 53.695190; 23.826590;G
$;B;R;GR.; Гродно ; GRODNO :) ; 405 ; 4088 ;123 ;    ; 4000 ; 4088 ;123456   ;;;;25.09.10 ; Ленина, 32           ; корпус ГрГУ, 2 трипода          ; 53.683467; 23.839744; 
$;B;R;GR.; Гродно ; GRODNO :) ; 405 ; 4090 ;123 ;    ; 4000 ; 4090 ;1234 6   ;;;;06.06.10 ; Лиможа, 55           ; автостоянка, столб              ; 53.716860; 23.850580;G 
$;B;R;GR.; Гродно ; GRODNO :) ; 405 ; 4092 ;123 ;    ; 4000 ; 4092 ;123456   ;;;;20.07.10 ; Поповича, 50         ; центр культуры, мачта           ; 53.666872; 23.806050;G 
$;B;R;GR.; Гродно ;           ; 405 ; 4096 ;123 ;    ; 4000 ; 4096 ; 23      ;;;;16.01.11 ; Пучкова, 36          ; автомойка "Кардена", мачта      ; 53.650630; 23.805550;G 
$;B;R;GR.; Гродно ; GRODNO :) ; 405 ; 4097 ;123 ;    ; 4000 ; 4097 ;1234     ;;;;09.06.10 ; Куйбышева, 1/1       ; мебельный магазин, мачта        ; 53.686390; 23.860150;G 
$;B;R;GR.; Гродно ;           ;     ;      ;    ;    ; 4000 ; 4098 ;123  6   ;;;;10.08.12 ; Лиможа, 27           ; жилой дом, трипод МТС           ; 53.709757; 23.851956; 
$;B;R;GR.; Гродно ; GRODNO :) ; 405 ; 4099 ;123 ;    ; 4000 ; 4099 ;123 5    ;;;;27.06.11 ; индурское шоссе, 30  ; рынок "Южный", столб            ; 53.624475; 23.865230;G
$;B;R;GR.; Гродно ; GRODNO :) ; 405 ; 4101 ;123 ;    ; 4000 ; 4101 ;123      ;;;;27.06.11 ; индурское шоссе, 17  ; здание рядом с АЗС, мачта       ; 53.636880; 23.840550;G
$;B;R;GR.; Гродно ;           ;     ;      ;    ;    ; 4000 ; 4103 ;12       ;;;;19.05.11 ; Фолюш, 15/186а       ; столб                           ; 53.664288; 23.776160;G
$;B;R;GR.; Гродно ;           ; 405 ; 4104 ;    ;4   ; 4000 ; 4104 ;1        ;;;;02.05.11 ; пр-кт Космонавтов, 81; корона?                         ;          ;          ;
$;B;R;GR.; Гродно ; GRODNO :) ; 405 ; 4105 ;123 ;    ; 4000 ; 4105 ;123      ;;;;03.04.11 ; Терешковой, 20б      ; общежитие, мачта                ; 53.696500; 23.843340;G 
$;B;R;GR.; Гродно ; GRODNO :) ; 405 ; 4106 ;123 ;456 ; 4000 ; 4106 ;123456   ;;;;18.04.11 ; Поповича, 4а ; торговый колледж, общежитие, два трипода; 53.673710; 23.804910;G  
$;B;R;GR.; Гродно ; GRODNO :) ; 405 ; 4109 ;123 ;    ; 4000 ; 4109 ;123  6   ;;;;03.09.11 ; пр-кт Космонавтов, 60; УГКСЭ РБ по ГрО, мачта          ; 53.674280; 23.865630;G
$;B;R;GR.; Гродно ; GRODNO :) ; 405 ; 4110 ;123 ;456 ; 4000 ; 4110 ;123  6   ;;;;04.05.11 ; пер.Победы, 4        ; РУП "Гроднопромтара", мачта     ; 53.659980; 23.826410;G  
$;B;R;GR.; Гродно ; GRODNO :) ; 405 ; 4112 ;123 ;    ; 4000 ; 4112 ;123      ;;;;21.10.11 ; Гожская, 2а          ; аторазборка, столб              ; 53.753950; 23.825860;G 
$;B;R;GR.; Гродно ; GRODNO :) ; 405 ; 4114 ;123 ;    ; 4000 ; 4114 ;123      ;;;;16.01.11 ; Гарбарская, 4        ; ПО "Труд", трипод               ; 53.686220; 23.824685;G 
$;B;R;GR.; Гродно ; GRODNO :) ; 405 ; 4115 ;123 ;456 ; 4000 ; 4115 ;1234 678 ;;;;16.01.11 ; Дзержинского, 54  ; многоуровневый паркинг, два трипода; 53.693990; 23.837400;G 
$;B;R;GR.; Коробчицы; GRODNO :) ; 405 ; 4116 ;123 ;  ; 4000 ; 4116 ; 23 56   ;;;;12.09.11 ; Гродненский р-н      ; башня 40м                       ; 53.616673; 23.757290;G
$;B;R;GR.; Береговой;GRODNO :); 405 ; 4117 ;123 ;    ; 4000 ; 4117 ;123      ;;;;05.05.13 ; Е.Полоцкой, 2        ; РУСП"Белплемживобъединение", башня 40м; 53.645643; 23.990040;G
$;B;R;GR.; Гродно ; GRODNO :) ; 405 ; 4118 ;1   ;456 ;      ;      ;         ;;;;12.09.11 ; мкр-н Малаховичи     ; Фабричная 7а, столб             ; 53.627685; 23.836619;G
$;B;R;GR.; Гродно ;           ; 405 ; 4120 ;123 ;    ; 4000 ; 4120 ;12       ;;;;10.08.12 ; Горького, 97      ; офисное здание, два трипода *питон*; 53.713045; 23.825245;G
$;B;R;GR.; Гродно ;           ;     ;      ;    ;    ; 4000 ; 4122 ;1234 6   ;;;;05.05.13 ; мкрн.Погораны-Кошевники; Архитектурная, башня 40м      ; 53.638140; 23.907642;G
$;B;R;GR.; Гродно ; GRODNO :) ; 405 ; 4123 ;123 ;456 ; 4000 ; 4123 ;123  6   ;;;;27.03.11 ; Лидская, 15          ; ОАО "Гродномебель", мачта       ; 53.669190; 23.853660;G 
$;B;R;GR.; Гродно ; GRODNO :) ; 405 ; 4124 ;123 ;    ; 4000 ; 4124 ;1234 6   ;;;;27.06.11 ; Менделеева, 31а      ; 2-эт. здание с офисами, мачта   ; 53.685500; 23.852770;G 
$;B;R;GR.; Гродно ;           ; 405 ; 4125 ;1   ;    ; 4000 ; 4125 ;1 34     ;;;;05.05.13 ; Садакова, 4х         ; ЦТП N12-128, мачта              ; 53.628770; 23.855785;G
$;B;R;GR.; Гродно ; GRODNO :) ; 405 ; 4126 ;1   ;4   ;      ;      ;         ;;;;10.08.12 ; Славинского, 12      ; мачта                           ;          ;          ;
$;B;R;GR.; Гродно ;           ; 405 ; 4127 ;12  ;    ; 4000 ; 4127 ;1        ;;;;28.01.17 ; Суворова, 76а        ; склад, мачта                    ; 53.659810; 23.816690;G
$;B;R;GR.; Гродно ; GRODNO :) ; 405 ; 4130 ;123 ;456 ; 4000 ; 4130 ;123456   ;;;;03.04.11 ; БЛК, 9               ; общежитие, мачта                ; 53.700619; 23.814816;G 
$;B;R;GR.; Гродно ;           ; 405 ; 4131 ;1 3 ;    ; 4000 ; 4131 ;  3      ;;;;12.09.11 ; Волкова, 4           ; мачта                           ; 53.631195; 23.810345;G
$;B;R;GR.; Гродно ; GRODNO :) ; 405 ; 4132 ;123 ;456 ; 4000 ; 4132 ;1234     ;;;;03.04.11 ; Дзержинского, 113а   ; ЖЭС N13/аптека, трубостойки     ; 53.705260; 23.840770;G 
$;B;R;GR.; Гродно ; GRODNO :) ; 405 ; 4136 ;123 ;456 ; 4000 ; 4136 ;123  6   ;;;;08.04.11 ; Сухомбаева, 7        ; общежитие                       ; 53.694997; 23.811800; 
$;B;R;GR.; Гродно ; GRODNO :) ; 405 ; 4137 ;123 ;    ; 4000 ; 4137 ;123 5    ;;;;03.04.11 ; Пушкина, 41          ; магазин "Охотник и рыболов", трипод; 53.697760; 23.827520;G 
$;B;D;GR.; Гродно ; GRODNO :) ; 405 ; 4138 ;123 ;456 ; 4000 ; 4138 ;123456   ;;;;02.09.11 ; пр-кт Космонавтов, 2а; склад УЧП "Гемма", мачта        ; 53.677000; 23.847840;G 
$;B;R;GR.; Гродно ;           ; 405 ; 4139 ;1   ;    ;      ;      ;         ;;;;01.02.20 ; ул. Поворотная       ; новая БС в р-не Барановичи-Фолюш;
$;B;R;GR.; Гродно ;           ;     ;      ;    ;    ; 4000 ; 4140 ;  3      ;;;;04.09.15 ; ул. Абремского       ; м-н Зарица                      ;
$;B;R;GR.; Гродно ;           ;     ; 4141 ;    ;    ;      ;      ;  3      ;;;;09.06.20 ; ул. Венечная         ; м-н Лососно                     ;
$;B;R;GR.; Гродно ;           ;     ;      ;    ;    ; 4000 ; 4142 ;1 3      ;;;;04.09.15 ; Титова, 24а          ; прачечная, столб                ; 53.667985; 23.817695;G
$;B;R;GR.; Гродно ;           ;     ;      ;    ;    ; 4000 ; 4143 ;1        ;;;;05.05.13 ; ул. Мелодичная       ; м-н Южный                       ;
$;B;R;GR.; Гродно ;           ;     ;      ;    ;    ; 4000 ; 4144 ; 2       ;;;;03.03.19 ; Соломовой, 128       ; общежитие, трипод               ; 53.653893; 23.782090;G
$;B;R;GR.; Гродно ;           ; 405 ; 4145 ;    ;456 ; 4000 ; 4145 ;1 3      ;;;;30.06.13 ; Клецкова пр., 27     ; автостоянка, башня МТС 40м      ; 53.647606; 23.849426;G
$;B;R;GR.; Гродно ;           ; 405 ; 4146 ;1   ;    ;      ;      ;         ;;;;09.12.16 ; Ольшанская           ; башня 40м                       ; 53.625660; 23.805290;G
$;B;R;GR.; Гродно ;           ; 405 ; 4147 ;    ;456 ; 4000 ; 4147 ;  3  678 ;;;;01.02.20 ; Захарова, 32     ;ГрГУ, учебный корпус N6, трубостойки?; 53.678750; 23.847000;G*
$;B;R;GR.; Гродно ;           ;     ; 4148 ;    ;    ;      ;      ;         ;;;;10.10.18 ; Огинского, 16        ; опора осещения                  ; 53.618566; 23.814395;G*
$;B;R;GR.; Гродно ;           ; 405 ; 4149 ; 2  ;    ;      ;      ;         ;;;;06.03.19 ; Огинского, 37?       ; опора 50                        ; 53.621140; 23.806850;G*
$;B;R;GR.; Гродно ;           ;     ; 4150 ;    ;    ;      ;      ;         ;;;;09.06.20 ; ул. Богушевича       ; опора 10                        ;
$;B;R;GR.; Гродно ;           ; 405 ; 4152 ; 23 ;    ; 4000 ; 4152 ; 2 5     ;;;;03.03.18 ; Кленовая, 35         ;                                 ; 
$;B;R;GR.; Гродно ;           ;     ; 4153 ;    ;    ;      ;      ;         ;;;;03.11.17 ; Соломовой, 131	 ; магазин "Евроопт", мачта МТС    ; 53.660360; 23.781700;G
$;B;R;GR.; Гродно ;           ;     ; 4154 ;    ;    ;      ;      ;         ;;;;03.12.17 ; Южная, 19а    	 ; опора освещения                 ; 53.638225; 23.858785;G*
$;B;R;GR.; Гродно ;           ;     ; 4155 ;    ;    ;      ;      ;         ;;;;16.04.20 ; Коммунальная, 3	 ; стадион, опора освещения 35м    ;
$;B;R;GR.; Гродно ;           ;     ; 4200 ;    ;    ;      ;      ;         ;;;;13.05.19 ; К.Маркса, 29    	 ; узел связи                      ; 53.676735; 23.837874;G*

$;B;R;GR.; Гродно ;           ;     ;      ;    ;    ;      ;      ;         ;;;;18.01.17 ; р-н Малыщино         ; башня velcom 70м (или это МТС подселился?)  ; 53.714910; 23.869560;G
$;B;R;GR.; Гродно ;           ;     ;      ;    ;    ;      ;      ;         ;;;;28.01.17 ; БЛК, 44              ; ТЦ "Форты", мачта                           ; 53.696540; 23.805270;G

/;Гродненская область

$;B;R;GRO; Суховляны      ; SUHOVLJANY :)      ; 415 ; 4301 ;123 ;    ;      ;      ;         ;;;;28.05.10 ; Гродненский р-н        ; М6, башня 70м                      ; 53.566793; 24.274511;G
$;B;R;GRO; Протасовщина   ; PROTOSOVSCHINA :)  ; 415 ; 4302 ;123 ;    ;      ;      ;         ;;;;27.12.09 ; Щучинский р-н          ; М6, башня 70м                      ; 53.589041; 24.507011;G
$;B;R;GRO; Пильчуки       ; PIL'CHUKI :)       ; 415 ; 4303 ;123 ;    ;      ;      ;         ;;;;17.08.11 ; Щучинский р-н          ; М6, башня 70м                      ; 53.653067; 24.783992;G
$;B;R;GRO; Ровбы          ; ROVВY :)           ; 415 ; 4304 ;123 ;    ;      ;      ;         ;;;;07.06.10 ; Лидский р-н            ; М6, башня 70м                      ; 53.744101; 24.979573;G
$;B;R;GRO; Мыто           ; MYTO :)            ; 415 ; 4305 ;123 ;    ;      ;      ;         ;;;;27.12.09 ; Лидский р-н            ; М6, РТПС                           ; 53.827724; 25.120615;G 
$;B;R;GRO; Филоновцы      ; FILONOVCY :)       ; 415 ; 4306 ;123 ;    ;      ;      ;         ;;;;28.05.10 ; Лидский р-н            ; М6, башня 70м                      ; 53.835021; 25.472655;G 
$;B;R;GRO; Морино         ; MORINO :)          ; 415 ; 4307 ;123 ;    ; 4100 ; 4307 ;1 3      ;;;;28.05.10 ; Ивьевский р-н          ; М6, башня 70м                      ; 53.86682 ; 25.677313;G
$;B;R;GRO; Лугомовичи     ; LUGOMOVICHI :)     ; 415 ; 4308 ;123 ;    ;      ;      ;         ;;;;28.05.10 ; Ивьевский р-н          ; М6, башня 70м                      ; 53.892762; 25.965688;G
$;B;R;GRO; Бакшты         ; BAKSHTY :)         ; 415 ; 4309 ;123 ;    ;      ;      ;         ;;;;28.05.10 ; Ивьевский р-н          ; М6, башня 70м                      ; 53.953791; 26.183075;G
$;B;R;GRO; Крево          ; KREVO :)           ; 415 ; 4311 ;123 ;    ;      ;      ;         ;;;;24.10.09 ; Сморгонский р-н        ; РТПС                               ; 54.315590; 26.237182;G
$;B;R;GRO; Новоселки      ; NOVOSELKI :)       ; 415 ; 4312 ;1237;    ;      ;      ;         ;;;;24.10.09 ; Ошмянский р-н          ; М7, башня 70м                      ; 54.401757; 26.075957;G
$;B;R;GRO; Тележишки      ; TELEZHISHKI :)     ; 415 ; 4314 ;123 ;    ;      ;      ;         ;;;;24.10.09 ; Ошмянский р-н          ; М7, башня 70м                      ; 54.487822; 25.843454;G
$;B;R;GRO; Каменный Лог   ; KAMENNYJ LOG :)    ; 415 ; 4315 ;123 ;    ;      ;      ;         ;;;;24.10.09 ; Ошмянский р-н          ; М7, башня 70м                      ; 54.519445; 25.737381;G
$;B;R;GRO; Брузги         ;                    ; 415 ; 4316 ;123 ;    ;      ;      ;         ;;;;27.12.09 ; Гродненский р-н        ; М6, башня 70м                      ; 53.549444; 23.703294;G
$;B;R;GRO; Коптевка       ; POLOTKOVO :)       ; 415 ; 4317 ;123 ;    ;      ;      ;         ;;;;27.12.09 ; Гродненский р-н        ; башня 70м                          ; 53.585384; 23.859417;G
$;B;R;GRO; Лида           ; LIDA :)            ; 415 ; 4318 ;123 ;    ;      ;      ;         ;;;;05.02.11 ; Советская, 75          ; ТЭЦ, внизу трубы                   ; 53.90107 ; 25.290452;G
$;B;R;GRO; Лида           ; LIDA :)            ; 415 ; 4319 ;123 ;    ; 4100 ; 4319 ;123456   ;;;;01.12.10 ; Рыбиновского, 20       ; общежитие, мачта                   ; 53.897126; 25.271173;G
$;B;R;GRO; Лида           ; LIDA :)            ; 415 ; 4320 ;123 ;456 ; 4100 ; 4320 ;123456   ;;;;07.02.11 ; Чапаева, 3             ; АТС, автовокзал, мачта             ; 53.884834; 25.295679;G
$;B;R;GRO; Лида           ; LIDA :)            ; 415 ; 4321 ;123 ;456 ; 4100 ; 4321 ;123456   ;;;;01.12.10 ; Машерова, 10           ; завод "Оптик", мачта               ; 53.874424; 25.279660;G
$;B;R;GRO; Лида           ; LIDA :)            ; 415 ; 4322 ;123 ;    ; 4100 ; 4322 ;123456   ;;;;25.08.10 ; Транспортная, 4        ; ДРСУ, мачта                        ; 53.868193; 25.317349;G
$;B;R;GRO; Сморгонь       ; SMORGON' :)        ; 415 ; 4327 ;123 ;    ; 4100 ; 4327 ;123      ;;;;03.04.12 ; Энергетиков            ; совм.башня? *питон*                ; 54.483800; 26.424380;G* 
$;B;R;GRO; Березовка      ; BEREZOVKA :)       ; 415 ; 4329 ;123 ;    ; 4100 ; 4329 ;123456   ;;;;17.10.10 ; Корзюка, 8             ; стеклозавод "Неман", мачта         ; 53.718711; 25.504106;G
$;B;R;GRO; Щучин          ; SHCHUCHIN :)       ; 415 ; 4332 ;123 ;    ;      ;      ;         ;;;;11.08.11 ; Мичурина, 22           ; ЦРБ, мачта                         ; 53.602469; 24.729849;G
$;B;R;GRO; Щучин          ; SHCHUCHIN :)       ; 415 ; 4333 ;123 ;    ; 4100 ; 4333 ;123 56   ;;;;27.12.09 ; пл. Свободы, 11        ; райисполком, мачта                 ; 53.604309; 24.743496;G 
$;B;R;GRO; Мосты          ; MOSTY :)           ; 415 ; 4335 ;123 ;    ; 4100 ; 4335 ;123456   ;;;;30.06.10 ; Советская, 52          ; дом культуры, мачта                ; 53.412461; 24.544036;G
$;B;R;GRO; Мосты          ; MOSTY :)           ; 415 ; 4336 ;123 ;    ;      ;      ;         ;;;;04.02.09 ; 30 лет ВЛКСМ, 165  ; цех меб.производства "Байдимэкс", мачта; 53.426182; 24.537148;G
$;B;R;GRO; Слоним         ; SLONIM :)          ; 415 ; 4338 ;123 ;    ;      ;      ;         ;;;;24.06.10 ; Фабричная, 1           ; ОАО "Альбертин", труба             ; 53.081979; 25.393579;G      
$;B;R;GRO; Слоним         ; SLONIM :)          ; 415 ; 4340 ;123 ;    ; 4100 ; 4340 ;123456   ;;;;26.01.11 ; Коссовский тр, 100     ; ТЦ "Дружба", мачта                 ; 53.070339; 25.311663;G
$;B;R;GRO; Волковыск      ; VOLKOVYSK :)       ; 415 ; 4343 ;123 ;    ; 4100 ; 4343 ;123456   ;;;;06.10.09 ; С.Панковой, 58         ; общежитие, мачта                   ; 53.167543; 24.446412;G
$;B;D;GRO; Волковыск      ; VOLKOVYSK :)       ; 415 ; 4345 ;123 ;    ; 4100 ; 4345 ;1 3      ;;;;27.06.11 ; Октябрьская, 133       ; ОАО "Белакт", мачта                ; 53.132461; 24.414416;G
$;B;R;GRO; Волковыск      ; VOLKOVYSK :)       ; 415 ; 4346 ;123 ;    ; 4100 ; 4346 ;123456   ;;;;06.10.09 ; Ленина, 15             ; башня РЭС                          ; 53.161437; 24.460389;G
$;B;R;GRO; Волковыск      ; VOLKOVYSK :)       ; 415 ; 4347 ;123 ;    ; 4100 ; 4347 ;1234 6   ;;;;06.10.09 ; Зенитчиков, 27         ; автобусный парк N4 , мачта         ; 53.149310; 24.462020;G
$;B;R;GRO; Свислочь       ; SVISLOCH :)        ; 415 ; 4348 ;123 ;    ;      ;      ;         ;;;;06.07.10 ; Волковысское шоссе, 5  ; РТПС                               ; 53.045825; 24.100812;G
$;B;R;GRO; Зельва         ; ZELVA :)           ; 415 ; 4350 ;123 ;    ; 4100 ; 4350 ;123 56   ;;;;05.04.11 ; пер.Больничный, 5      ; ЦРБ, мачта                         ; 53.148890; 24.824584;G
$;B;R;GRO; Свислочь       ; SVISLOCH :)        ; 415 ; 4351 ;123 ;    ;      ;      ;         ;;;;06.07.10 ; Ленина, 6              ; РУП "Белпочта", мачта с diallog    ; 53.034810; 24.095380;G
$;B;R;GRO; Б.Берестовица  ;                    ; 415 ; 4352 ;123 ;    ;      ;      ;         ;;;;05.01.09 ; Красноармейская, 22    ; РУЭС, мачта                        ; 53.191727; 24.021424;G
$;B;R;GRO; Кореличи       ; KORELICHI :)       ; 415 ; 4354 ;123 ;    ; 4100 ; 4354 ;123456   ;;;;26.12.10 ; Пионерский пер., 8     ; РУЭС, мачта                        ; 53.570630; 26.140940;G
$;B;R;GRO; Кореличи       ; KORELICHI :)       ; 415 ; 4355 ;123 ;    ;      ;      ;         ;;;;17.10.10 ; 8 марта, 62            ; ЦРБ, мачта                         ; 53.577359; 26.131732;G
$;B;R;GRO; Новогрудок     ; NOVOGRUDOK :)      ; 415 ; 4356 ;123 ;456 ; 4100 ; 4356 ;123456   ;;;;05.08.11 ; Ленина, 3              ; РУЭС, мачта                        ; 53.596835; 25.828047;G 
$;B;R;GRO; Вороново       ; VORONOVO :)        ; 415 ; 4362 ;123 ;    ; 4100 ; 4362 ;123456   ;;;;24.08.11 ; Советская, 71          ; ЦРБ, мачта                         ; 54.146827; 25.318900;G
$;B;R;GRO; Ивье           ; IVE :)             ; 415 ; 4363 ;123 ;    ; 4100 ; 4363 ;1234 6   ;;;;22.08.10 ; пл.Комсомольская, 2    ; РУЭС, мачта                        ; 53.931385; 25.769125;G
$;B;R;GRO; Островец       ; OSTROVEC :)        ; 415 ; 4367 ;123 ;    ; 4100 ; 4367 ;123456   ;;;;15.03.09 ; пер.Октябрьский, 11    ; ЦРБ, мачта                         ; 54.610758; 25.967206;G
$;B;R;GRO; Скидель        ; SKIDEL :)          ; 415 ; 4368 ;123 ;    ; 4100 ; 4368 ;123456   ;;;;28.05.10 ; Октябрьская, 40        ; с/х лицей, мачта                   ; 53.587805; 24.235089;G 
$;B;R;GRO; Красносельский ; KRASNOSEL'SKIJ :)  ; 415 ; 4369 ;123 ;    ;      ;      ;         ;;;;03.04.11 ; Волковысский р-н       ; Победы 5, цементный завод, труба   ; 53.263576; 24.446865;G                      
$;B;R;GRO; Озеры          ; OZERY :)           ; 415 ; 4370 ;123 ;    ;      ;      ;         ;;;;12.09.11 ; Гродненский р-н        ; башня 50м                          ; 53.727132; 24.161634;G
$;B;R;GRO; Мир            ; MIR :)             ; 120 ; 4374 ;123 ;    ; 1100 ; 4374 ;123456   ;;;;15.04.12 ; Танкистов, 42          ; ПТУ №234, мачта                    ; 53.452193; 26.477163;G
$;B;R;GRO; Юратишки       ; URATISHKI :)       ; 415 ; 4376 ;123 ;    ;      ;      ;         ;;;;01.09.10 ; Ивьевский р-н          ; сельский универмаг, мачта          ; 54.032773; 25.926763;G
$;B;R;GRO; Любча          ; LUBCHA :)          ; 415 ; 4377 ;123 ;    ;      ;      ;         ;;;;05.08.11 ; Новогрудский р-н       ; Солобутина, 11, исполком, мачта    ; 53.753735; 26.058411;G 
$;B;R;GRO; Новогрудок     ; NOVOGRUDOK :)      ; 415 ; 4378 ;123 ;456 ; 4100 ; 4378 ;123456   ;;;;05.08.11 ; Гродненская, 103       ; межрайонная инспекция труда, мачта ; 53.597264; 25.808225;G
$;B;R;GRO; Сморгонь       ; SMORGON' :)        ; 415 ; 4383 ;123 ;456 ; 4100 ; 4383 ;123      ;;;;21.06.11 ; Советская, 29          ; гостиница, триподы *питон*         ; 54.481305; 26.393805;G
$;B;R;GRO; Геранены       ; GERANENY :)        ; 415 ; 4386 ;123 ;    ;      ;      ;         ;;;;12.01.11 ; Ивьевский р-н          ; Р89, РТПС                          ; 54.118697; 25.560379;G 
$;B;R;GRO; Острино        ; OSTRINO :)         ; 415 ; 4387 ;123 ;    ;      ;      ;         ;;;;12.01.11 ; Щучинский р-н          ; Слатвинского, 34, РТПС             ; 53.73729 ; 24.536558;G
$;B;R;GRO; Дятлово        ; DJАTLOVO :)        ; 415 ; 4389 ;123 ;    ;      ;      ;         ;;;;26.08.11 ; Новогрудская, 4        ; ОАО "Стройкомплекс", мачта         ; 53.470959; 25.413994;G
$;B;R;GRO; Дятлово        ; DJАTLOVO :)        ; 415 ; 4390 ;123 ;    ;      ;      ;         ;;;;26.08.11 ; Энергетичная, 7        ; башня РЭС                          ; 53.466393; 25.385435;G
$;B;R;GRO; Козловщина     ; KOZLOVSCHINA :)    ; 415 ; 4392 ;123 ;    ;      ;      ;         ;;;;20.05.10 ; Дятловский р-н         ; башня 40м                          ; 53.306134; 25.286697;G
$;B;R;GRO; Белогурна      ; BELOGURNO :)       ; 415 ; 4393 ;123 ;    ;      ;      ;         ;;;;12.09.11 ; Дятловский р-н         ; башня 70м                          ; 53.314205; 25.602015;G
$;B;R;GRO; Мижевичи       ; MIZHEVICHI :)      ; 415 ; 4394 ;123 ;    ;      ;      ;         ;;;;02.05.11 ; Слонимский р-н         ; башня 70м                          ; 52.969990; 25.089830;Y
$;B;R;GRO; Милевичи       ; MILEVICHI :)       ; 415 ; 4395 ;123 ;    ;      ;      ;         ;;;;24.06.10 ; Мостовский р-н         ; башня 70м                          ; 53.277134; 24.880326;G
$;B;R;GRO; Сыроежки       ; SYROEZHKI :)       ; 415 ; 4401 ;12  ;    ;      ;      ;         ;;;;14.10.10 ; Волковысский р-н       ; башня 70м                          ; 53.128442; 24.101021;G
$;B;R;GRO; Квасовка       ; KVASOVKA :)        ; 415 ; 4405 ;123 ;    ;      ;      ;         ;;;;27.06.11 ; Гродненский р-н        ; башня 50м                          ; 53.513960; 24.002870;G
$;B;R;GRO; Сморгонь       ; SMORGON' :)        ; 415 ; 4408 ;123 ;    ; 4100 ; 4408 ; 23      ;;;;15.03.09 ; пер.Больничный, 13     ; поликлиника ЦРБ, мачта? *питон*    ; 54.489300; 26.405115;G*w
$;B;R;GRO; Сморгонь       ; SMORGON' :)        ; 415 ; 4409 ;123 ;    ;      ;      ;         ;;;;26.04.11 ; Молодежная, 1а         ; РТПС *питон*                       ; 54.469110; 26.412490;G 
$;B;D;GRO; Сморгонь       ; SMORGON' :)        ; 415 ; 4410 ;123 ;    ;      ;      ;         ;;;;11.02.09 ; Индустриальный пр-т, 27; ИООО "Кроноспан", труба ТЭЦ        ; 54.531429; 26.364483;G
$;B;R;GRO; Слоним         ; SLONIM :)          ; 415 ; 4412 ;123 ;    ; 4100 ; 4412 ;123      ;;;;12.12.11 ; Пушкина, 70            ; винзавод, котельная, мачта         ; 53.100410; 25.305033;G 
$;B;R;GRO; Жировичи       ; ZHIROVICHI :)      ; 415 ; 4414 ;123 ;    ; 4100 ; 4414 ;12345    ;;;;05.04.11 ; Слонимский р-н         ; Соборная, 56, ЖирГАТК, мачта       ; 53.012426; 25.343638;G
$;B;R;GRO; Новая Стража   ; NOVAJA STRAZHA :)  ; 415 ; 4415 ;123 ;    ;      ;      ;         ;;;;27.10.10 ; Слонимский р-н         ; Р99, РТПС                          ; 53.064071; 25.474038;G
$;B;R;GRO; Лида           ; LIDA :)            ; 415 ; 4417 ;123 ;    ; 4100 ; 4417 ;123456   ;;;;19.09.09 ; 2-я Круповская, 1      ; Лидское ПМС                        ; 53.91457 ; 25.238868;G
$;B;R;GRO; Лида           ; LIDA :)            ; 415 ; 4418 ;123 ;    ; 4100 ; 4418 ;123456   ;;;;07.09.10 ; Фурманова, 17          ; ОАО "Лидаагротехсервис", мачта     ; 53.869774; 25.294507;G
$;B;R;GRO; Лида           ; LIDA :)            ; 415 ; 4419 ;123 ;    ; 4100 ; 4419 ;123456   ;;;;19.09.09 ; Тавлая, 23             ; общежитие Лидагропроммаш           ; 53.894123; 25.310445;G
$;B;R;GRO; Пограничный    ; POGRANICHNYJ :)    ; 415 ; 4421 ;123 ;    ;      ;      ;         ;;;;06.07.10 ; Берестовицкий р-н      ; Р99, магазин, мачта                ; 53.117836; 23.974006;G
$;B;R;GRO; Слоним         ; SLONIM :)          ; 415 ; 4423 ;    ;456 ; 4100 ; 4423 ;123456   ;;;;26.09.11 ; Торговая, 9            ; ОАО "Слониммебель", труба          ; 53.090174; 25.33252;G
$;B;R;GRO; Лида           ; LIDA :)            ; 415 ; 4424 ;123 ;    ; 4100 ; 4424 ;123456   ;;;;01.12.10 ; Красноармейская, 106   ; автостоянка, столб                 ; 53.892902; 25.256388;G
$;B;R;GRO; Дуброва        ; DUBROVO :)         ; 415 ; 4425 ;123 ;    ;      ;      ;         ;;;;12.01.11 ; Кореличский р-н        ; башня 40м                          ; 53.445941; 26.022548;G
$;B;R;GRO; Незнаново      ; NEZNANOVO :)       ; 415 ; 4426 ;123 ;    ;      ;      ;         ;;;;18.04.11 ; Новогрудский р-н       ; башня 70м                          ; 53.488510; 25.871473;G 
$;B;R;GRO; Турец          ; TUREC :)           ; 415 ; 4427 ;123 ;    ;      ;      ;         ;;;;27.10.10 ; Кореличский р-н        ; башня 70м                          ; 53.529184; 26.309072;G
$;B;R;GRO; Углы           ; UGLY :)            ; 415 ; 4428 ;123 ;    ;      ;      ;         ;;;;17.10.10 ; Новогрудский р-н       ; башня 70м                          ; 53.668427; 25.649557;G
$;B;R;GRO; Левые Мосты    ; LEVYE MOSTY :)     ; 415 ; 4429 ;123 ;    ;      ;      ;         ;;;;27.06.11 ; Мостовский р-н         ;                                    ;  
$;B;R;GRO; Лунно          ; LUNNO :)           ; 415 ; 4430 ;123 ;    ;      ;      ;         ;;;;12.01.11 ; Мостовский р-н         ; опорная мачта                      ; 53.441850; 24.276400;G
$;B;R;GRO; Толочманы      ; TOLOCHMANY :)      ; 415 ; 4431 ;123 ;    ;      ;      ;         ;;;;06.03.10 ; Свислочский р-н        ; башня 70м                          ; 53.023628; 24.412576;G
$;B;R;GRO; Бенякони       ; BENJAKONI :)       ; 415 ; 4432 ;123 ;    ;      ;      ;         ;;;;11.02.11 ; Вороновский р-н        ; опорная мачта                      ; 54.243895; 25.383090;G
$;B;R;GRO; Заря Коммунизма; ZARJA KOMMUNIZMA :); 415 ; 4433 ;1237;    ;      ;      ;         ;;;;27.02.12 ; Щучинский р-н          ; башня 50м                          ; 53.591951; 24.958784;G
$;B;R;GRO; п/п Привалка   ; PRIVALKI :)        ; 415 ; 4434 ;12  ;    ;      ;      ;         ;;;;31.01.10 ; Гродненский р-н        ; башня 70м                          ; 53.946900; 23.935550;G*w 
$;B;R;GRO; Путришки       ; PUTRISHKI :)       ; 405 ; 4435 ;123 ;    ;      ;      ;         ;;;;10.07.10 ; Гродненский р-н        ; башня 40м                          ; 53.691325; 23.936957;G
$;B;R;GRO; Сопоцкин       ;                    ;     ; 4436 ;    ;    ;      ;      ;         ;;;;15.03.10 ; Гродненский р-н        ; башня 50м                          ; 53.829370; 23.665440;G
$;B;R;GRO; Трокели        ; TROKELI :)         ; 415 ; 4437 ;123 ;    ;      ;      ;         ;;;;10.05.11 ; Вороновский р-н        ; башня 70м                          ; 54.036397; 25.403266;G
$;B;R;GRO; Кошелево       ; KOSHELEVO :)       ; 415 ; 4438 ;123 ;    ;      ;      ;         ;;;;17.10.10 ; Новогрудский р-н       ; башня 70м                          ; 53.536875; 25.731753;G
$;B;R;GRO; Пилюки         ; PILUKI :)          ; 415 ; 4439 ;123 ;    ;      ;      ;         ;;;;10.07.10 ; Гродненский р-н        ; башня 70м                          ; 53.711288; 24.043133;G
$;B;R;GRO; Дайновка       ; DAJNOVKA :)        ; 415 ; 4440 ;123 ;    ;      ;      ;         ;;;;26.04.11 ; Островецкий р-н        ; башня 70м                          ; 54.583115; 25.846190;G
$;B;R;GRO; Ивашковцы      ; IVASHKOVCY :)      ; 415 ; 4441 ;123 ;    ;      ;      ;         ;;;;16.04.11 ; Сморгонский р-н        ; башня 60м                          ; 54.510170; 26.179880;G
$;B;R;GRO; п/п Котловка   ; KOTLOVKA :)        ; 415 ; 4442 ;1 3 ;    ; 4100 ; 4442 ;  3      ;;;;24.06.11 ; Островецкий р-н        ; Р45, башня 70м                     ; 54.716109; 25.74852 ;G
$;B;R;GRO; Михневичи      ; MIHVEVICHI :)      ; 415 ; 4443 ;123 ;    ;      ;      ;         ;;;;17.06.11 ; Сморгонский р-н        ; опорная мачта                      ; 54.424255; 26.518825;G
$;B;R;GRO; Россь          ; ROS :)             ; 415 ; 4444 ;123 ;    ;      ;      ;         ;;;;03.04.11 ; Волковысский р-н       ; Шевякова, 62, опорная мачта        ; 53.285954; 24.418053;G
$;B;R;GRO; Васевичи       ; VASEVICHI :)       ; 415 ; 4450 ;123 ;    ;      ;      ;         ;;;;30.06.10 ; Дятловский р-н         ; башня 50м                          ; 53.389050; 25.549490;G
$;B;R;GRO; Свислочь/Дубичи; SVISLOCH :)        ; 415 ; 4451 ;123 ;    ;      ;      ;         ;;;;03.04.14 ; Волковысский р-н       ; башня *питон*                      ; 52.972575; 24.611120;G
$;B;R;GRO; Новая Руда     ; NOVAJA RUDA :)     ; 415 ; 4452 ;123 ;    ;      ;      ;         ;;;;10.07.10 ; Гродненский р-н        ; башня 70м                          ; 53.823696; 24.254014;G
$;B;R;GRO; Поречье        ; PORECH'E :)        ; 415 ; 4453 ;123 ;    ;      ;      ;         ;;;;15.01.11 ; Гродненский р-н        ; башня 40м                          ; 53.870123; 24.142381;G
$;B;R;GRO; Медвиновичи    ; MEDVINOVICHI :)    ; 415 ; 4454 ;123 ;    ;      ;      ;         ;;;;30.06.10 ; Дятловский р-н         ; М11, башня 70м                     ; 53.390012; 25.290887;G
$;B;R;GRO; Ногородовичи   ; NOGORODOVICHI :)   ; 415 ; 4455 ;123 ;    ;      ;      ;         ;;;;23.08.10 ; Дятловский р-н         ; М11, башня 70м                     ; 53.581694; 25.377168;G
$;B;R;GRO; Великое Село   ; ZHIRMUNY :)        ; 415 ; 4456 ;123 ;    ;      ;      ;         ;;;;24.04.11 ; Лидский р-н            ; башня 70м                          ; 53.998815; 25.200019;G
$;B;R;GRO; Новая Гожа     ; GOZHA :)           ; 415 ; 4457 ;1 3 ;    ;      ;      ;         ;;;;15.01.11 ; Гродненский р-н        ; башня 70м                          ; 53.804305; 23.873978;G
$;B;R;GRO; Радунь         ; RADUN :)           ; 415 ; 4458 ;123 ;    ;      ;      ;         ;;;;08.02.10 ; Вороновский р-н        ; башня 40м                          ; 54.050035; 24.991879;G
$;B;R;GRO; Гольни         ; GOLNI :)           ; 415 ; 4459 ;123 ;    ;      ;      ;         ;;;;30.06.10 ; Берестовицкий р-н      ; башня 70м                          ; 53.301813; 24.021032;G
$;B;R;GRO; Ковали         ; KOVALI :)          ; 415 ; 4460 ;123 ;    ;      ;      ;         ;;;;14.06.10 ; Волковысский р-н       ; башня 70м                          ; 53.375400; 24.370170;G
$;B;R;GRO; Пески          ; PESKI :)           ; 415 ; 4461 ;123 ;    ;      ;      ;         ;;;;24.06.10 ; Мостовский р-н         ; башня 70м                          ; 53.346484; 24.627632;G
$;B;R;GRO; Индура         ; INDURA :)          ; 415 ; 4462 ;12  ;    ;      ;      ;         ;;;;12.01.11 ; Гродненский р-н        ; башня 50м                          ; 53.462000; 23.870530;G 
$;B;R;GRO; Новоельня      ; NOVOEL'NJA :)      ; 415 ; 4463 ;123 ;    ;      ;      ;         ;;;;11.02.11 ; Дятловский р-н         ; Снитко, 4, почта, мачта            ; 53.464529; 25.581059;G
$;B;R;GRO; Заболоть       ; ZABOLOT :)         ; 415 ; 4464 ;123 ;    ;      ;      ;         ;;;;30.09.12 ; Вороновский р-н        ; башня 70м                          ; 53.929814; 24.803406;G
$;B;R;GRO; Ёткишки        ; IOTISHKI:)         ; 415 ; 4465 ;123 ;    ;      ;      ;         ;;;;24.08.11 ; Вороновский р-н        ; башня 70м                          ; 54.209394; 25.346323;G
$;B;R;GRO; Бастуны        ; BASTUNY:)          ; 415 ; 4466 ;1237;    ;      ;      ;         ;;;;24.08.11 ; Вороновский р-н        ; башня 40м                          ; 54.081375; 25.281832;G
$;B;R;GRO; Словики        ; SLOVIKI :)         ; 415 ; 4467 ;123 ;    ;      ;      ;         ;;;;24.06.10 ; Волковысский р-н       ; башня 70м                          ; 53.241534; 24.218743;G
$;B;R;GRO; Грушевка       ; GRUSHEVKA :)       ; 415 ; 4468 ;123 ;    ;      ;      ;         ;;;;14.03.11 ; Мостовский р-н         ; башня 70м                          ; 53.477645; 24.127661;G
$;B;R;GRO; Дроздово       ; DROZDOVO :)        ; 415 ; 4469 ;123 ;    ;      ;      ;         ;;;;30.06.10 ; Лидский р-н            ; башня 70м                          ; 53.740152; 25.372654;G
$;B;R;GRO; Громки         ; GROMKI :)          ; 415 ; 4470 ;123 ;    ;      ;      ;         ;;;;12.09.11 ; Щучинский р-н          ; башня 70м                          ; 53.826008; 24.641497;G
$;B;R;GRO; Мадейки        ; MADEJKI :)         ; 415 ; 4471 ;123 ;    ;      ;      ;         ;;;;17.10.10 ; Зельвенский р-н        ; башня 70м                          ; 53.157480; 24.640462;G
$;B;R;GRO; Ярнево         ; JARNEVO :)         ; 415 ; 4472 ;123 ;    ;      ;      ;         ;;;;26.06.10 ; Зельвенский р-н        ; башня 70м                          ; 53.134552; 25.042122;G
$;B;R;GRO; Павилойти      ; POVILOJTI :)       ; 415 ; 4473 ;123 ;    ;      ;      ;         ;;;;10.05.11 ; Ошмянский р-н          ; башня 40м                          ; 54.319060; 25.777450;G
$;B;R;GRO; Каменка        ; KAMENKA :)         ; 415 ; 4474 ;123 ;    ;      ;      ;         ;;;;14.03.11 ; Ошмянский р-н          ; башня 70м                          ; 54.310894; 25.980155;G
$;B;R;GRO; Трокеники      ; TROKENIKI :)       ; 415 ; 4475 ;123 ;    ;      ;      ;         ;;;;23.07.10 ; Островецкий р-н        ; Р45, башня 50м                     ; 54.750663; 25.897737;G
$;B;R;GRO; Ферадки        ; FERADKI :)         ; 415 ; 4476 ;123 ;    ;      ;      ;         ;;;;24.06.10 ; Слонимский р-н         ; М11, башня 70м                     ; 53.195108; 25.281595;G
$;B;R;GRO; Безводно       ; BEZVODNAJA :)      ; 415 ; 4477 ;123 ;    ;      ;      ;         ;;;;06.07.10 ; Зельвенский р-н        ; башня 70м                          ; 53.026326; 24.811957;G
$;B;R;GRO; Порозово       ; POROZOVO :)        ; 415 ; 4478 ;123 ;    ;      ;      ;         ;;;;26.06.10 ; Свислочский р-н        ; башня 70м                          ; 52.932430; 24.391945;G
$;B;R;GRO; Новый Двор     ; NOVYJ DVOR :)      ; 415 ; 4479 ;123 ;    ;      ;      ;         ;;;;14.03.11 ; Свислочский р-н        ; башня 40м                          ; 52.835590; 24.354580;G
$;B;R;GRO; Подворанцы     ; PODVORANCY :)      ; 415 ; 4480 ;123 ;    ;      ;      ;         ;;;;04.04.10 ; Островецкий р-н        ; Р45, башня 70м с diallog           ; 54.808909; 26.123241;G
$;B;R;GRO; Б.Страча       ; STRACHA :)         ; 415 ; 4481 ;123 ;    ;      ;      ;         ;;;;24.07.10 ; Островецкий р-н        ; башня 40м                          ; 54.860804; 26.306092;G
$;B;R;GRO; Постаринье     ; POSTARIN'E :)      ; 415 ; 4482 ;123 ;    ;      ;      ;         ;;;;08.08.11 ; Сморгонский р-н        ; башня 70м                          ; 54.702256; 26.485274;G 
$;B;R;GRO; Трабы          ; TRABY :)           ; 415 ; 4483 ;123 ;    ;      ;      ;         ;;;;10.05.11 ; Ивьевский р-н          ; башня 50м                          ; 54.160300; 25.923110;G
$;B;R;GRO; Вселюб         ; VSELUB :)          ; 415 ; 4484 ;123 ;    ;      ;      ;         ;;;;01.09.10 ; Новогрудский р-н       ; башня 70м                          ; 53.720694; 25.787012;G
$;B;R;GRO; Ошмяны         ; OSHMJANY :)        ; 415 ; 4486 ;123 ;    ;      ;      ;         ;;;;13.02.11 ; Борунская, 35          ; ЦРБ, мачта diallog                 ; 54.425172; 25.960765;G 
$;B;R;GR.; Грандичи       ; GRANDICHI:)        ; 405 ; 4487 ;123 ;    ;      ;      ;         ;;;;19.09.09 ; Санаторная, 20         ; б/о Купалинка, мачта               ; 53.733270; 23.788300;G*w
$;B;R;GRO; Гибуличи       ; GIBULICHI :)       ; 405 ; 4488 ;123 ;    ;      ;      ;         ;;;;27.12.09 ; Гродненский р-н        ; труба? *питон*                     ; 53.619250; 23.886775;G*
$;B;R;GRO; Лида           ; LIDA :)            ; 415 ; 4489 ;123 ;    ; 4100 ; 4489 ; 23 56   ;;;;01.12.10 ; Жукова 3а              ; котельная "Неман", труба           ; 53.940269; 25.250895;G
$;B;R;GRO; Лида           ; LIDA :)            ; 415 ; 4492 ;    ;456 ; 4100 ; 4492 ;123456   ;;;;19.09.09 ; Качана, 6/1            ; общежитие ОАО "Лакокраска"         ; 53.900925; 25.316974;G
$;B;R;GRO; Слоним         ; SLONIM :)          ; 415 ; 4496 ;123 ;    ; 4100 ; 4496 ;123      ;;;;14.03.11 ; Советская              ; склад, ж/д, столб                  ; 53.095381; 25.339859;G
$;B;R;GRO; Скидель        ; SKIDEL :)          ; 415 ; 4502 ;123 ;    ;      ;      ;         ;;;;05.02.11 ; Луговая, 3             ; БТИ, мачта                         ; 53.595014; 24.250281;G
$;B;R;GRO; Скидель        ; SKIDEL :)          ; 415 ; 4503 ;123 ;    ;      ;      ;         ;;;;28.05.10 ; Промышленная, 6        ; завод ЖБИ, мачта                   ; 53.576775; 24.218705;G
$;B;R;GRO; Слоним         ; SLONIM :)          ; 415 ; 4505 ;123 ;    ; 4100 ; 4505 ;1234 6   ;;;;24.06.10 ; Первомайская, 17       ; комб. бытового обслуживания, мачта ; 53.095244; 25.318304;G                  
$;B;R;GRO; Волковыск      ; VOLKOVYSK :)       ; 415 ; 4507 ;123 ;    ; 4100 ; 4507 ;12345    ;;;;26.06.10 ; Красноармейская, 23    ; ОАО "ВолМет", мачта                ; 53.156682; 24.433022;G 
$;B;R;GRO; Мосты          ; MOSTY :)           ; 415 ; 4508 ;123 ;    ;      ;      ;         ;;;;24.06.10 ; Зеленая 91а            ; центр повышения квалификации, мачта; 53.419559; 24.559271;G
$;B;R;GRO; Новогрудок     ; NOVOGRUDOK :)      ; 415 ; 4509 ;123 ;    ; 4100 ; 4509 ;123456   ;;;;05.08.11 ; Мицкевича, 37          ; столовая з-да металлоизделий, мачта; 53.588901; 25.814079;G
$;B;R;GRO; Ошмяны         ; OSHMJANY :)        ; 415 ; 4510 ;123 ;    ;      ;      ;         ;;;;11.10.10 ; Я.Коласа, 1            ; ОАО "Радиотехника", мачта          ; 54.427395; 25.927694;G 
$;B;R;GRO; Лабно-Огородники;                   ; 415 ; 4511 ;123 ;    ;      ;      ;         ;;;;16.01.11 ; Гродненский р-н        ; башня 50м                          ; 53.699720; 23.653930;G
$;B;R;GRO; Минчики        ; MINCHIKI :)        ; 415 ; 4512 ;123 ;    ;      ;      ;         ;;;;14.03.11 ; Берестовицкий р-н      ; башня 70м                          ; 53.120050; 23.935457;G 
$;B;R;GRO; Колесники      ; KOLESNIKI :)       ; 415 ; 4513 ;12  ;    ;      ;      ;         ;;;;27.06.11 ; Берестовицкий р-н      ; башня 70м                          ; 53.292941; 23.916207;G
$;B;R;GRO; Козловщина     ; KOZLOVSCHINA :)    ; 415 ; 4514 ;123 ;    ;      ;      ;         ;;;;03.04.12 ; Дятловский р-н         ; лесопилка, столб                   ; 53.320838; 25.294014;G
$;B;R;GRO; Боровики       ; RADON :)           ; 415 ; 4515 ;123 ;    ; 4100 ; 4515 ;123      ;;;;30.06.10 ; Дятловский р-н         ; сан.Радон, трипод                  ; 53.517170; 25.502711;G 
$;B;R;GRO; Лида           ; LIDA :)            ; 415 ; 4516 ;123 ;    ; 4100 ; 4516 ;123456   ;;;;01.09.10 ; 2я Куйбышева, 7        ; башня 40м                          ; 53.892104; 25.274812;G
$;B;R;GRO; Лида           ; LIDA :)            ; 415 ; 4517 ;123 ;    ; 4100 ; 4517 ;12345    ;;;;02.08.11 ; Летная, 7              ; труба котельной ЖКХ                ; 53.874016; 25.328888;G
$;B;R;GRO; СОК "Озерный"  ; OZERY :)           ; 415 ; 4518 ;123 ;    ;      ;      ;         ;;;;12.09.11 ; Гродненский р-н        ; сан.Нацбанка, водонапорная башня   ; 53.749808; 24.217880;G
$;B;R;GRO; Волковыск      ; VOLKOVYSK :)       ; 415 ; 4519 ;123 ;    ;      ;      ;         ;;;;27.06.11 ; Интернациональная, 85к10; опорная мачта                     ; 53.162661; 24.431490;G
$;B;R;GRO; Малейковщизна  ; LIDA :)            ; 415 ; 4520 ;123 ;    ; 4100 ; 4520 ;123  6   ;;;;10.07.11 ; Лидский р-н           ; мех.двор "совхоз Лидский", башня 40м; 53.923808; 25.310773;G
$;B;R;GRO; Лида           ; LIDA :)            ; 415 ; 4521 ;123 ;456 ; 4100 ; 4521 ;123456   ;;;;11.02.11 ; Кирова, 8              ; ТСЦ "Континент", трипод            ; 53.893547; 25.299797;G
$;B;R;GRO; Лида           ;                    ;     ;      ;    ;    ; 4100 ; 4523 ;123 5678 ;;;;30.09.12 ; Грюнвальдская, 1       ; гостиница                          ; 53.888432; 25.304172;G
$;B;R;GRO; Ошмяны         ; OSHMJANY :)        ; 415 ; 4524 ;123 ;    ; 4100 ; 4524 ;123456   ;;;;04.11.12 ; Голеса                 ; башня 40м                          ; 54.426226; 25.942687;G
$;B;R;GRO; Б.Можейково    ; B. MOZHEJKOVO :)   ; 415 ; 4525 ;123 ;    ;      ;      ;         ;;;;09.03.13 ; Щучинский р-н          ; совм.башня 70м                     ; 53.681077; 24.937506;G
$;B;R;GRO; Старченяты     ; STARCHENJATY :)    ; 415 ; 4526 ;123 ;    ;      ;      ;         ;;;;08.03.14 ; Ивьевский р-н          ; башня 70м                          ; 53.885960; 25.800910;G
$;B;R;GRO; Минойты        ; MINOJTY :)         ; 415 ; 4529 ;123 ;    ;      ;      ;         ;;;;28.12.12 ; Лидский р-н            ; башня 60м                          ; 53.802903; 25.363607;G
$;B;R;GRO; Обухово        ; OBUHOVO :)         ; 415 ; 4531 ;123 ;    ;      ;      ;         ;;;;09.03.13 ; Гродненский р-н        ; башня 60м                          ; 53.598395; 24.074022;G
$;B;R;GRO; Сморгонь       ;                    ;     ;      ;    ;    ; 4100 ; 4533 ; 23      ;;;;18.11.12 ;                        ; в районе ЦРБ *питон*               ;          ;          ;
$;B;R;GRO; Буденовка      ; OSHMJANY :)        ; 415 ; 4539 ;1 3 ;    ; 4100 ; 4539 ;1 345    ;;;;23.12.12 ; Октябрьская, 8         ; агропромтехника, башня 40м         ; 54.421451; 25.895705;G
$;B;R;GRO; Островец       ;                    ;     ;      ;    ;    ; 4100 ; 4538 ;123456   ;;;;09.09.12 ; К.Маркса, 1            ; дом быта, мачта                    ; 54.616692; 25.959571;G
$;B;R;GRO; Волковыск      ;                    ;     ;      ;    ;    ; 4100 ; 4541 ;12345    ;;;;04.05.15 ; Калинина, 9/5          ; мачта                              ; 53.163480; 24.450560;G*w
$;B;R;GRO; Волковыск      ;                    ;     ;      ;    ;    ; 4100 ; 4542 ;12345    ;;;;04.05.15 ; Новые Борки, 1         ; башня 40м                          ; 53.141741; 24.426126;G
$;B;R;GRO; Слоним         ; SLONIM :)          ; 415 ; 4543 ;123 ;    ; 4100 ; 4543 ;123456   ;;;;15.03.13 ; Ершова, 58             ; ТРЦ "Е-Сити", башня 40м            ; 53.081435; 25.304615;G          
$;B;R;GRO; Лида           ;                    ;     ;      ;    ;    ; 4100 ; 4545 ;123456   ;;;;06.01.13 ; Гастелло               ; башня 40м                          ; 53.899808; 25.257406;G
$;B;R;GRO; Лида           ;                    ;     ;      ;    ;    ; 4100 ; 4546 ;123456   ;;;;17.01.13 ; Дубровенская           ; опорная мачта                      ; 53.878415; 25.345722;G
$;B;R;GRO; Слоним         ; SLONIM :)          ; 415 ; 4549 ;123 ;456 ; 4100 ; 4549 ;123456   ;;;;05.06.14 ; Красноармейская, 73    ; берег р.Щара, башня 50м            ; 53.085940; 25.325520;G
$;B;R;GRO; Валейкуны      ; VALEJKUNY :)       ; 415 ; 4550 ;123 ;    ; 4100 ; 4550 ;  3  6   ;;;;23.02.14 ; Островецкий р-н        ; башня 70м                          ; 54.758741; 26.115980;G
$;B;R;GRO; п/п Брузги     ;                    ; 415 ; 4551 ;123 ;    ; 4000 ; 4551 ;  3  6   ;;;;26.06.18 ; Гродненский р-н      ;транспортно-логистический центр, мачта; 53.527710; 23.675295;G
$;B;R;GRO; Бенякони       ;                    ;     ;      ;    ;    ; 4100 ; 4553 ;12 45    ;;;;22.06.18 ; Вороновский р-н        ; АЗС, башня МТС 70м                 ; 54.265413; 25.362767;G
$;B;R;GRO; Жукевичи       ;                    ; 415 ; 4554 ;1 3 ;    ;      ;      ;         ;;;;08.05.18 ; Гродненский р-н        ;                                    ;  
$;B;R;GRO; Волковыск      ;                    ;     ; 4556 ;    ;    ;      ;      ;         ;;;;11.11.17 ; Котовского             ; гаражи, башня 40м                  ; 53.131747; 24.4207835;G
$;B;R;GRO; Жировичи       ;                    ;     ; 4558 ;    ;    ;      ;      ;         ;;;;20.04.20 ; Слонимский р-н         ; Лесная, 4, опорная мачта A1        ; 53.010132; 25.3441769;G

$;B;R;GRO; Лида           ;                    ;     ;      ;    ;    ;      ;      ;         ;;;;05.09.19 ; Ленинская              ;Lidbeer 2019, передвижная БС A3864A-7; 53.890681; 25.305336;G  
$;B;R;GRO; Лида           ;                    ;     ;      ;    ;    ;      ;      ;         ;;;;06.09.19 ; Серова                 ;Lidbeer 2019, палаточный городок, передвижная БС А3866А-7; 53.889566; 25.326135;G  
$;B;R;GRO; Лида           ;                    ;     ;      ;    ;    ; 4100 ; 4557 ;12345678 ;;;;06.09.19 ; Тавлая, 23             ;Lidbeer 2019, Общежитие Лидагропроммаш, прямоугольник;53.894123; 25.310445;G

$;B;D;GRO; Ошмяны         ; OSHMJANY :)        ; 415 ; 4324 ;123 ;    ; 4100 ; 4324 ;123      ;;;;09.01.09 ; Советская, 103         ; исполком, дем. в декабре 2012г.    ; 54.424757; 25.937803;G
$;B;D;GR.; Гродно         ; GRODNO :)          ; 405 ; 4095 ;123 ;    ;      ;      ;         ;;;;22.05.10 ; Издательская, 26       ; СТО Автофан, мачта дем. в июне 2014г.; 53.648558; 23.811874; 
$;B;D;GRO; Слоним         ; SLONIM :)          ; 415 ; 4339 ;123 ;456 ; 4100 ; 4339 ;123      ;;;;24.06.10 ; Красноармейская, 73    ; РУП "авторемонтный завод" дем. в ноябре 2016г.; 53.084339; 25.323249;*  
$;B;D;GRO; Лида           ;                    ;     ;      ;    ;    ; 4100 ; 128  ;1  4 6 8 ;;;;07.09.18 ; Ленинская              ;Lidbeer 2018, передвижная БС А3816А-7 ; 53.890681; 25.305336;G  
$;B;D;GRO; Лида           ;                    ;     ;      ;    ;    ; 4100 ; 129  ;   45    ;;;;07.09.18 ; Ленинская              ;Lidbeer 2018, передвижная БС А3816А-7 ; 53.890681; 25.305336;G  
$;B;D;GRO; Лида           ;                    ;     ;      ;    ;    ; 4100 ; 130  ;12 45    ;;;;07.09.18 ; Серова;Lidbeer 2018, палаточный городок, передвижная БС А3819А-7; 53.889566; 25.326135;G  
$;B;D;GRO; Лида           ;                    ;     ;      ;    ;    ; 4100 ; 4557;0123456789;;;;07.09.18 ; Тавлая, 23             ;Lidbeer 2018, Общежитие Лидагропроммаш, квадрат; 53.894123; 25.310445;G
$;B;D;GRO; Слоним         ; SLONIM :)          ; 415 ; 4501 ;123 ;    ;      ;      ;         ;;;;26.09.11 ; р-н Текстильщика       ; дем.?                              ; 
