KIND;OPR;STAT;AREA;CITY          ; CB                   ; LAC ; CID  ;GSM ;DCS ; 3G L ; 3G C ;  3G S   ;U-L;U900;U-S;DATE; ADDR             ; REM                                     ;  OZIN    ;  OZIE    ;LOCK
/; Минская область
$;B;R  ;MIO; Великий Камень      ;                      ; 120 ;  122 ; 237;    ; 1100 ;  122 ;         ;;;;14.01.19 ; Пекинский пр. 18      ; Административный корпус, трубостойки?   ; 53.902990; 27.976790;*
$;B;R  ;MIO; Колодищи?           ;                      ;     ;  801 ;    ;    ; 1100 ;  801 ;1    6   ;;;;29.05.17 ; ???                   ; центр
$;B;R  ;MIO; Минск               ; MINSK :)             ; 100 ; 1028 ;123 ;456 ; 1100 ; 1028 ;123456   ;;;;07.02.07 ; Боровая 5             ; Экспобел, короткая мачта                ; 53.963573; 27.625460;G
$;B;R  ;MIO; Чижовка             ; MINSK :)             ; 100 ; 1227 ;    ;456 ; 1100 ; 1227 ;123456   ;;;;30.09.12 ; Кольцевая 2           ; 4х этажный коттедж, трубостойки         ; 53.971904; 27.541365;G
$;B;R  ;MIO; Боровая             ;                      ;     ; 1248 ;    ;    ; 1100 ; 1248 ;123456   ;;;;24.10.12 ; Боровая 7А            ; Гиппо, столб                            ; 53.965066; 27.645546;G
$;B;R  ;MIO; Боровая             ; MINSK :)             ; 100 ; 1334 ;123 ;    ;      ;      ;         ;;;;01.10.09 ; Минский р-н           ; ГК "Зеленый Луг 6,7", столб             ; 53.966229; 27.632908;G
$;B;R  ;MIO; Минское море?       ; :)                   ; 100 ; 1439 ;1   ;    ; 1100 ; 1439 ;1        ;;;;13.06.15 ; Минский р-н           ; около резиденции "Заславль-1"           ; 53.981516; 27.443061;*
$;B;R  ;MIO; Лесной              ; LESNOJ :)            ; 120 ; 1501 ;123 ;456 ; 1100 ; 1501 ;123456   ;;;;16.07.08 ; Минский р-н           ; общежитие N17, триподы                  ; 54.005224; 27.681410;G
$;B;R  ;MIO; Острошицкий Городок ;OSTROSHICKIJ GORODOK:); 120 ; 1502 ;123 ;    ; 1100 ; 1502 ;123456   ;;;;16.11.08 ; Минский р-н        ;Ленинская 86, мебельная ф-ка "Восход", мачта; 54.0603  ; 27.6985  ;G
$;B;R  ;MIO; Раубичи             ; RAUBICHI :)          ; 120 ; 1503 ;123 ;    ; 1100 ; 1503 ;123456   ;;;;26.07.10 ; Минский р-н           ; СК, высокий трамплин                    ; 54.059497; 27.738046;G*
$;B;R  ;MIO; Чуденичи            ; CHUDENICHI :)        ; 120 ; 1504 ;123 ;    ; 1100 ; 1504 ;123      ;;;;21.12.08 ; Логойский р-н         ; М3, РТПС                                ; 54.143448; 27.793307;G
$;B;R  ;MIO; Козыри              ; KOZYRI :)            ; 120 ; 1506 ;1237;    ;      ;      ;         ;;;;13.03.09 ; Логойский р-н         ; М3, башня 70м                           ; 54.324320; 27.862960;G
$;B;R  ;MIO; Плещеницы           ; PLESCHENICY :)       ; 120 ; 1507 ;1237;    ; 1100 ; 1507 ;1        ;;;;12.07.08 ; Логойский р-н         ; РТПС                                    ; 54.410161; 27.855078;G
$;B;R  ;MIO; Околово?            ; OKOLOVO :)           ; 120 ; 1508 ;1237;    ;      ;      ;         ;;;;09.07.08 ; Логойский р-н         ; М3, чья-то башня 70м  (подселился)      ; 54.492607; 27.862822;*
$;B;R  ;MIO; Амнишево            ; AMNISHEVO :)         ; 120 ; 1509 ;123 ;    ;      ;      ;         ;;;;12.07.08 ; Логойский р-н         ; М3, башня 70м                           ; 54.576688; 27.868663;G*w
$;B;R  ;MIO; Королев Стан        ; KOROLEV STAN :)      ; 120 ; 1510 ;123 ;    ; 1100 ; 1510 ;12  5    ;;;;16.09.08 ; Минский р-н           ; М2, 19 км, башня 70м                    ; 53.996482; 27.791556;G
$;B;R  ;MIO; Смолевичи           ; SMOLEVICHI :)        ; 150 ; 1516 ;123 ;    ; 1200 ; 1516 ;123456   ;;;;15.06.08 ; Первомайская 101      ; поликлиника, мачта                      ; 54.014   ; 28.0985  ;G
$;B;R  ;MIO; Емельяново          ; EMEL'JANOVO :)       ; 120 ; 1517 ;123 ;    ; 1100 ; 1517 ; 23  6   ;;;;15.06.08 ; Смолевичский р-н      ; Р53, РТПС                               ; 54.065006; 28.033171;G
$;B;R  ;MIO; Полевая             ; POLEVAJA :)          ; 150 ; 1518 ;1237;    ; 1200 ; 1518 ;123 5    ;;;;21.06.09 ; Смолевичский р-н      ; М1, 405 км, башня 70м                   ; 54.019374; 28.211403;G
$;B;R  ;MIO; Заручье             ; ZARUCHE :)           ; 150 ; 1519 ;123 ;    ;      ;      ;         ;;;;21.06.09 ; Борисовский р-н       ; М1, 421 км, башня 70м                   ; 54.054617; 28.457088;G
$;B;R  ;MIO; Великая Борздынь    ;                      ; 120 ; 1520 ;123 ;    ;      ;      ;         ;;;;30.07.18 ; Минский р-н           ; совм.башня 70м МТС и велком             ; 53.999462; 27.148101;G
$;B;R  ;MIO; Жодино              ; ZHODINO :)           ; 150 ; 1521 ;123 ;    ; 1200 ; 1521 ;123456   ;;;;14.08.09 ; Станционная 1         ; Жодинская ТЭЦ, самая высокая труба      ; 54.093546; 28.350610;G
$;B;R  ;MIO; Крупица             ;                      ; 120 ; 1522 ;1 3 ;    ; 1100 ; 1522 ;   4     ;;;;24.07.18 ; ???                   ; .3 ловилась в Фаниполе, .1 в Мачулищах  ;          ;          ;
$;B;R  ;MIO; Борисов             ; BORISOV :)           ; 150 ; 1523 ;123 ;    ; 1200 ; 1523 ;123456   ;;;;28.11.07 ; Чапаева 64            ; ОАО "БЗМП", труба                       ; 54.204540; 28.495225;G
$;B;R  ;MIO; Борисов             ; BORISOV :)           ; 150 ; 1526 ;123 ;    ; 1200 ; 1526 ;1234 6   ;;;;28.11.07 ;Полка Нормандия-Неман 167; ОАО "Экран", мачта                    ; 54.262182; 28.514779;G
$;B;R  ;MIO; Лошница             ; LOSHNICA :)          ; 150 ; 1527 ;1237;    ;      ;      ;         ;;;;21.06.09 ; Борисовский р-н       ; М1, 457 км, башня 70м                   ; 54.299907; 28.763286;G
$;B;R  ;MIO; Крупский            ; KRUPSKIJ :)          ; 150 ; 1528 ;123 ;    ; 1200 ; 1528 ;1234     ;;;;23.11.08 ; Крупский р-н          ; М1, РТПС                                ; 54.309095; 29.083659;G
$;B;R  ;MIO; Плисса              ; PLISSA :)            ; 150 ; 1529 ;1237;    ;      ;      ;         ;;;;21.06.09 ; Крупский р-н          ; М1, 493 км, башня 70м                   ; 54.367747; 29.333764;G
$;B;R  ;MIO; Моторово            ; MOTOROVO :)          ; 120 ; 1531 ;123 ;    ; 1100 ; 1531 ;1234 6   ;;;;14.10.09 ; Пуховичский р-н       ; М5, башня 70м                           ; 53.737880; 27.848290;G
$;B;R  ;MIO; Дружный             ; DRUZHNYJ :)          ; 120 ; 1532 ;123 ;    ; 1100 ; 1532 ;123456   ;;;;29.12.08 ; Пуховичский р-н       ; Минская ТЭЦ-5, труба                    ; 53.610372; 27.953626;G
$;B;R  ;MIO; Крупка              ; KRUPKA :)            ; 120 ; 1533 ;123 ;    ; 1100 ; 1533 ;1 3      ;;;;07.12.08 ; Пуховичский р-н       ; М5, башня 70м                           ; 53.569166; 28.118430;G
$;B;R  ;MIO; Болочанка           ; BOLOCHANKA :)        ; 120 ; 1535 ;1237;    ;      ;      ;         ;;;;29.12.08 ; Пуховичский р-н       ; M5, башня велком 70м                    ; 53.485984; 28.350286;G
$;B;R  ;MIO; Новый Двор          ; NOVYJ DVOR :)        ; 100 ; 1536 ;123 ;    ; 1100 ; 1536 ;123456   ;;;;04.09.13 ; Минский р-н           ; опорная мачта велком                    ; 53.815244; 27.662369;G
$;B;R  ;MIO; Минск (Озерцо)      ; MINSK :)             ; 100 ; 1537 ;123 ;    ; 1000 ; 1537 ;123 56   ;;;;10.12.13 ; Меньковский тр. 2     ; столб                                   ; 53.855675; 27.420040;G
$;B;R  ;MIO; Озерцо              ; OZERCO :)            ; 100 ; 1538 ;123 ;    ; 1000 ; 1538 ;123456   ;;;;18.10.09 ; Минский р-н           ; ДСУ-40, МКАД 28-й км, трбоустойки       ; 53.847642; 27.417559;G
$;B;R  ;MIO; Поповичи            ; POPOVICHI :)         ; 120 ; 1539 ;123 ;    ; 1100 ; 1539 ;123456   ;;;;16.10.09 ; Минский р-н           ; башня 70м                               ; 53.807319; 27.347658;G
$;B;R  ;MIO; Прилуки             ; PRILUKI :)           ; 120 ; 1540 ;123 ;    ; 1100 ; 1540 ;123 56   ;;;;16.10.09 ; Минский р-н           ; Мира 2, РУП НИИ защиты растений, мачта  ; 53.797235; 27.455665;G
$;B;R  ;MIO; Мачулищи            ; MACHULISCHI :)       ; 120 ; 1541 ;123 ;    ; 1100 ; 1541 ;123 56   ;;;;16.10.09 ; Центральная 3         ; магазин Продукты                        ; 53.7838  ; 27.5937  ;G
$;B;R  ;MIO; ???                 ;                      ; 110 ; 1542 ;12  ;    ;      ;      ;         ;;;;29.11.08 ; ???                   ; возле Самохваловичей и возле Озера      ;          ;          ;
$;B;S  ;MIO; Крупица             ; KRUPICA :)           ; 120 ; 1544 ;123 ;    ; 1100 ; 1544 ; 23      ;;;;18.10.09 ; Минский р-н           ; труба, предположительно дем. в мае 2018?; 53.676663; 27.558984;G
$;B;R  ;MIO; Самохваловичи       ; SAMOHVALOVICHI :)    ; 120 ; 1546 ;123 ;    ; 1100 ; 1546 ;12345678 ;;;;18.10.09 ; Минский р-н           ; башня 70м                               ; 53.735471; 27.522267;G
$;B;R  ;MIO; Фаниполь            ; FANIPOL' :)          ; 120 ; 1547 ;123 ;    ; 1100 ; 1547 ;123456   ;;;;16.10.09 ; Заводская 5           ; котельная, труба                        ; 53.738701; 27.328579;G
$;B;R  ;MIO; Дзержинск           ; DZERZHINSK :)        ; 120 ; 1548 ;1237;    ; 1100 ; 1548 ;1 34 6   ;;;;19.06.08 ; Фоминых               ; труба недостроенной котельной           ; 53.6848  ; 27.1669  ;G
$;B;R  ;MIO; Ярошовка            ; JAROSHEVKA :)        ; 120 ; 1550 ;123 ;    ;      ;      ;         ;;;;16.10.09 ; Дзержинский р-н       ; М1, РПТС Ярошевка                       ; 53.713962; 27.121418;G
$;B;R  ;MIO; Павловщина          ; PAVLOVSCHINA :)      ; 120 ; 1551 ;123 ;    ; 1100 ; 1551 ;12345    ;;;;16.10.09 ; Дзержинский р-н       ; М1, башня 70м                           ; 53.610330; 27.035060;G
$;B;R  ;MIO; Засулье             ; ZASULE :)            ; 120 ; 1552 ;1237;    ;      ;      ;         ;;;;16.10.09 ; Столбцовский р-н      ; М1, башня 70м                           ; 53.557510; 26.874660;G*w
$;B;R  ;MIO; Столбцы             ; STOLBCY :)           ; 120 ; 1553 ;123 ;    ; 1100 ; 1553 ;123 56   ;;;;29.10.09 ;                       ; М1, Р2, труба                           ; 53.500243; 26.761543;G
$;B;R  ;MIO; Старый Свержень     ; STARYJ SVERZHEN :)   ; 120 ; 1554 ;123 ;    ;      ;      ;         ;;;;16.10.09 ; Столбцовский р-н      ; РТПС                                    ; 53.449363; 26.666880;G
$;B;R  ;MIO; Островки            ; OSTROVKI :)          ; 120 ; 1555 ;123 ;    ;      ;      ;         ;;;;16.10.09 ; Несвижский р-н        ; трасса М1 Е30, башня                    ; 53.360190; 26.447360;G
$;B;R  ;MIO; Городея             ; GORODEJA :)          ; 120 ; 1556 ;123 ;    ; 1100 ; 1556 ;12345    ;;;;16.10.09 ; Несвижский р-н        ; Заводская 2, сахарный з-д, мачта        ; 53.310414; 26.519685;Y
$;B;R  ;MIO; Хатежино            ; HATEZHINO :)         ; 120 ; 1557 ;123 ;    ; 1100 ; 1557 ;123456   ;;;;24.10.09 ; Минский р-н           ; М6, башня 70м                           ; 53.915463; 27.280692;G
$;B;R  ;MIO; Новоселье           ; NOVOSELE :)          ; 120 ; 1558 ;123 ;    ; 1100 ; 1558 ;1234 6   ;;;;24.10.09 ; Минский р-н           ; М6, РТПС                                ; 53.911914; 27.182442;G
$;B;R  ;MIO; Выгоничи            ; VYGONICHI :)         ; 120 ; 1559 ;123 ;    ; 1100 ; 1559 ;123      ;;;;24.10.09 ; Воложинский р-н       ; совм.башня 70м                          ; 53.955700; 27.016500;G
$;B;R  ;MIO; Сульжицы            ; SULZHICY :)          ; 120 ; 1560 ;123 ;    ;      ;      ;         ;;;;24.10.09 ; Воложинский р-н       ; М6, башня 70м                           ; 54.044065; 26.805549;G
$;B;R  ;MIO; Воложин             ; MAKAROVKA :)         ; 120 ; 1561 ;123 ;    ;      ;      ;         ;;;;24.10.09 ; Щербины               ; башня 70м                               ; 54.081095; 26.538398;G
$;B;R  ;MIO; Воложин             ; VOLOZHIN :)          ; 120 ; 1562 ;123 ;    ; 1100 ; 1562 ;123456   ;;;;24.10.09 ; Горького 13           ; ЦРБ, мачта                              ; 54.089232; 26.514586;G
$;B;R  ;MIO; Цаюны               ; CAUNY :)             ; 120 ; 1563 ;123 ;    ;      ;      ;         ;;;;24.10.09 ; Воложинский р-н       ; М6, башня 70м                           ; 54.001152; 26.360500;G
$;B;R  ;MIO; Дайнова-Большая     ; BOLSHAJA DAJNOVA :)  ; 120 ; 1564 ;123 ;    ;      ;      ;         ;;;;24.10.09 ; Воложинский р-н       ; M7, совм.башня 70м                      ; 54.163900; 26.514750;G
$;B;R  ;MIO; Ратомка             ; RATOMKA :)           ; 120 ; 1567 ;123 ;    ; 1100 ; 1567 ;12345    ;;;;16.10.09 ; Минский р-н         ;ММЦ "Юность", корпус "Морской", трубостойки; 53.976176; 27.340305;G
$;B;R  ;MIO; Заславль            ; ZASLAVL :)           ; 120 ; 1568 ;123 ;456 ; 1100 ; 1568 ;123456   ;;;;16.10.07 ; Путейко 10            ; картонажно-полиграф. комбинат, мачта    ; 54.005273; 27.282087;G
$;B;R  ;MIO; Новинка             ; NOVINKA :)           ; 120 ; 1571 ;1237;    ;      ;      ;         ;;;;16.10.09 ; Минский р-н           ; башня                                   ; 54.054064; 27.398059;G
$;B;R  ;MIO; Комсомолец          ; KOMSOMOLEC :)        ; 120 ; 1572 ;123 ;    ; 1100 ; 1572 ;123456   ;;;;16.10.09 ; Минский р-н           ; башня 70м                               ; 54.077799; 27.564958;G
$;B;R  ;MIO; Петришки            ; PETRISHKI :)         ; 120 ; 1574 ;123 ;    ; 1100 ; 1574 ;123456   ;;;;27.09.09 ; Минский р-н           ; башня 70м                               ; 54.072380; 27.225890;G
$;B;R  ;MIO; Радошковичи         ; RADOSHKOVICHI :)     ; 120 ; 1576 ;123 ;    ; 1100 ; 1576 ;123456   ;;;;31.12.08 ; Молодечненский р-н    ; Полевая 20/3, РТПЦ "Радошковичи"        ; 54.158370; 27.256460;G
$;B;R  ;MIO; Латыговка?          ; LATYGOVKA :)         ; 120 ; 1577 ;123 ;    ;      ;      ;         ;;;;23.06.09 ; Минский р-н           ; башня 70м в Дворище?                    ; 54.184879; 27.398248;G*
$;B;R  ;MIO; Королево            ; KOROLEVO :)          ; 120 ; 1580 ;123 ;    ; 1100 ; 1580 ;123456   ;;;;18.10.09 ; Узденский р-н         ; Р23 35км, башня 40м                     ; 53.597120; 27.458270;G
$;B;R  ;MIO; Валерьяны           ; VALERJANY :)         ; 120 ; 1581 ;1237;    ;      ;      ;         ;;;;18.10.09 ; Узденский р-н         ; Р23 55км, башня 70м                     ; 53.431813; 27.500929;G
$;B;R  ;MIO; Шищицы              ; SHISCHICY :)         ; 120 ; 1582 ;1237;    ; 1100 ; 1582 ;1234     ;;;;18.10.09 ; Слуцкий р-н           ; РТПС                                    ; 53.226430; 27.542410;G
$;B;R  ;MIO; Буда                ; BUDA :)              ; 120 ; 1584 ;1237;    ;      ;      ;         ;;;;01.11.08 ; Червенский р-н        ; M4, 51 км, башня 70м                    ; 53.764932; 28.253621;G
$;B;R  ;MIO; Хутор               ; HUTOR :)             ; 120 ; 1586 ;123 ;    ;      ;      ;         ;;;;02.12.08 ; Червенский р-н        ; М4, башня 70м                           ; 53.758481; 28.685000;G
$;B;R  ;MIO; Поплавы             ; POPLAVY :)           ; 150 ; 1587 ;1237;    ;      ;      ;         ;;;;12.12.08 ; Березинский р-н       ; М4, башня 70м                           ; 53.802536; 28.878583;G
$;B;R  ;MIO; Боровляны           ; LESNOJ :)            ; 120 ; 1588 ;123 ;    ; 1100 ; 1588 ;123456   ;;;;18.05.14 ; Октябрьская 2         ; столб                                   ; 53.997442; 27.674069;G*
$;B;R  ;MIO; Погост              ; POGOST :)            ; 150 ; 1589 ;123 ;    ;      ;      ;         ;;;;14.12.08 ; Березинский р-н       ; М4, 113км, башня 70м                    ; 53.855604; 29.144148;G
$;B;R  ;MIO; Василевщина         ; VASILEVSCHINA:)      ; 150 ; 1590 ;123 ;    ;      ;      ;         ;;;;14.12.08 ; Березинский р-н       ; М4, башня 60м.                          ; 53.903858; 29.374228;G
$;B;R  ;MIO; Великий Лес         ; VELIKIY LES :)       ; 120 ; 1591 ;123 ;    ;      ;      ;         ;;;;09.11.08 ; Солигорский р-н       ; Р23, 154км, башня 70м                   ; 52.545895; 27.471130;Y
$;B;R  ;MIO; Красное             ; KRASNOE :)           ; 120 ; 1592 ;123 ;    ; 1100 ; 1592 ;123456   ;;;;27.12.08 ; Молодечненский р-н    ; башня 70м                               ; 54.255230; 27.087740;G
$;B;R  ;MIO; ???                 ;                      ; 120 ; 1593 ;  3 ;    ;      ;      ;         ;;;;06.06.17 ; ?                     ; Р2, Несвиж?
$;B;R  ;MIO; Узда                ; UZDA :)              ; 120 ; 1595 ;123 ;    ; 1100 ; 1595 ;1        ;;;;28.11.08 ; Советская 21          ; РУЭС, мачта Diallog                     ; 53.466080; 27.216340;G
$;B;R  ;MIO; Столбцы             ; STOLBCY :)           ; 120 ; 1596 ;123 ;    ; 1100 ; 1596 ;123456   ;;;;16.10.09 ; Социалистическая 21   ; РУЭС, мачта                             ; 53.480417; 26.739131;G
$;B;R  ;MIO; Молодечно           ; MOLODECHNO :)        ; 120 ; 1597 ;123 ;    ; 1100 ; 1597 ;123      ;;;;24.10.09 ; Б.Хмельницкого        ; РТПЦ "Колос"                            ; 54.293510; 26.839500;G
$;B;R  ;MIO; Молодечно           ; MOLODECHNO :)        ; 120 ; 1598 ;123 ;    ; 1100 ; 1598 ;123456   ;;;;23.06.09 ; В.Гостинец 143        ; з-д "Электромодуль", мачта              ; 54.297625; 26.867222;G
$;B;R  ;MIO; Молодечно           ; MOLODECHNO :)        ; 120 ; 1599 ;123 ;  6 ; 1100 ; 1599 ;12345    ;;;;02.11.08 ; В.Гостинец 58А        ; РУЭС, мачта                             ; 54.306996; 26.832705;G
$;B;R  ;MIO; Юхновка             ; UHNOVKA :)           ; 120 ; 1601 ;123 ;    ; 1100 ; 1601 ;1234 6   ;;;;03.07.07 ; Минский р-н           ; башня Велком 70м                        ; 53.970634; 27.868565;G
$;B;R  ;MIO; Крылово?            ; KRYLOVO :)           ; 120 ; 1602 ;123 ;    ;      ;      ;         ;;;;12.04.09 ; Минский р-н           ; СК "Крылово", мачта велком?             ; 53.978990; 27.199920;*
$;B;R  ;MIO; Ждановичи           ; ZHDANOVICHI :)       ; 100 ; 1604 ;123 ;456 ; 1100 ; 1604 ;1234 6   ;;;;08.08.11 ;Минский р-н, Линейная 2; производств.мастерские, ангар N8, мачта ; 53.945553; 27.419262;G*
$;B;R  ;MIO; Большое Стиклево    ; TROSTENEC :)         ; 100 ; 1607 ;123 ;    ; 1100 ; 1607 ;123456   ;;;;18.10.09 ; Минский р-н           ; опорная мачта                           ; 53.864350; 27.698065;G
$;B;R  ;MIO; в/г Колодищи        ; KOLODISCHI :)        ; 100 ; 1608 ;123 ;    ; 1100 ; 1608 ;123456   ;;;;23.01.14 ; Минский р-н           ; дом 231, башня МТС 40м                  ; 53.962431; 27.762687;G
$;B;R  ;MIO; Бобры               ; BOBRY :)             ; 120 ; 1613 ;123 ;    ;      ;      ;         ;;;;22.09.10 ; Логойский р-н         ; башня 70м                               ; 54.308970; 27.522170;G
$;B;R  ;MIO; Княгинин            ; KNJAGININ :)         ; 120 ; 1615 ;123 ;    ;      ;      ;         ;;;;15.09.10 ; Мядельский р-н        ; башня 50м                               ; 54.696130; 27.166050;G
$;B;R  ;MIO; Долгиново?          ;                      ; 150 ; 1617 ; 2  ;    ;      ;      ;         ;;;;11.03.16 ; Вилейский р-н         ; башня 70м?                              ; 54.650648; 27.482693;G*w
$;B;R  ;MIO; Заболотье           ; ZABOLOT'E :)         ; 120 ; 1618 ;123 ;    ; 1100 ; 1618 ;123      ;;;;11.09.10 ; Борисовский р-н       ; башня 70м                               ; 54.357185; 28.377326;G
$;B;R  ;MIO; Марьина Горка       ; MAR'INA GORKA :)     ; 120 ; 1621 ;123 ;    ; 1100 ; 1621 ;123 5    ;;;;29.12.08 ; Пуховичский р-н       ; Новая Заря 49А, котельная ЖКХ N2, труба ; 53.500214; 28.165344;G
$;B;R  ;MIO; Колодищи            ; KOLODISCHI :)        ; 100 ; 1622 ;123 ;    ; 1100 ; 1622 ;12345    ;;;;12.09.08 ; Минская 2             ; Минский районный цех электросвязи, мачта; 53.958247; 27.787409;G
$;B;R  ;MIO; Вилейка             ; VILEJKA :)           ; 120 ; 1623 ;123 ;    ; 1100 ; 1623 ;1234     ;;;;02.11.08 ; Чапаева 70            ; общежитие "Зенит", мачта                ; 54.480200; 26.896340;Y
$;B;R  ;MIO; Заславль            ; ZASLAVL :)           ; 120 ; 1624 ;123 ;    ; 1100 ; 1624 ;123456   ;;;;30.11.08 ; Заводская 1           ; склад, мачта                            ; 54.014848; 27.266849;G
$;B;R  ;MIO; Дзержинск           ; DZERZHINSK :)        ; 120 ; 1625 ;123 ;    ; 1100 ; 1625 ;123456   ;;;;16.10.09 ; Фурманова 2           ; ОАО "Элиз", швейная фабрика, мачта      ; 53.681835; 27.134720;Y
$;B;R  ;MIO; Дзержинск           ; DZERZHINSK :)        ; 120 ; 1626 ;123 ;    ; 1100 ; 1626 ;123456   ;;;;09.01.09 ; Октябрьская 72        ; центральная районная больница, мачта    ; 53.6926  ; 27.1232  ;G
$;B;R  ;MIO; Боровляны           ; BOROVLJANY :)        ; 120 ; 1632 ;123 ;    ; 1100 ; 1632 ;123456   ;;;;02.03.14 ; Восточная 1           ; башня 40м                               ; 54.012881; 27.676608;G
$;B;R  ;MIO; Большевик           ; DUBOVLJANY :)        ; 120 ; 1633 ;123 ;    ; 1100 ; 1633 ;123456   ;;;;16.10.09 ; Минский р-н           ; цех ПО по птицеводству                  ; 53.9935  ; 27.547   ;G
$;B;R  ;MIO; Вилейка             ; VILEJKA :)           ; 120 ; 1634 ;123 ;    ; 1100 ; 1634 ;1 3  6   ;;;;04.05.09 ; 17 Сентября 30        ; РУПС                                    ; 54.490303; 26.915835;G
$;B;R  ;MIO; Ждановичи           ; ZHDANOVICHI :)       ; 100 ; 1635 ;123 ;    ; 1100 ; 1635 ;12345    ;;;;03.11.08 ; Минский р-н           ; б/о "Свитанак", мачта                   ; 53.9618  ; 27.4422  ;G
$;B;R  ;MIO; Привольный          ; PRIVOLNYJ :)         ; 120 ; 1636 ;123 ;    ; 1100 ; 1636 ;123456   ;;;;01.11.08 ; Минский р-н           ; М1/М4, грузовой автосервис, мачта       ; 53.7995  ; 27.7957  ;G*
$;B;R  ;MIO; Боровляны           ; BOROVLJANY :)        ; 120 ; 1637 ;123 ;456 ; 1100 ; 1637 ;123456   ;;;;16.07.13 ; Фрунзенская 43        ; детский гематолог.центр, трубостойки    ; 53.997961; 27.690912;G
$;B;R  ;MIO; Усяжа               ; USJAZHA :)           ; 120 ; 1638 ;123 ;    ;      ;      ;         ;;;;25.04.09 ; Смолевичский р-н      ; опорная мачта                           ; 54.088707; 27.906764;G
$;B;R  ;MIO; Ивенец              ; IVENEC :)            ; 120 ; 1640 ;123 ;    ;      ;      ;         ;;;;24.10.09 ; Промышленная          ; мачта                                   ; 53.879400; 26.734120;G
$;B;R  ;MIO; Сеница              ; SENNICA :)           ; 100 ; 1641 ;123 ;    ; 1000 ; 1641 ;123456   ;;;;07.03.09 ; Коммунальная 6        ; КУП Минский районный КБО, мачта         ; 53.820175; 27.515939;G
$;B;R  ;MIO; Яжевичи?            ; JAZHEVICHI :)        ; 120 ; 1643 ;123 ;    ;      ;      ;         ;;;;29.11.08 ; Клецкий р-н           ; опорная мачта ?                         ; 53.068210; 26.538510;G
$;B;R  ;MIO; Колодищи            ; KOLODISCHI :)        ; 100 ; 1646 ;123 ;    ; 1100 ; 1646 ;123456   ;;;;16.01.13 ; Минский р-н           ; полигон, башня велком                   ; 53.918450; 27.753087;G
$;B;R  ;MIO; Ратомка             ; RATOMKA :)           ; 120 ; 1647 ;123 ;    ; 1100 ; 1647 ;1234 678 ;;;;06.04.10 ; Минский р-н           ; опорная мачта                           ; 53.940338; 27.347727;G
$;B;R  ;MIO; Боровляны           ; BOROVLJANY :)        ; 120 ; 1648 ;123 ;    ; 1100 ; 1648 ;123456   ;;;;02.04.09 ; 40 лет Победы 22      ; кафедра производств.обучения БГАТУ,мачта; 53.993477; 27.679858;G
$;B;R  ;MIO; Заславль            ; ZASLAVL' :)          ; 120 ; 1649 ;123 ;    ; 1100 ; 1649 ;1 34 6   ;;;;20.06.10 ; Дзержинская 26        ; технологическая башня                   ; 53.994473; 27.267903;G
$;B;R  ;MIO; Борисов             ; BORISOV :)           ; 150 ; 1651 ;123 ;    ; 1200 ; 1651 ;123456   ;;;;04.11.09 ; Чапаева 86            ; Жодинская ТЭЦ, котельный цех N3, труба  ; 54.190600; 28.490400;G
$;B;R  ;MIO; Молодечно           ; MOLODECHNO :)        ; 120 ; 1654 ;123 ;    ; 1100 ; 1654 ;1234     ;;;;23.06.09 ; Волынца 12А           ; Кож-вен диспансер, мачта                ; 54.309639; 26.840508;G
$;B;R  ;MIO; Молодечно           ; MOLODECHNO :)        ; 120 ; 1655 ;123 ;4   ; 1100 ; 1655 ;123  6   ;;;;18.12.09 ; Скорины 5             ; поликлиника N1, мачта                   ; 54.300271; 26.851157;G
$;B;R  ;MIO; Молодечно           ; MOLODECHNO :)        ; 120 ; 1656 ;123 ;    ; 1100 ; 1656 ;123 5    ;;;;18.12.09 ; Я.Купалы 130          ;ПРУП "Завод порошковой металлургии",мачта; 54.310220; 26.899890;G
$;B;R  ;MIO; Слобода             ; SLOBODA :)           ; 120 ; 1657 ;123 ;    ; 1100 ; 1657 ;123456   ;;;;07.02.09 ; Смолевичский р-н      ; магазин, мачта                          ; 54.009517; 27.877176;G
$;B;R  ;MIO; Орешники            ; ORESHNIKI :)         ; 120 ; 1658 ;123 ;    ; 1100 ; 1658 ;123456   ;;;;23.01.14 ; Смолевичский р-н      ; башня 70м                               ; 53.979866; 27.962110;G
$;B;R  ;MIO; Мостище             ; MOSTISCHE:)          ; 120 ; 1659 ;123 ;    ; 1100 ; 1659 ;1234 6   ;;;;22.05.10 ; Смолевичский р-н      ; башня 70м                               ; 53.947414; 28.012153;G
$;B;R  ;MIO; Лозовый Куст        ; LOZOVYJ KUST :)      ; 120 ; 1660 ;123 ;    ; 1100 ; 1660 ;1234 6   ;;;;15.05.10 ; Смолевичский р-н      ; башня 70м                               ; 53.856742; 27.938173;G
$;B;R  ;MIO; Дудичи              ; DUDICHI :)           ; 120 ; 1661 ;123 ;    ;      ;      ;         ;;;;12.12.10 ; Пуховичский р-н       ; башня 70м                               ; 53.588287; 27.654451;G
$;B;R  ;MIO; Борисов             ; BORISOV :)           ; 150 ; 1662 ;123 ;    ; 1200 ; 1662 ;1234 6   ;;;;08.02.10 ; Зеленый городок 4     ; диагн.станция N64, столб                ; 54.192882; 28.522214;G
$;B;R  ;MIO; Борисов             ; BORISOV :)           ; 150 ; 1663 ;123 ;456 ; 1200 ; 1663 ;123456   ;;;;28.07.15 ; Коминтерна 53         ; котельная N4, столб                     ; 54.202540; 28.548340;G
$;B;R  ;MIO; Борисов             ; BORISOV :)           ; 150 ; 1664 ;123 ;    ; 1200 ; 1664 ;123456   ;;;;28.04.09 ; Лопатина 170          ; районная больница N2, мачта             ; 54.274320; 28.487590;G
$;B;R  ;MIO; Борисов             ; BORISOV :)           ; 150 ; 1665 ;123 ;    ; 1200 ; 1665 ;1234 6   ;;;;08.02.10 ; Панфилова 47          ; ОАО "МинскТелекомСтрой", оп.мачта 40м   ; 54.237950; 28.563100;G
$;B;R  ;MIO; Борисов             ; BORISOV :)           ; 150 ; 1666 ;123 ;456 ; 1200 ; 1666 ;123456   ;;;;08.01.11 ; Труда 37              ; авторынок, столб                        ; 54.213481; 28.525341;G
$;B;R  ;MIO; Несвиж              ; NESVIZH :)           ; 120 ; 1667 ;123 ;    ; 1100 ; 1667 ;1234 6   ;;;;12.01.10 ; Ленинская 115         ; швейная фабрика, мачта                  ; 53.227430; 26.663860;G
$;B;R  ;MIO; Несвиж?             ;                      ; 120 ; 1668 ;  3 ;    ;      ;      ;         ;;;;12.10.16 ; Ленинская 8           ; решетчатая мачта Diallog *питон*        ; 53.220530; 26.681800;G
$;B;R  ;MIO; Несвиж?             ; NESVIZH :)           ; 120 ; 1669 ;123 ;    ; 1100 ; 1669 ;1        ;;;;12.09.10 ; ???                   ; восток Несвижа                          ; 53.213600; 26.696440;*
$;B;R  ;MIO; М2, Колодищи        ; MINSK :)             ; 100 ; 1670 ;123 ;    ; 1100 ; 1670 ;123      ;;;;27.05.09 ; М2, 10-й км           ; АЗС, столб                              ; 53.969122; 27.746290;G
$;B;R  ;MIO; Борисов?            ; BORISOV :)           ; 115 ; 1672 ;    ;    ;      ;      ;         ;;;;14.03.10 ; ???                   ; ?                                       ;          ;          ;
$;B;R  ;MIO; Борисов             ; BORISOV :)           ; 150 ; 1673 ;123 ;    ; 1200 ; 1673 ;123456   ;;;;14.03.10 ; Демина 11             ; мачта                                   ; 54.192040; 28.502120;G
$;B;R  ;MIO; Колодищи            ; KOLODISCHI :)        ; 100 ; 1674 ;123 ;    ; 1100 ; 1674 ;123456   ;;;;20.04.10 ; Молокович 29          ; база ОАО "Белстройматериалы"            ; 53.931874; 27.758330;G
$;B;R  ;MIO; Дзержинск           ; DZERZHINSK :)        ; 120 ; 1675 ;123 ;    ; 1100 ; 1675 ;123  6   ;;;;25.05.10 ; Протасова 5Г          ; котельная N1 ЖКХ, труба                 ; 53.682254; 27.116685;G
$;B;R  ;MIO; Жодино              ; ZHODINO :)           ; 150 ; 1677 ;123 ;    ; 1200 ; 1677 ;123456   ;;;;26.02.11 ; Сухогрядская 11       ; трубостойки                             ; 54.089466; 28.294610;G
$;B;R  ;MIO; Валерьяново         ;                      ;     ; 1678 ;    ;    ; 1100 ; 1678 ; 23 56   ;;;;23.09.12 ; Лесная 1А             ; ОДО "Планета ДВТ", столб                ; 53.964085; 27.675358;G
$;B;R  ;MIO; Борисов             ; BORISOV :)           ; 150 ; 1679 ;123 ;    ; 1200 ; 1679 ;123456   ;;;;15.04.10 ; Толстикова 2          ; хрустальный завод, труба                ; 54.222581; 28.506512;G
$;B;R  ;MIO; Великополье         ; VELIKOPOL'E :)       ; 120 ; 1680 ;123 ;    ;      ;      ;         ;;;;11.09.10 ; Червенский р-н        ; опорная мачта                           ; 53.678507; 28.576352;G
$;B;R  ;MIO; Величковичи         ; VELICHKOVICHI :)     ; 120 ; 1681 ;123 ;    ;      ;      ;         ;;;;26.07.10 ; Солигорский р-н       ; башня 70м                               ; 52.633261; 27.249189;G*w
$;B;R  ;MIO; Малые Городятичи    ; MALYE GORODJATICHI :); 120 ; 1682 ;12  ;    ;      ;      ;         ;;;;20.09.15 ; Любанский р-н         ; башня 70м                               ; 52.545306; 28.314843;G
$;B;R  ;MIO; Гоцк?               ;                      ; 120 ; 1683 ; 2  ;    ;      ;      ;         ;;;;08.11.10 ; Солигорский р-н       ; башня 70м ?                             ; 52.507241; 27.156709;G*w 
$;B;R  ;MIO; Килтовцы            ; KILTOVCY :)          ; 120 ; 1684 ;123 ;    ;      ;      ;         ;;;;18.10.10 ; Молодечненский р-н    ; башня 70м                               ; 54.142320; 26.900880;G
$;B;R  ;MIO; Мороськи            ; LEBEDEVO :)          ; 120 ; 1685 ;123 ;    ;      ;      ;         ;;;;26.10.10 ; Молодечненский р-н    ; опорная мачта                           ; 54.329673; 26.708595;G
$;B;R  ;MIO; Могильно?           ;                      ; 120 ; 1686 ;123 ;    ;      ;      ;         ;;;;12.09.10 ; Узденский р-н         ; башня 70м ?                             ; 53.418728; 26.982325;G
$;B;R  ;MIO; Пасека              ; PASEKA :)            ; 120 ; 1687 ;123 ;    ;      ;      ;         ;;;;26.07.10 ; Стародорожский р-н    ; башня 70м                               ; 52.927615; 28.247057;G
$;B;R  ;MIO; Чепели              ; CHEPELI :)           ; 120 ; 1688 ;123 ;    ;      ;      ;         ;;;;12.12.10 ; Солигорский р-н       ; Р23 123км, башня 40м                    ; 52.872710; 27.475850;G
$;B;R  ;MIO; Бориков             ;                      ; 120 ; 1689 ;1   ;    ;      ;      ;         ;;;;26.01.11 ; Любанский р-н         ; РТПС "Сосны"                            ; 52.664890; 28.221301;G
$;B;R  ;MIO; Молодечно           ; MOLODECHNO :)        ; 120 ; 1701 ;123 ;    ; 1100 ; 1701 ;123  6   ;;;;31.12.08 ; Замковая 19           ; труба станкостроительного завода        ; 54.323609; 26.878906;G
$;B;R  ;MIO; Молодечно           ; MOLODECHNO :)        ; 120 ; 1702 ;123 ;    ; 1100 ; 1702 ;123 5    ;;;;15.11.08 ; В.Гостинец 67         ; радиозавод "Спутник", мачта             ; 54.308112; 26.817323;G
$;B;R  ;MIO; Вилейка?            ; VILEJKA :)           ; 120 ; 1704 ;123 ;    ; 1100 ; 1704 ;1 34 6   ;;;;29.04.09 ; Шубина                ; мачта, недалеко от велкома на Шубина 3  ; 54.499882; 26.922457;G
$;B;R  ;MIO; Жодино              ; ZHODINO :)           ; 150 ; 1706 ;123 ;    ; 1200 ; 1706 ;123456   ;;;;21.06.09 ; Советская 47          ; магазин Евроопт, мачта                  ; 54.110957; 28.362410;G
$;B;R  ;MIO; Жодино              ; ZHODINO :)           ; 150 ; 1707 ;123 ;456 ; 1200 ; 1707 ;123456   ;;;;09.08.08 ; Мира пр. 9            ; ГУПС, мачта                             ; 54.094666; 28.316308;G
$;B;R  ;MIO; Борисов             ; BORISOV :)           ; 150 ; 1708 ;123 ;    ; 1200 ; 1708 ;123456   ;;;;28.11.07 ; Лядище,Днепровская 21А; магазин, мачта                          ; 54.238333; 28.469130;G
$;B;R  ;MIO; Борисов             ; BORISOV :)           ; 150 ; 1709 ;123 ;456 ; 1200 ; 1709 ;123456   ;;;;28.11.07 ; Строителей 44         ; поликлиника N4, мачта                   ; 54.211410; 28.475280;G
$;B;R  ;MIO; Силичи              ; SILICHI :)           ; 120 ; 1711 ;123 ;    ; 1100 ; 1711 ;123      ;;;;22.05.09 ; Логойский р-н         ; РГЦ "Силичи", столб                     ; 54.155511; 27.831078;G
$;B;R  ;MIO; Нарочь              ; NAROCH' :)           ; 120 ; 1712 ;123 ;    ;      ;      ;         ;;;;20.10.10 ; Туристская            ; г-ца "Нарочь", мачта                    ; 54.895070; 26.680620;G*w
$;B;R  ;MIO; Слуцк               ; SLUCK :)             ; 120 ; 1713 ;123 ;    ; 1100 ; 1713 ;123456   ;;;;18.10.09 ; 14ти Партизан         ; Слуцкая миниТЭЦ N2, труба               ; 53.047410; 27.551990;G
$;B;R  ;MIO; Слуцк               ; SLUCK :)             ; 120 ; 1714 ;123 ;456 ; 1100 ; 1714 ;123456   ;;;;18.10.09 ; Ленина 207            ;общежитие спорткомплекса "Дельфин", мачта; 53.032800; 27.559303;G
$;B;R  ;MIO; Смолевичи           ; SMOLEVICHI :)        ; 150 ; 1716 ;123 ;    ; 1200 ; 1716 ;123456   ;;;;21.05.07 ; Садовая 1             ; универмаг, мачта                        ; 54.030286; 28.091003;G
$;B;R  ;MIO; Слуцк               ; SLUCK :)             ; 120 ; 1718 ;123 ;    ; 1100 ; 1718 ;123 56   ;;;;30.10.07 ; Головащенко 6         ;"Слуцкий сахарорафинадный комбинат",труба; 53.000508; 27.516032;G
$;B;R  ;MIO; Дубеи               ; DUBEI :)             ; 120 ; 1719 ;123 ;    ; 1100 ; 1719 ;123      ;;;;29.07.07 ; Солигорский р-н       ; РТПС, Солигорский цех УКРВ              ; 52.779350; 27.461520;G
$;B;R  ;MIO; Солигорск           ; SOLIGORSK :)         ; 120 ; 1720 ;123 ;  6 ;      ;      ;         ;;;;29.06.07 ; Мира пр. 40           ; РУЭС, реш.мачта                         ; 52.783690; 27.525680;G
$;B;R  ;MIO; Солигорск           ; SOLIGORSK :)         ; 120 ; 1721 ;123 ;4   ; 1100 ; 1721 ;12345    ;;;;28.01.07 ; М.Горького 13         ; СШ N2, реш.мачта                        ; 52.790300; 27.547780;G
$;B;R  ;MIO; Солигорск           ; SOLIGORSK :)         ; 120 ; 1722 ;123 ;4   ; 1100 ; 1722 ;12345    ;;;;30.10.07 ; Богомолова 22А        ; гимназия N2, реш.мачта                  ; 52.787310; 27.506950;G
$;B;R  ;MIO; Солигорск           ; SOLIGORSK :)         ; 120 ; 1723 ;123 ;456 ; 1100 ; 1723 ;123456   ;;;;29.07.07 ; Железнодорожная 5     ; ГУПП ЖКХ "Тепловые Сети", мачта         ; 52.795690; 27.551290;G
$;B;R  ;MIO; Летенец             ; LETENEC :)           ; 120 ; 1725 ;123 ;    ;      ;      ;         ;;;;17.06.09 ; Солигорский р-н       ; Р23, 140км, башня 70м                   ; 52.677490; 27.464150;G
$;B;R  ;MIO; Большая Ухолода     ; BOLSHAJA UHOLODA :)  ; 150 ; 1726 ;123 ;    ;      ;      ;         ;;;;29.03.09 ; Борисовский р-н       ; М1, 441км, башня 70м                    ; 54.209944; 28.618147;G
$;B;R  ;MIO; Нача                ; NACHA :)             ; 150 ; 1727 ;123 ;    ;      ;      ;         ;;;;14.02.09 ; Крупский р-н          ; М1, башня 70м                           ; 54.292281; 28.969890;G
$;B;R  ;MIO; Червень             ; CHERVEN :)           ; 120 ; 1732 ;123 ;    ; 1100 ; 1732 ;1234 6   ;;;;12.12.08 ; Барыкина 58           ; водонапорная башня                      ; 53.706832; 28.415731;G
$;B;R  ;MIO; Молодечно           ; MOLODECHNO :)        ; 120 ; 1736 ;123 ;    ; 1100 ; 1736 ;1234     ;;;;31.12.08 ; Космонавтов           ; котельная N2, труба                     ; 54.307400; 26.857190;G
$;B;R  ;MIO; Колодищи            ;                      ;     ; 1737 ;    ;    ; 1100 ; 1737 ;1 34 6   ;;;;26.01.13 ; Скорины 7             ; столб                                   ; 53.946815; 27.787995;G
$;B;R  ;MIO; Копыль              ; KOPYL' :)            ; 120 ; 1740 ;123 ;    ; 1100 ; 1740 ;123      ;;;;29.11.08 ;                       ; РТПС                                    ; 53.143640; 27.070010;G
$;B;R  ;MIO; Клецк?              ; KLECK :)             ; 120 ; 1741 ;123 ;    ; 1100 ; 1741 ;123      ;;;;29.11.08 ; Маяковского пл. 3     ; Клецкий УЭС, мачта *питон*              ; 53.066890; 26.630690;G
$;B;R  ;MIO; Клецк?              ; KLECK :)             ; 120 ; 1742 ;123 ;    ;      ;      ;         ;;;;12.01.10 ; Победы 46             ; ОАО "Клецкий мехзавод", башня *питон*   ; 53.072970; 26.649870;G
$;B;R  ;MIO; Старые Дороги       ; STARYE DOROGI :)     ; 120 ; 1746 ;123 ;    ; 1100 ; 1746 ;1234 6   ;;;;18.10.09 ; Пролетарская 36       ; универмаг, мачта                        ; 53.038720; 28.266340;G
$;B;R  ;MIO; Любань              ; LUBAN :)             ; 120 ; 1748 ;123 ;    ; 1100 ; 1748 ;123      ;;;;21.11.08 ; Первомайская 35     ;райисполком,фонд соц.защиты населения,мачта; 52.791110; 27.999505;G
$;B;R  ;MIO; Крупки              ; KRUPKI :)            ; 150 ; 1750 ;123 ;    ; 1200 ; 1750 ;123456   ;;;;09.08.08 ; Советская 6           ; РУЭС, мачта                             ; 54.318236; 29.142072;G
$;B;R  ;MIO; Мядель              ; MJADEL' :)           ; 120 ; 1751 ;123 ;    ; 1100 ; 1751 ;123      ;;;;06.07.08 ; 17 сентября 2         ; почта, мачта                            ; 54.869370; 26.925895;G*w
$;B;R  ;MIO; Теляки              ; TELJAKI :)           ; 120 ; 1753 ;123 ;    ;      ;      ;         ;;;;21.06.09 ; Мядельский р-н        ; РТПС                                    ; 54.893260; 26.806400;G
$;B;R  ;MIO; Гатовичи?           ; GATOVICHI :)         ; 120 ; 1754 ;123 ;    ;      ;      ;         ;;;;16.08.09 ; Мядельский р-н        ;                                         ; 54.852980; 26.857910;*
$;B;R  ;MIO; Руденск             ; RUDENSK :)           ; 120 ; 1755 ;123 ;    ; 1100 ; 1755 ;123456   ;;;;04.01.09 ; Пуховичский р-н       ; Руденская, магазин у ж/д станции, мачта ; 53.597440; 27.860460;G
$;B;R  ;MIO; Правдинский         ; PRAVDINSK :)         ; 120 ; 1756 ;123 ;    ; 1100 ; 1756 ;1        ;;;;04.01.09 ; Пуховичский р-н       ; мачта                                   ; 53.529167; 27.820459;G
$;B;R  ;MIO; Уречье              ; URECHE :)            ; 120 ; 1757 ;123 ;    ; 1100 ; 1757 ;  34 6   ;;;;28.11.08 ; Любанский р-н         ;Заводская 1, спиртзавод "Кристалл", мачта; 52.947540; 27.888660;G
$;B;R  ;MIO; Старобин?           ; STAROBIN :)          ; 115 ; 1758 ;123 ;    ; 1100 ; 1758 ;123      ;;;;29.12.08 ; Солигорский р-н       ; ул. 8-марта 23 клуб?, мачта             ; 52.730909; 27.450936;G*w
$;B;R  ;MIO; Несвиж              ; NESVIZH :)           ; 120 ; 1760 ;123 ;    ;      ;      ;         ;;;;29.11.08 ; Шимко                 ; башня на территории эл.подстанции       ; 53.236060; 26.676420;G
$;B;R  ;MIO; Бобр                ; BOBR :)              ; 150 ; 1761 ;123 ;    ;      ;      ;         ;;;;21.06.09 ; Крупский р-н          ; магазин N5 БелКоопСоюза, мачта          ; 54.339092; 29.273815;G
$;B;R  ;MIO; Холопеничи          ; HOLOPENICHI :)       ; 150 ; 1762 ;123 ;    ; 1200 ; 1762 ;123      ;;;;09.04.11 ; Крупский р-н          ; Карла Маркса, башня 70м                 ; 54.515877; 28.939895;G
$;B;R  ;MIO; Плещеницы           ; PLESCHENICY :)       ; 120 ; 1763 ;123 ;    ; 1100 ; 1763 ;12345    ;;;;13.04.10 ; Ленина 5              ; РУЭС, мачта                             ; 54.421815; 27.833745;G
$;B;R  ;MIO; Левки               ; LEVKI :)             ; 120 ; 1765 ;123 ;    ;      ;      ;         ;;;;02.01.11 ; Стародорожский р-н    ; Р91/Р92, башня 70м                      ; 53.206666; 28.040193;G
$;B;R  ;MIO; Молодечно           ; MOLODECHNO :)        ; 120 ; 1767 ;123 ;    ; 1100 ; 1767 ;12345    ;;;;31.12.08 ; Ларина 6              ; ДРСУ-195, мачта                         ; 54.324560; 26.851070;G!w
$;B;R  ;MIO; Молодечно           ; MOLODECHNO :)        ; 120 ; 1768 ;123 ;    ; 1100 ; 1768 ;123  6   ;;;;18.12.09 ; Дроздовича 27         ; Молодечненский РЭС, труба               ; 54.299660; 26.816820;G
$;B;R  ;MIO; Турец-Бояры         ; TUREC-BOJARY :)      ; 120 ; 1769 ;123 ;    ;      ;      ;         ;;;;27.09.09 ; Молодечненский р-н    ; РТПЦ "Турец-Бояры"                      ; 54.375980; 26.649350;G
$;B;R  ;MIO; Борисов             ; BORISOV :)           ; 150 ; 1771 ;123 ;    ; 1200 ; 1771 ;1234 6   ;;;;25.03.09 ; Труда 5               ; РУПС, трипод                            ; 54.220785; 28.530582;G
$;B;R  ;MIO; Борисов?            ; BORISOV :)           ; 150 ; 1772 ;123 ;    ;      ;      ;         ;;;;21.06.09 ; Заводская 45          ;ОАО "Борисовский ДОК", труба(ист.-google); 54.214610; 28.544770;G
$;B;R  ;MIO; Борисов?            ; BORISOV :)           ; 150 ; 1773 ;123 ;    ; 1200 ; 1773 ;12 45    ;;;;30.12.11 ; ???              ; опорная мачта VEL 0298/3509 ??? (ист.-google); 54.250318; 28.538586;*
$;B;R  ;MIO; Печи                ; BORISOV :)           ; 150 ; 1774 ;123 ;    ; 1200 ; 1774 ;1234 6   ;;;;29.03.09 ; Борисовский р-н       ; универмаг, мачта                        ; 54.179085; 28.473141;G
$;B;R  ;MIO; Борисов             ; BORISOV :)           ; 150 ; 1775 ;123 ;    ; 1200 ; 1775 ;123456   ;;;;07.12.08 ; Л.Чаловской 19        ; ОАО "140-й ремонтный завод", труба      ; 54.226783; 28.470023;G
$;B;R  ;MIO; Березино            ; BEREZINO :)          ; 150 ; 1777 ;123 ;    ; 1200 ; 1777 ;123456   ;;;;07.12.08 ; Октябрьская 25        ; дом быта, мачта                         ; 53.835127; 28.993325;G
$;B;R  ;MIO; Слуцк               ; SLUCK :)             ; 120 ; 1778 ;1237;    ; 1100 ; 1778 ;12345678 ;;;;18.10.09 ; М.Богдановича 172     ; мачта на территории базы возле магазина ; 53.001890; 27.573130;G
$;B;R  ;MIO; Слуцк               ; SLUCK :)             ; 120 ; 1779 ;123 ;    ; 1100 ; 1779 ;12345    ;;;;04.11.09 ; Копыльская 57         ; Комбинат хлебопродуктов, элеватор, мачта; 53.029945; 27.537352;G
$;B;R  ;MIO; Слуцк               ; SLUCK :)             ; 120 ; 1780 ;123 ;    ; 1100 ; 1780 ;123456   ;;;;18.10.09 ; Гагарина 3            ; ДОСААФ, мачта                           ; 53.038714; 27.590136;G*
$;B;R  ;MIO; Солигорск?          ; SOLIGORSK :)         ; 120 ; 1782 ;123 ;    ; 1100 ; 1782 ;123 56   ;;;;04.11.09 ; ???                   ; на выезде с города по ул. Заслонова     ; 52.787970; 27.553310;*
$;B;R  ;MIO; Лавский Брод        ; LAVSKIJ BROD :)      ; 120 ; 1783 ;123 ;    ;      ;      ;         ;;;;24.10.09 ; Воложинский р-н       ; M7, башня 70м                           ; 54.210166; 26.352477;G
$;B;R  ;MIO; Солигорск?          ; SOLIGORSK :)         ; 120 ; 1784 ;    ;4   ;      ;      ;         ;;;;23.12.09 ; ???                   ; ???                                     ; 52.797640; 27.539320;*
$;B;R  ;MIO; Борисов             ; BORISOV :)           ; 150 ; 1785 ;    ;456 ; 1200 ; 1785 ;123456   ;;;;15.03.09 ; 3-го Интернационала 79; ОДО "БелСваМо", столб                   ; 54.247270; 28.505390;G
$;B;R  ;MIO; Заостровечье        ; ZAOSTROVECH'E :)     ; 120 ; 1787 ;123 ;    ;      ;      ;         ;;;;25.05.10 ; Клецкий р-н           ; башня 70м                               ; 52.904230; 26.761470;G
$;B;R  ;MIO; Новоселки           ; NOVOSELKI :)         ; 120 ; 1788 ;123 ;    ;      ;      ;         ;;;;25.05.10 ; Копыльский р-н        ; башня 70м                               ; 53.008580; 26.881930;G
$;B;R  ;MIO; Студеница           ; STUDENICA :)         ; 120 ; 1789 ;123 ;    ;      ;      ;         ;;;;15.09.10 ; Мядельский р-н        ; башня 70м                               ; 54.910240; 27.027360;G
$;B;R  ;MIO; Красная Слобода?    ; KRASNAJA SLOBODA :)  ; 120 ; 1790 ;123 ;    ; 1100 ; 1790 ;1  4     ;;;;12.12.10 ; Солигорский р-н       ; мачта? (чья?)                           ; 52.852710; 27.178840;G*w
$;B;R  ;MIO; Любань              ; LUBAN :)             ; 120 ; 1791 ;13  ;    ; 1100 ; 1791 ;123456   ;;;;01.06.15 ; Калинина 59           ; санстанция, мачта                       ; 52.804085; 28.001394;G
$;B;R  ;MIO; Слуцк               ; SLUCK :)             ; 120 ; 1792 ;123 ;    ; 1100 ; 1792 ;123456   ;;;;02.01.11 ; Майский Посад 45      ; МОУП "Слуцкий ГорТопСбыт", башня 40м    ; 53.014242; 27.536086;G
$;B;R  ;MIO; Деревная            ; DREVNOE :)           ; 120 ; 1793 ;123 ;    ;      ;      ;         ;;;;26.01.11 ; Столбцовский р-н      ; опорная мачта                           ; 53.703430; 26.576364;G
$;B;R  ;MIO; Новые Рубежевичи    ;                      ; 120 ; 1794 ;123 ;    ;      ;      ;         ;;;;09.04.11 ; Столбцовский р-н      ; мачта                                   ; 53.694684; 26.857043;G
$;B;R  ;MIO; Великое Село?       ;                      ; 120 ; 1795 ;123 ;    ;      ;      ;         ;;;;31.08.10 ; Дзержинский р-н       ; около Дзержинска, столб? (ист. - google); 53.750080; 26.936095;*
$;B;R  ;MIO; Стайки              ; STAJKI :)            ; 150 ; 1796 ;123 ;    ;      ;      ;         ;;;;31.05.10 ; Борисовский р-н       ; башня 50м                               ; 54.248435; 28.645890;G
$;B;R  ;MIO; Велятичи            ; VELJATICHI :)        ; 150 ; 1797 ;123 ;    ; 1200 ; 1797 ;  3  6   ;;;;19.12.15 ; Борисовский р-н       ; башня 70м                               ; 54.159389; 28.907229;G
$;B;R  ;MIO; Новое Янчино        ; NOVOE JANCHINO :)    ; 150 ; 1798 ;123 ;    ;      ;      ;         ;;;;11.09.10 ; Борисовский р-н       ; башня 70м                               ; 54.396354; 28.657701;G
$;B;R  ;MIO; Драчково            ; DRACHKOVO :)         ; 120 ; 1799 ;123 ;    ;      ;      ;         ;;;;05.04.10 ; Смолевичский р-н      ; башня 40м                               ; 53.821743; 28.084058;G
$;B;R  ;MIO; Зеленый Бор         ; ZELENYJ BOR :)       ; 120 ; 1800 ;123 ;    ;      ;      ;         ;;;;22.09.10 ; Смолевичский р-н      ; опорная мачта                           ; 54.009840; 28.475700;G
$;B;R  ;MIO; Лисицы              ; LISICY :)            ; 120 ; 1802 ;123 ;    ; 1100 ; 1802 ; 23      ;;;;30.11.08 ; Минский р-н           ; Р28, совм.башня 70м                     ; 54.104040; 27.269680;G
$;B;R  ;MIO; Красовщина          ; KRASOVSCHINA :)      ; 120 ; 1804 ;123 ;    ; 1100 ; 1804 ;1        ;;;;28.10.12 ; Молодечненский р-н    ; Р28, совм.башня 70м                     ; 54.219100; 27.115310;G
$;B;R  ;MIO; Цна?                ; CNA :)               ; 120 ; 1806 ;123 ;    ;      ;      ;         ;;;;15.09.10 ; Вилейский р-н         ; Р28, башня МТС 70м  ???                 ; 54.404020; 26.875650;G
$;B;R  ;MIO; Талуть              ; TALUT' :)            ; 120 ; 1808 ;123 ;    ;      ;      ;         ;;;;16.08.09 ; Мядельский р-н        ; башня 70м                               ; 54.692490; 26.927940;G
$;B;R  ;MIO; Брусы               ; BRUSY :)             ; 120 ; 1809 ;123 ;    ;      ;      ;         ;;;;16.08.09 ; Мядельский р-н        ; башня 70м                               ; 54.764770; 26.969130;G
$;B;R  ;MIO; Занарочь            ; ZANAROCH' :)         ; 120 ; 1810 ;123 ;    ;      ;      ;         ;;;;16.08.09 ; Мядельский р-н        ; башня 50м                               ; 54.801290; 26.760560;G
$;B;R  ;MIO; Швакшты             ; SHVAKSHTY :)         ; 120 ; 1811 ;123 ;    ;      ;      ;         ;;;;15.09.10 ; Мядельский р-н        ; башня МТС 70м                           ; 54.962077; 26.641279;G
$;B;R  ;MIO; ???                 ; VALER JANOVO:)       ; 120 ; 1820 ;1   ;    ;      ;      ;         ;;;;12.04.12 ; ???                   ; ? Молодечно-Вилейка-граница_с_ВИО       ;          ;          ;
$;B;R  ;MIO; Валерьяново         ; VALER'JANOVO :)      ; 120 ; 1822 ;123 ;    ; 1100 ; 1822 ;123456   ;;;;28.06.11 ; Минский р-н           ; Лесная, башня велком 50м                ; 53.974445; 27.667418;G
$;B;R  ;MIO; Костеневичи         ; KOSTENEVICHI :)      ; 120 ; 1830 ;123 ;    ;      ;      ;         ;;;;20.10.10 ; Вилейский р-н         ; башня 70м                               ; 54.587600; 27.212540;G
$;B;R  ;MIO; Старинки            ; STARINKI :)          ; 120 ; 1831 ;123 ;    ;      ;      ;         ;;;;29.04.10 ; Вилейский р-н         ; башня 70м                               ; 54.501370; 27.307990;G
$;B;R  ;MIO; Белое               ; BELOE :)             ; 120 ; 1832 ;123 ;    ;      ;      ;         ;;;;06.03.10 ; Логойский р-н         ; башня 40м                               ; 54.464670; 27.581720;G
$;B;R  ;MIO; Малевичи            ; MALEVICHI :)         ; 120 ; 1833 ;123 ;    ;      ;      ;         ;;;;29.04.10 ; Вилейский р-н         ; башня 70м                               ; 54.409330; 27.371230;G
$;B;R  ;MIO; Гайна               ; GAJNA :)             ; 120 ; 1834 ;123 ;    ;      ;      ;         ;;;;22.09.10 ; Логойский р-н         ; башня 70м                               ; 54.253430; 27.714710;G
$;B;R  ;MIO; Малые Бесяды        ; MALYE BESJADY :)     ; 120 ; 1835 ;123 ;    ;      ;      ;         ;;;;21.01.10 ; Логойский р-н         ; опорная мачта                           ; 54.233540; 27.488690;G
$;B;R  ;MIO; Любань              ; LUBAN' :)            ; 120 ; 1836 ;123 ;    ;      ;      ;         ;;;;15.09.10 ; Вилейский р-н         ; башня 70м                               ; 54.600950; 26.866830;G
$;B;R  ;MIO; Русское село        ;                      ; 120 ; 1837 ;123 ;    ;      ;      ;         ;;;;12.09.10 ; Вилейский р-н         ; башня 50м                               ; 54.538579; 26.671301;G
$;B;R  ;MIO; Камено              ; KAMENO :)            ; 120 ; 1838 ;1 3 ;    ;      ;      ;         ;;;;17.02.11 ; Логойский р-н         ; башня 70м                               ; 54.417898; 28.020332;G
$;B;R  ;MIO; Гацук               ; GACUK :)             ; 120 ; 1839 ;123 ;    ;      ;      ;         ;;;;18.10.09 ; Слуцкий р-н           ; опорная мачта                           ; 53.329850; 27.526560;G
$;B;R  ;MIO; Жилин Брод          ; ZHILIN BROD :)       ; 120 ; 1840 ;123 ;    ;      ;      ;         ;;;;15.02.10 ; Слуцкий р-н           ; башня 70м                               ; 53.211520; 27.762660;G
$;B;R  ;MIO; Омговичи            ; OMGOVICHI :)         ; 120 ; 1841 ;123 ;    ;      ;      ;         ;;;;28.02.10 ; Слуцкий р-н           ; башня 70м                               ; 53.094210; 27.814830;G
$;B;R  ;MIO; Подъяменец          ; GORKI :)             ; 120 ; 1842 ;123 ;    ;      ;      ;         ;;;;31.07.10 ; Стародорожский р-н    ; Р43, башня 70м                          ; 53.051549; 28.060890;G
$;B;R  ;MIO; Залужье             ; ZALUZH'E :)          ; 120 ; 1843 ;123 ;    ;      ;      ;         ;;;;31.07.10 ; Стародорожский р-н    ; Р92, башня 70м                          ; 53.143540; 28.163322;G
$;B;R  ;MIO; Пастовичи           ; PASTOVICHI :)        ; 120 ; 1844 ;123 ;    ;      ;      ;         ;;;;17.02.11 ; Стародорожский р-н    ; Р43, башня 70м                          ; 53.060948; 28.471050;G
$;B;R  ;MIO; Лядно               ; LJADNO :)            ; 120 ; 1845 ;123 ;    ; 1100 ; 1845 ;1234     ;;;;25.05.10 ; Слуцкий р-н           ; башня 50м                               ; 52.990980; 27.229050;G
$;B;R  ;MIO; Неволож             ; NEVOLOZH :)          ; 120 ; 1846 ;1237;    ; 1100 ; 1846 ;123 5    ;;;;24.12.09 ; Любанский р-н         ; башня 70м                               ; 52.835770; 27.785450;G
$;B;R  ;MIO; Чабусы              ; CHABUSY :)           ; 120 ; 1847 ;123 ;    ;      ;      ;         ;;;;02.01.10 ; Любанский р-н         ; башня 70м                               ; 52.831752; 28.160837;G
$;B;R  ;MIO; Прусы               ;                      ; 120 ; 1848 ;1 3 ;    ;      ;      ;         ;;;;26.01.11 ; Стародорожский р-н    ; башня 70м                               ; 52.844165; 28.370751;G
$;B;R  ;MIO; Сосны?              ;                      ; 120 ; 1850 ;  3 ;    ;      ;      ;         ;;;;20.05.11 ; ???                   ;Р55, около Неволожь, Сосны? (ист.-google); 52.604360; 28.014151;*
$;B;R  ;MIO; Шепели              ; SHEPELI :)           ; 120 ; 1851 ;123 ;    ;      ;      ;         ;;;;28.09.09 ; Минский р-н           ; Р58, опорная мачта                      ; 54.162849; 27.500072;G
$;B;R  ;MIO; Новые Денисовичи    ; NOVYE DENISOVICHI :) ; 150 ; 1852 ;123 ;    ;      ;      ;         ;;;;08.01.11 ; Крупский р-н          ; Р62, башня 50м                          ; 54.192279; 29.225342;G
$;B;R  ;MIO; Ухвала              ; UHVALA :)            ; 150 ; 1853 ;123 ;    ;      ;      ;         ;;;;06.05.15 ; Крупский р-н          ; опорная мачта                           ; 54.102976; 29.214722;G
$;B;R  ;MIO; Островки            ; OSTROVKI :)          ; 150 ; 1854 ;123 ;    ;      ;      ;         ;;;;01.11.14 ; Крупский р-н          ; башня 70м                               ; 54.530560; 29.337833;G
$;B;R  ;MIO; Скаковка            ; SKAKOVKA :)          ; 150 ; 1855 ;123 ;    ;      ;      ;         ;;;;08.01.11 ; Крупский р-н          ; опорная мачта                           ; 54.246607; 29.319114;G
$;B;R  ;MIO; Шашки               ; SHASHKI :)           ; 120 ; 1856 ;123 ;    ;      ;      ;         ;;;;31.08.10 ; Столбцовский р-н      ; башня 70м                               ; 53.614434; 26.679445;G
$;B;R  ;MIO; Хотова              ; HOTOVO :)            ; 120 ; 1857 ;123 ;    ;      ;      ;         ;;;;12.09.10 ; Столбцовский р-н      ; башня 70м                               ; 53.753335; 26.634464;G
$;B;R  ;MIO; Михалово (Ивенец)   ; MIHALOVO :)          ; 120 ; 1858 ;123 ;    ;      ;      ;         ;;;;02.04.10 ; Воложинский р-н       ; башня 70м                               ; 53.894000; 26.762850;G
$;B;R  ;MIO; Вертники            ; VERTNIKI :)          ; 120 ; 1859 ;123 ;    ;      ;      ;         ;;;;26.07.10 ; Дзержинский р-н       ; башня 70м                               ; 53.823800; 27.092780;G
$;B;R  ;MIO; Садки               ; SADKI :)             ; 120 ; 1860 ;123 ;    ;      ;      ;         ;;;;16.07.10 ; Копыльский р-н        ; башня 50м                               ; 53.224780; 27.299650;G
$;B;R  ;MIO; Зембин              ; ZEMBIN :)            ; 120 ; 1861 ;123 ;    ;      ;      ;         ;;;;11.09.10 ; Борисовский р-н       ; башня 70м                               ; 54.353873; 28.217674;G
$;B;R  ;MIO; Кайтаново           ; KAJTANOVO :)         ; 150 ; 1862 ;123 ;    ;      ;      ;         ;;;;11.09.10 ; Борисовский р-н       ; башня 70м                               ; 54.476369; 28.224824;G
$;B;R  ;MIO; Нивки               ; NIVKI :)             ; 150 ; 1863 ;123 ;    ;      ;      ;         ;;;;28.07.15 ; Борисовский р-н       ; башня 70м                               ; 54.604954; 28.151938;G*
$;B;R  ;MIO; Семеньковичи        ; SEMEN'KOVICHI :)     ; 150 ; 1864 ;123 ;    ;      ;      ;         ;;;;31.05.10 ; Борисовский р-н       ; башня 70м                               ; 54.080875; 28.689382;G
$;B;R  ;MIO; Куковичи            ; KUKOVICHI :)         ; 120 ; 1865 ;123 ;    ;      ;      ;         ;;;;06.01.10 ; Копыльский р-н        ; опорная мачта                           ; 53.150140; 26.851650;G
$;B;R  ;MIO; Лотвины             ; LOTVINY :)           ; 120 ; 1866 ;123 ;    ;      ;      ;         ;;;;23.12.09 ; Копыльский р-н        ; башня 70м                               ; 53.276850; 26.973770;G
$;B;R  ;MIO; Михановичи          ; MIHANOVICHI :)       ; 120 ; 1867 ;123 ;    ; 1100 ; 1867 ;123456   ;;;;03.05.10 ; Минский р-н           ; опорная мачта                           ; 53.735089; 27.691260;G
$;B;R  ;MIO; Гатово              ; GATOVO :)            ; 120 ; 1868 ;123 ;    ; 1100 ; 1868 ;12345    ;;;;03.05.10 ; Минский р-н           ; башня 40м                               ; 53.787356; 27.624242;G
$;B;R  ;MIO; Липск               ; LIPSK :)             ; 120 ; 1869 ;123 ;    ;      ;      ;         ;;;;06.04.10 ; Пуховичский р-н       ; башня 70м                               ; 53.450556; 27.922130;G
$;B;R  ;MIO; Леоновичи           ; LEONOVICHI :)        ; 120 ; 1870 ;123 ;    ;      ;      ;         ;;;;22.05.10 ; Пуховичский р-н       ; башня 70м                               ; 53.428094; 27.724138;G
$;B;R  ;MIO; Омельно?            ; OMELNO :)            ; 120 ; 1871 ;12  ;    ;      ;      ;         ;;;;06.04.10 ; Пуховичский р-н       ; башня велком 70м?                       ; 53.364236; 28.033125;G*
$;B;R  ;MIO; Перевоз             ; PEREVOZ :)           ; 150 ; 1872 ;123 ;    ;      ;      ;         ;;;;28.05.10 ; Березинский р-н       ; башня 70м                               ; 53.688967; 28.944147;G
$;B;R  ;MIO; Кутузовка           ; KUTUZOVKA:)          ; 120 ; 1873 ;123 ;    ;      ;      ;         ;;;;08.08.10 ; Червенский р-н        ; P59, башня 70м                          ; 53.849207; 28.413672;G
$;B;R  ;MIO; Колюжица            ; KOLUZHICA :)         ; 150 ; 1874 ;123 ;    ;      ;      ;         ;;;;28.07.15 ; Березинский р-н       ; опорная мачта                           ; 53.979589; 28.827214;G
$;B;R  ;MIO; Пружанка            ; PRUZHANKA :)         ; 150 ; 1875 ;123 ;    ;      ;      ;         ;;;;28.05.10 ; Березинский р-н       ; башня 50м                               ; 53.912250; 28.889190;G
$;B;R  ;MIO; Матевичи            ; MATEVICHI :)         ; 150 ; 1876 ;123 ;    ;      ;      ;         ;;;;26.01.11 ; Березинский р-н       ; башня 50м                               ; 53.693314; 29.232270;G
$;B;R  ;MIO; Дмитровичи          ; DMITROVICHI :)       ; 150 ; 1877 ;123 ;    ;      ;      ;         ;;;;06.05.15 ; Березинский р-н       ; башня 70м                               ; 53.975550; 29.118748;G
$;B;R  ;MIO; Оточная Слобода     ; OTOCHNAJA SLOBODA :) ; 120 ; 1878 ;123 ;    ;      ;      ;         ;;;;22.05.10 ; Червенский р-н        ; Р59, башня 50м                          ; 53.667880; 28.304570;G
$;B;R  ;MIO; Константиново       ;                      ; 120 ; 1879 ; 23 ;    ;      ;      ;         ;;;;01.11.10 ; Мядельский р-н        ; башня 70м                               ; 54.912423; 26.446607;G
$;B;R  ;MIO; Старые Габы?        ;                      ; 120 ; 1880 ; 13 ;    ;      ;      ;         ;;;;05.07.12 ; Мядельский р-н        ; опорная мачта МТС? (ист. - google)      ; 54.884970; 27.269220;G*
$;B;R  ;MIO; Туча                ; TUCHA :)             ; 120 ; 1881 ;123 ;    ;      ;      ;         ;;;;01.11.10 ; Клецкий р-н           ; башня 70м                               ; 52.969020; 26.541090;G
$;B;R  ;MIO; Притерпа            ; PRITERPA :)          ; 120 ; 1882 ;123 ;    ;      ;      ;         ;;;;26.01.11 ; Березинский р-н       ; башня 70м                               ; 53.530360; 28.953524;G
$;B;R  ;MIO; Молодечно           ; MOLODECHNO :)        ; 120 ; 1888 ;123 ;    ; 1100 ; 1888 ;123  6   ;;;;17.06.11 ; Л.Роменская 46А       ; склады, столб                           ; 54.314090; 26.852730;G
$;B;R  ;MIO; Жодино              ; ZHODINO :)           ; 150 ; 1889 ;123 ;456 ; 1200 ; 1889 ;12345    ;;;;21.01.10 ; Сухогрядская 3        ; ПО "Свитанок", рынок, мачта             ; 54.085331; 28.301560;G
$;B;R  ;MIO; Марьина Горка       ; MAR'INA GORKA :)     ; 120 ; 1890 ;123 ;    ; 1100 ; 1890 ;123456   ;;;;15.02.10 ; Пуховичский р-н       ; Спасателей 2, МЧС, мачта                ; 53.506911; 28.155996;G
$;B;R  ;MIO; Жодино              ; ZHODINO :)           ; 150 ; 1891 ;123 ;    ; 1200 ; 1891 ;12345    ;;;;19.08.10 ; Рокоссовского         ; автостоянка, башня                      ; 54.096951; 28.286506;G
$;B;R  ;MIO; Жодино              ;                      ;     ; 1892 ;    ;    ; 1200 ; 1892 ;123456   ;;;;30.09.12 ; 50 лет Октября        ; ун-м "Центральный", трипод              ; 54.096700; 28.304364;G
$;B;R  ;MIO; Паперня             ; PAPERNJA :)          ; 120 ; 1893 ;123 ;    ;      ;      ;         ;;;;14.05.10 ; Минский р-н           ; Р58, опорная мачта                      ; 54.029950; 27.569030;G
$;B;R  ;MIO; Грицевичи           ; GRICEVICHI :)        ; 120 ; 1894 ;123 ;    ;      ;      ;         ;;;;12.09.10 ; Клецкий р-н           ; башня 70м                               ; 52.980280; 26.727710;G
$;B;R  ;MIO; Тарасово            ; TARASOVO:)           ; 100 ; 1895 ;123 ;    ; 1100 ; 1895 ;123456 8 ;;;;11.05.10 ; Минский р-н           ; башня 70м                               ; 53.927673; 27.392903;G
$;B;R  ;MIO; Семково             ;                      ;     ; 1896 ;    ;    ; 1100 ; 1896 ;123456   ;;;;13.06.15 ; Минский р-н           ; башня 40м                               ; 54.016410; 27.456420;G
$;B;R  ;MIO; Угляны              ; UGLJANY :)           ; 120 ; 1897 ;123 ;    ;      ;      ;         ;;;;11.09.10 ; Минский р-н           ; опорная мачта                           ; 54.104473; 27.475410;G
$;B;R  ;MIO; Селище              ; SELISCHE :)          ; 120 ; 1898 ; 23 ;    ;      ;      ;         ;;;;20.10.10 ; Вилейский р-н         ; опорная мачта                           ; 54.352920; 27.071060;Y*w
$;B;R  ;MIO; Проньки             ; PRON'KI :)           ; 120 ; 1899 ;123 ;    ;      ;      ;         ;;;;20.10.10 ; Мядельский р-н        ; опорная мачта                           ; 54.817840; 26.704790;G
$;B;R  ;MIO; Полесье?            ; POLES'E :)           ; 120 ; 1901 ; 13 ;    ;      ;      ;         ;;;;10.04.12 ; Мядельский р-н        ; башня? *питон*                          ; 54.797320; 27.448980;G*
$;B;R  ;MIO; Прудники?           ; PRUDNIKI :)          ; 120 ; 1902 ;123 ;    ;      ;      ;         ;;;;09.04.11 ; Мядельский р-н        ; опорная мачта *питон*                   ; 54.700030; 27.277420;G
$;B;R  ;MIO; Хутор               ; HUTOR :)             ; 120 ; 1904 ;123 ;    ;      ;      ;         ;;;;11.09.10 ; Червенский р-н        ; М4, башня 70м                           ; 53.883052; 28.582028;G
$;B;R  ;MIO; Нарочь              ; NAROCH' :)           ; 120 ; 1905 ;123 ;    ; 1100 ; 1905 ; 23      ;;;;15.09.10 ; Мядельский р-н        ; Ленинская 10, универмаг, мачта          ; 54.909120; 26.707480;G
$;B;R  ;MIO; Олехновичи          ; OLEHNOVICHI :)       ; 120 ; 1906 ;123 ;    ; 1100 ; 1906 ;12 45    ;;;;11.10.10 ; Молодечненский р-н    ; опорная мачта                           ; 54.159155; 27.093294;G
$;B;R  ;MIO; Грусково            ; GRUSKOVO :)          ; 120 ; 1907 ;123 ;    ; 1100 ; 1907 ;1 34 6   ;;;;17.10.10 ; Несвижский р-н        ; мехдвор, опорная мачта                  ; 53.213200; 26.393000;G
$;B;R  ;MIO; Конюшевщина         ; KONUSHEVSCHINA:)     ; 120 ; 1908 ;123 ;    ;      ;      ;         ;;;;08.11.10 ; Воложинский р-н       ; бывшая свиноферма, мачта Diallog        ; 54.073520; 26.705670;*
$;B;R  ;MIO; Жодино              ; ZHODINO :)           ; 150 ; 1909 ;123 ;    ; 1200 ; 1909 ;1234 6   ;;;;28.08.10 ; Научная 22            ; столб                                   ; 54.103978; 28.309200;G
$;B;R  ;MIO; Альба               ; AL'BA :)             ; 120 ; 1910 ;123 ;    ;      ;      ;         ;;;;21.02.11 ; Несвижский р-н        ; Заводская, з-д мед. препаратов, мачта   ; 53.205160; 26.637700;G
$;B;R  ;MIO; Едлино              ; EDLINO:)             ; 120 ; 1911 ;123 ;    ;      ;      ;         ;;;;26.04.11 ; Березинский р-н       ; б/о "Солнечная Поляна" ОАО "МАЗ", мачта ; 53.746738; 28.925671;G
$;B;R  ;MIO; Червень?            ; CHERVEN' :)          ; 120 ; 1912 ;123 ;    ;      ;      ;         ;;;;11.09.10 ; Свободы пл. 5         ; административное здание, мачта Diallog? ; 53.714400; 28.419601;Y
$;B;R  ;MIO; Орешковичи?         ; ORESHKOVICHI :)      ; 120 ; 1913 ;123 ;    ;      ;      ;         ;;;;07.11.10 ; Пуховичский р-н       ; башня 60м.?                             ; 53.401009; 28.377466;G
$;B;R  ;MIO; Жодино              ; ZHODINO :)           ; 150 ; 1915 ;123 ;    ; 1200 ; 1915 ;123456   ;;;;22.01.11 ; Будаговская 52        ; опорная мачта, около сарая              ; 54.117813; 28.334734;G
$;B;R  ;MIO; Сватки              ; SVATKI :)            ; 120 ; 1917 ;123 ;    ;      ;      ;         ;;;;11.04.11 ; Мядельский р-н        ; башня 70м                               ; 54.769820; 27.086210;G 
$;B;R  ;MIO; Дудинка             ; BORISOV :)           ; 120 ; 1918 ;123 ;    ;      ;      ;         ;;;;09.04.11 ; Борисовский р-н       ; оздоровительный комплекс БАТЭ, мачта    ; 54.259503; 28.440223;G
$;B;R  ;MIO; Мядель?             ; MJADEL' :)           ; 120 ; 1919 ; 23 ;    ;      ;      ;         ;;;;15.09.10 ; ???                   ; ?                                       ; 54.887660; 26.918803;*
$;B;R  ;MIO; Молодечно           ; MOLODECHNO :)        ; 120 ; 1920 ; 23 ;    ; 1100 ; 1920 ;123 5    ;;;;03.01.11 ; Молодежная 12         ; магазин, мачта                          ; 54.317395; 26.892405;Y 
$;B;R  ;MIO; Свирь               ; SVIR :)              ; 120 ; 1921 ; 23 ;    ;      ;      ;         ;;;;01.11.10 ; Мядельский р-н        ; универмаг, мачта                        ; 54.852590; 26.396970;G
$;B;R  ;MIO; Октябрьский         ; OKTJABR'SKIJ :)      ; 150 ; 1922 ;123 ;    ; 1200 ; 1922 ;12345    ;;;;08.01.11 ; Смолевичский р-н      ; Центральная 12, магазин, мачта          ; 54.040765; 28.199883;G
$;B;R  ;MIO; Солигорск?          ;                      ;     ; 1923 ;    ;    ; 1100 ; 1923 ;1234     ;;;;03.06.15 ; ???                   ; ?                                       ;          ;          ;
$;B;R  ;MIO; Ждановичи           ; ZHDANOVICHI :)       ; 100 ; 1924 ;123 ;    ; 1100 ; 1924 ;123      ;;;;11.07.11 ; Минский р-н           ; мачта на здании котельной/СТО           ; 53.970258; 27.421913;G
$;B;R  ;MIO; Дудутки?            ; DUDUTKI :)           ; 120 ; 1925 ;123 ;    ;      ;      ;         ;;;;18.06.12 ; Пуховичский р-н       ; корчма, столб, дем.?                    ; 53.586475; 27.681870;Y
$;B;R  ;MIO; Ельница             ; STAJKI :)            ; 100 ; 1926 ;123 ;    ; 1100 ; 1926 ;123456   ;;;;22.11.10 ; Минский р-н           ; СК "Стайки", склад, мачта               ; 53.810309; 27.733297;G
$;B;R  ;MIO; Раков               ; RAKOV :)             ; 120 ; 1928 ;123 ;    ; 1100 ; 1928 ;123456   ;;;;10.01.11 ; Воложинский р-н       ; Минская 10, дом быта, мачта             ; 53.966280; 27.058920;G
$;B;R  ;MIO; Солигорск           ; SOLIGORSK :)         ; 120 ; 1929 ;123 ; 5  ; 1100 ; 1929 ;123456   ;;;;26.01.11 ; Октябрьская 54        ; СПК "Горняк", автостоянка, столб        ; 52.793840; 27.515880;G
$;B;R  ;MIO; Дзержинск           ; DZERZHINSK :)        ; 120 ; 1930 ;123 ;456 ; 1100 ; 1930 ;123456   ;;;;01.04.11 ; 1я Ленинская 43       ; Комбинат надомного труда, мачта         ; 53.687804; 27.146032;G
$;B;R  ;MIO; Борисов             ; BORISOV :)           ; 150 ; 1931 ;123 ;456 ; 1200 ; 1931 ;123456   ;;;;04.04.11 ; Даумана 78            ; ОАО "Швейник", трипод                   ; 54.213648; 28.491170;G
$;B;R  ;MIO; Кулаки              ; KULAKI :)            ; 120 ; 1932 ;123 ;  6 ; 1100 ; 1932 ;123 5    ;;;;04.04.11 ; Солигорский р-н       ; башня 40м                               ; 52.802860; 27.513710;G
$;B;R  ;MIO; Солигорск?          ; SOLIGORSK :)         ; 120 ; 1933 ;123 ;45  ;      ;      ;         ;;;;18.06.12 ; ???                   ; ?                                       ;          ;          ;
$;B;R  ;MIO; Солигорск           ; SOLIGORSK :)         ; 120 ; 1934 ;123 ;4   ; 1100 ; 1934 ;123456   ;;;;09.04.11 ; Железнодорожная 21    ; ТЦ "Галерея", трипод                    ; 52.792090; 27.539560;G
$;B;R  ;MIO; Молодечно           ; MOLODECHNO :)        ; 120 ; 1935 ;123 ;    ; 1100 ; 1935 ;123 5    ;;;;21.06.11 ; Виленская 201Б        ; ОДО "Регионснаб", столб                 ; 54.316440; 26.870480;*
$;B;R  ;MIO; Молодечно?          ; MOLODECHNO :)        ; 120 ; 1936 ;123 ;    ; 1100 ; 1936 ;123 56   ;;;;25.03.12 ; ???          ;р-н В.Гостинца-Криничной-Т.Дудко (источник-google);          ;          ;
$;B;R  ;MIO; Молодечно?          ; MOLODECHNO :)        ; 120 ; 1937 ;123 ;    ; 1100 ; 1937 ;1 3      ;;;;21.06.11 ; ???                   ; между труба ТЭЦ и радиозавод "Спутник"  ;          ;          ;
$;B;R  ;MIO; Логойск             ; LOGOJSK :)           ; 120 ; 1938 ;123 ;    ; 1100 ; 1938 ;123456   ;;;;27.09.15 ; Промышленная 2А       ; магазин-склад АМ-Строй, столб           ; 54.215379; 27.847449;G
$;B;R  ;MIO; Логойск             ; LOGOJSK :)           ; 120 ; 1939 ;123 ;456 ; 1100 ; 1939 ;123 56   ;;;;15.05.11 ; Первомайская 31       ; ДРСУ-165, столб                         ; 54.205874; 27.853659;G*
$;B;R  ;MIO; Птичь               ; SLOBODKA :)          ; 120 ; 1941 ;123 ;    ; 1100 ; 1941 ;123456   ;;;;24.09.12 ; Минский р-н           ; здание за Мотелем                       ; 53.794938; 27.376668;G
$;B;R  ;MIO; Лесковка            ; LESKOVKA:)           ; 120 ; 1947 ;123 ;456 ; 1100 ; 1947 ;123456   ;;;;29.12.11 ; Совхозная 5           ; Люмитекс, башня 40м                     ; 53.998948; 27.712736;G
$;B;R  ;MIO; Аксаковщина         ; AKSAKOVSCHINA :)     ; 120 ; 1948 ;123 ;    ; 1100 ; 1948 ;123456   ;;;;09.04.12 ; Минский р-н           ; РКБ медицинской реабилитации, мачта     ; 53.952496; 27.100256;G
$;B;R  ;MIO; Солигорск?          ;                      ;     ; 1949 ;    ;    ; 1100 ; 1949 ;1 3  6   ;;;;03.06.15 ; ???                   ; ?                                       ;          ;          ;
$;B;R  ;MIO; Якуты?              ;                      ; 120 ; 1951 ; 23 ;    ;      ;      ;         ;;;;08.08.16 ; Дзержинский район     ; башня? (источник - google)              ; 53.824650; 27.005380;G*
$;B;R  ;MIO; Пуховичи            ;                      ; 120 ; 1952 ;123 ;    ; 1100 ; 1952 ; 2       ;;;;01.05.13 ; Октябрьская           ; М5, башня велком 70м                    ; 53.543430; 28.250600;G
$;B;R  ;MIO; Логойск             ;                      ; 120 ; 1953 ;123 ;    ; 1100 ; 1953 ;123 5    ;;;;29.07.13 ; Логойский р-н         ; ГК "Логойск", вершина горы, столб       ; 54.187691; 27.805344;G
$;B;R  ;MIO; Веселый Угол        ; SOSNOVII BOR :)      ; 120 ; 1954 ;123 ;    ; 1100 ; 1954 ;  3      ;;;;19.11.12 ; Дзержинский р-н       ; башня 70м                               ; 53.587750; 27.179790;G
$;B;R  ;MIO; Вилейка?            ;                      ;     ; 1955 ;    ;    ; 1100 ; 1955 ; 23 56   ;;;;15.05.14 ; ???                   ; около Вилейки                           ; 54.499306; 26.912373;*
$;B;R  ;MIO; Вилейка?            ;                      ;     ; 1956 ;    ;    ; 1100 ; 1956 ;12 45    ;;;;15.05.14 ; ???                   ; около Вилейки                           ; 54.499316; 26.912363;*
$;B;R  ;MIO; Дроздово            ; DROZDOVO :)          ; 120 ; 1957 ;123 ;    ; 1100 ; 1957 ;1234     ;;;;17.09.12 ; Минский р-н           ; ул. Ясная, башня 40м                    ; 53.992013; 27.612422;G
$;B;R  ;MIO; Старые Дороги?      ; STARYE DOROGI :)     ; 120 ; 1958 ;123 ;    ; 1100 ; 1958 ;123      ;;;;16.09.12 ; Армейская 8           ; военный городок, магазин? мачта Diallog?; 53.035585; 28.237190;G
$;B;R  ;MIO; Минское море        ;                      ;     ; 1961 ;    ;    ; 1100 ; 1961 ; 23      ;;;;18.02.14 ; Минский р-н           ; резиденция "Заславль-1", оп.мачта велком; 53.987068; 27.450642;G
$;B;R  ;MIO; Марьина Горка       ;                      ; 120 ; 1962 ;123 ;    ; 1100 ; 1962 ;123456   ;;;;04.03.15 ; Пуховичский р-н       ; Советская 15, дом культуры, мачта       ; 53.511990; 28.148389;G
$;B;R  ;MIO; Дружный             ; DRUZHNYJ :)          ; 120 ; 1963 ;123 ;    ; 1100 ; 1963 ;123456   ;;;;04.02.14 ; Пуховичский р-н       ; Чепика 14, ун-м "Центральный", мачта    ; 53.620520; 27.897834;G
$;B;R  ;MIO; Марьино             ;                      ; 120 ; 1964 ;123 ;    ; 1100 ; 1964 ;123456   ;;;;02.02.15 ; Пуховичский р-н       ; Рудовича 2, МГАТК, мачта                ; 53.533166; 28.124678;G
$;B;R  ;MIO; Свислочь            ; SVISLOCH? :)         ; 120 ; 1965 ;123 ;    ; 1100 ; 1965 ;123456   ;;;;20.10.14 ; Пуховичский р-н       ; Строителей 12, магазин, реш.мачта       ; 53.644570; 27.915720;G
$;B;R  ;MIO; Борисов             ; BORISOV :)           ; 150 ; 1966 ;123 ;456 ; 1200 ; 1966 ;123456   ;;;;05.10.14 ; Р. Люксембург         ; заготовительный пункт, столб            ; 54.235900; 28.488870;G*
$;B;R  ;MIO; Борисов             ; BORISOV :)           ; 150 ; 1967 ;123 ;    ; 1200 ; 1967 ;123456   ;;;;05.10.14 ; Галицкого 21          ; магазин N20, столб                      ; 54.204678; 28.475785;G
$;B;R  ;MIO; Борисов             ; BORISOV :)           ; 150 ; 1968 ;123 ;    ; 1200 ; 1968 ;123456   ;;;;05.10.14 ; Зеленый пер. 13       ; ДОСААФ, столб                           ; 54.225121; 28.490963;G
$;B;R  ;MIO; Шейка               ; SHEJKA :)            ; 150 ; 1969 ;123 ;    ;      ;      ;         ;;;;01.11.14 ; Крупский р-н          ; башня                                   ; 54.363018; 29.201719;G
$;B;R  ;MIO; Сеножатки           ;                      ; 120 ; 1970 ;123 ;    ; 1100 ; 1970 ;123456   ;;;;04.03.15 ; Пуховичский р-н       ; Центральная 1А, башня 40м               ; 53.511869; 28.123777;G
$;B;R  ;MIO; Дворище             ; DVORISCHE :)         ; 120 ; 1971 ;1237;    ;      ;      ;         ;;;;18.03.15 ; Дзержинский р-н       ; совм.башня 70м                          ; 53.797200; 27.244810;G
$;B;R  ;MIO; Энергетиков?        ; ENERGETIKOV :)       ; 120 ; 1974 ;123 ;    ; 1100 ; 1974 ; 23 56   ;;;;26.12.14 ; ???                   ; Дзержинск-Столбцы, башня 40м ?          ; 53.584875; 27.058105;G*
$;B;R  ;MIO; Пралески            ; PRALESKI :)          ; 120 ; 1975 ;123 ;    ;      ;      ;         ;;;;30.11.14 ; Молодечненский р-н    ; башня 70м                               ; 54.095986; 27.149063;G
$;B;R  ;MIO; Марьяливо           ; MAR JALIVO :)        ; 120 ; 1976 ;123 ;    ; 1100 ; 1976 ;123      ;;;;09.09.13 ; Минский р-н           ; башня МТС 40м                           ; 54.042929; 27.665807;G
$;B;R  ;MIO; Глебковичи          ; GLEBKOVICHI :)       ; 120 ; 1977 ;123 ;    ; 1100 ; 1977 ;1234 6   ;;;;08.06.14 ; Смолевичский р-н      ; башня велком 70м , около кладбища       ; 53.918213; 27.851910;G
$;B;R  ;MIO; Рубилки             ; RUBILKI :)           ; 120 ; 1978 ;123 ;    ;      ;      ;         ;;;;03.04.15 ; Дзержинский р-н       ; М1, башня 70м                           ; 53.690958; 27.413369;G
$;B;R  ;MIO; Приселки            ;                      ; 120 ; 1979 ;123 ;    ; 1100 ; 1979 ;12  5    ;;;;19.03.16 ; Логойский р-н         ; башня велком 70м                        ; 54.147270; 27.609180;G
$;B;R  ;MIO; Прилесье?           ; PRILES E :)          ; 120 ; 1980 ;1   ;    ;      ;      ;         ;;;;26.12.14 ; ???                   ; около Столбцов                          ; 53.568207; 26.995395;*
$;B;R  ;MIO; Фаниполь            ;                      ;     ; 1981 ;    ;    ; 1100 ; 1981 ;123456   ;;;;17.08.15 ; Я.Купалы 3            ; мачта велком                            ; 53.751033; 27.332717;G
$;B;R  ;MIO; Конютичи            ;                      ;     ; 1984 ;    ;    ; 1100 ; 1984 ;123456   ;;;;26.03.14 ; Минский р-н           ; опорная мачта МТС                       ; 53.792560; 27.533247;G
$;B;R  ;MIO; Щомыслица           ; SCHOMYSLICA :)       ; 120 ; 1985 ;123 ;    ; 1100 ; 1985 ;123456   ;;;;26.12.14 ; Минский р-н           ; опорная мачта МТС                       ; 53.816896; 27.443999;G
$;B;R  ;MIO; Смиловичи           ; SMILOVICHI :)        ; 120 ; 1988 ;123 ;    ; 1100 ; 1988 ;123456   ;;;;30.08.15 ; Червенский р-н        ; Горького 12, колледж, мачта велком      ; 53.751959; 28.015759;G
$;B;R  ;MIO; М2, Великий камень  ; MINSK :)             ; 120 ; 1990 ; 23 ;    ; 1100 ; 1990 ; 23      ;;;;16.09.12 ; Минский р-н           ; рядом с Минск-2, столб велком           ; 53.919857; 27.992766;G
$;B;R  ;MIO; Лошница             ;                      ;     ; 1996 ;    ;    ; 1200 ; 1996 ;12345    ;;;;20.06.16 ; Борисовский р-н       ; башня МТС 70м                           ; 54.278717; 28.780485;G
$;B;R  ;MIO; Логойск             ; LOGOJSK :)           ; 120 ; 1997 ;123 ;    ; 1100 ; 1997 ;123456   ;;;;27.09.15 ; Заводская             ; башня велком 40м                        ; 54.195469; 27.849434;G
$;B;RLU;MIO; Большое Стиклево    ; TROSTENEC :)         ;     ; 1607 ;  3 ;    ;      ;      ;         ;;;;19.06.15 ; Минский р-н    ; Новодворский с/с 40, Армянские коньяки, репитер; 53.860919; 27.686266;G
$;B;S  ;MIO; Молодечно?          ;                      ;     ;      ;    ;    ;      ;      ;         ;;;;25.05.08 ;                       ; частный сектор "Лесные"                 ;          ;          ;
$;B;S  ;MIO; Вилейка             ;                      ;     ;      ;    ;    ;      ;      ;         ;;;;22.06.08 ;                       ; труба мини-ТЭЦ                          ; 54.4920  ; 26.8942  ;*
$;B;S  ;MIO; Плещеницы           ;                      ;     ;      ;    ;    ;      ;      ;         ;;;;24.06.10 ; Логойский р-н         ;башня 70м со стороны Витебска (ЦУП БелКА); 54.438422; 27.822192;G
$;B;S  ;MIO; Борисов             ;                      ;     ;      ;    ;    ;      ;      ;         ;;;;23.06.15 ; Лопатина 170          ; районная больница N2, башня велком 40м  ; 54.275480; 28.489000;G
$;B;S  ;MIO; Гринкевичи          ;                      ;     ;      ;    ;    ;      ;      ;         ;;;;04.09.15 ; Дзержинский р-н       ; башня МТС 70м                           ; 53.824650; 27.005400;G
$;B;S  ;MIO; Павлюти             ;                      ;     ;      ;    ;    ;      ;      ;         ;;;;04.09.15 ; Дзержинский р-н       ; башня 50м                               ; 53.761590; 26.937270;G
$;B;S  ;MIO; Старые Юрковичи?    ;                      ;     ;      ;    ;    ;      ;      ;         ;;;;18.06.16 ; Любанский р-н         ; башня 50м?                              ; 52.665897; 27.998991;G
$;B;S  ;MIO; Таборы?             ;                      ;     ;      ;    ;    ;      ;      ;         ;;;;26.03.17 ; ???                   ; башня 40м стр. 
$;B;S  ;MIO; Вилейка             ;                      ;     ;      ;    ;    ;      ;      ;         ;;;;19.03.18 ; Чапаева 26            ; ОАО "Зенит-БелОМО", мачта               ; 54.486042; 26.896834;Y
$;B;P  ;MIO; Жодино              ;                      ;     ; 1549 ;    ;    ;      ;      ;         ;;;;13.02.19 ; Брестская 2           ; столб?                                  ; 54.091888; 28.331892;*
$;B;DP ;MIO; Боровая             ;                      ; 100 ;  126 ;    ;45  ; 1100 ;  126 ;12 45    ;;;;22.07.17 ; Минский р-н           ; передвижная БС А3816А-7                 ; 53.964709; 27.647642;Y
$;B;DP ;MIO; Заславль?           ;                      ;     ;      ;    ;    ; 1100 ;  123 ;12       ;;;;28.07.16 ;                       ; передвижная БС возле гребного канала    ;          ;          ;
$;B;D  ;MIO; Боровая             ;                      ;     ; 1248 ;    ;    ; 1100 ; 1248 ;     7890;;;;24.10.12 ; Боровая 7А            ; Гиппо, столб                            ; 53.965066; 27.645546;G
$;B;D  ;MIO; Боровая             ;                      ;     ; 1248 ;    ;    ; 1100 ; 1813 ;12345 78 ;;;;24.10.12 ; Боровая 7А            ; Гиппо, столб                            ; 53.965066; 27.645546;G
$;B;D  ;MIO; Королев Стан        ;                      ; 100 ; 1818 ;123 ;    ;      ;      ;         ;;;;30.04.07 ; Минский р-н           ; башня Велкома, дем. в сентябре 2008     ; 53.9843; 27.7855;
$;B;D  ;MIO; Смолевичи           ; SMOLEVICHI :)        ; 120 ; 1516 ;123 ;    ; 1100 ; 1516 ;123      ;;;;15.06.08 ; Первомайская, 101     ; поликлиника, мачта, дем. в июле 2011    ; 54.014 ; 28.0985;G
$;B;D  ;MIO; Логойск             ;                      ;     ;      ;    ;    ;      ;      ;         ;;;;25.08.07 ; Минская 2             ; з-д "Эпос", мачта, дем. летом 2011      ; 54.189304; 27.836182;
$;B;D  ;MIO; Молодечно           ; MOLODECHNO :)        ; 120 ; 1656 ;    ;456 ;      ;      ;         ;;;;18.12.09 ; Я.Купалы 130          ;ПРУП"Завод порошк.металлургии",дем.в 2011;          ;          ; 
$;B;D  ;MIO; Молодечно           ; MOLODECHNO :)        ; 120 ; 1702 ;    ;456 ;      ;      ;         ;;;;15.11.08 ; В.Гостинец 67         ; радиозавод "Спутник", мачта, дем. в 2011; 54.308112; 26.817323;G
$;B;D  ;MIO; Молодечно           ; MOLODECHNO :)        ; 120 ; 1888 ;123 ;456 ;      ;      ;         ;;;;17.06.11 ; Л.Роменская 46А       ; склады, столб, дем. в 2011?             ;          ;          ; 
$;B;D  ;MIO; Озерцо              ; OZERCO :)            ; 100 ; 1738 ;123 ;    ; 1100 ; 1738 ;123      ;;;;18.10.09 ; Меньковский тр. 2     ; ТД Кольцо, столб около ДС, дем. в 2012  ; 53.856529; 27.422474;G
$;B;D  ;MIO; Птичь               ; SLOBODKA :)          ; 120 ; 1578 ;123 ;    ; 1100 ; 1578 ;123      ;;;;16.10.09 ; Минский р-н           ; Р1, Мотель, мачта дем в 2012            ; 53.797367; 27.377424;G
$;B;D  ;MIO; Орешники            ; ORESHNIKI :)         ; 120 ; 1511 ;123 ;    ; 1100 ; 1511 ;123  6   ;;;;21.01.07 ;                       ; ретранслятор дем в 2014                 ; 53.9775; 27.9505;
$;B;D  ;MIO; Борисов             ; BORISOV :)           ; 120 ; 1525 ;123 ;456 ; 1100 ; 1525 ;123      ;;;;29.06.15 ; Р.Люксембург 70       ; ЦРБ, трубостойки                        ; 54.231919; 28.493294;G
$;B;D  ;MIO; Борисов             ; BORISOV :)           ; 120 ; 1663 ;123 ;456 ; 1100 ; 1663 ;123 5    ;;;;29.06.15 ; Труда 37              ; авторынок, столб                        ; 54.213770; 28.525400;*
$;B;D  ;MIO; Смиловичи           ; SMILOVICHI :)        ; 120 ; 1735 ;123 ;    ; 1100 ; 1735 ;123456   ;;;;30.08.15 ; Червенский р-н        ; в районе Красноармейской                ; 53.756158; 28.019332;*
$;B;D  ;MIO; Логойск             ; LOGOJSK :)           ; 120 ; 1734 ;123 ;    ; 1100 ; 1734 ;1 34 6   ;;;;27.09.15 ; Заводская 38          ; труба котельной РПО ЖКХ                 ; 54.196011; 27.842843;G
$;B;D  ;MIO; Марьина Горка       ; MAR'INA GORKA :)     ; 120 ; 1644 ;1234;    ; 1100 ; 1644 ;1234     ;;;;18.10.09 ; Пуховичский р-н       ; Чапаева 15, Машпищепрод, мачта, дем. после 2010 ; 53.514300; 28.128300;G
$;B;D  ;MIO; Слуцк               ; SLUCK :)             ; 120 ; 1724 ;123 ;456 ; 1100 ; 1724 ;123      ;;;;30.10.07 ; М.Богдановича 6       ; фабрика художественных изделий, мачта, дем. 2012; 53.024428; 27.555224;G
$;B;D  ;MIO; Лошница             ;                      ;     ; 1527 ;    ;    ; 1200 ; 1527 ;123  6   ;;;;21.06.09 ; Борисовский р-н       ; М1, 457 км, башня 70м  off 2017         ; 54.299907; 28.763286;G
$;B;D  ;MIO; Жодино              ; ZHODINO :)           ; 150 ; 1886 ;123 ;4 6 ; 1200 ; 1886 ;123456   ;;;;22.01.11 ; 40 лет Октября 1А     ; хлебозавод, мачта, дем. в январе 2018   ; 54.093862; 28.328995;G
$;B;Z  ;MIO; Боровая             ;                      ;     ; 1248 ;    ;    ; 1100 ; 1248 ; 2  5    ;;;;24.10.12 ; Боровая 7А            ; Гиппо, столб, зам. на 1813.х в июле 2018; 53.965066; 27.645546;G
$;B;D  ;MIO; Молодечно           ; MOLODECHNO :)        ; 120 ; 1599 ;    ;45  ;      ;      ;         ;;;;23.07.15 ; В.Гостинец 58А        ; РУЭС, мачта                             ; 54.306996; 26.832705;G
$;B;D  ;MIO; Вилейка             ;                      ; 120 ; 1623 ;    ;456 ;      ;      ;         ;;;;23.07.15 ; Толстого 47           ; общежитие "Зенит"                       ; 54.480669; 26.895960;G
$;B;D  ;MIO; Привольный          ; PRIVOLNYJ :)         ; 120 ; 1636 ;    ;456 ;      ;      ;         ;;;;23.07.15 ; Минский р-н           ; М1/М4, грузовой автосервис, мачта       ; 53.7995; 27.7957;G*
$;B;D  ;MIO; Сеница              ; SENNICA :)           ; 100 ; 1641 ;    ;456 ;      ;      ;         ;;;;23.07.15 ; Коммунальная 6        ; КУП Минский районный КБО, мачта         ;          ;          ; 
$;B;D  ;MIO; Молодечно           ; MOLODECHNO :)        ; 120 ; 1655 ;    ; 56 ;      ;      ;         ;;;;23.07.15 ; Скорины 5             ; поликлиника N1, мачта                   ; 54.300271; 26.851157;G
$;B;D  ;MIO; Орешники            ;                      ; 120 ; 1658 ;    ; 5  ;      ;      ;         ;;;;23.07.15 ; Смолевичский р-н      ; башня 70м                               ; 53.979866; 27.962110;G
$;B;D  ;MIO; Солигорск           ; SOLIGORSK :)         ; 120 ; 1720 ;    ;45  ;      ;      ;         ;;;;23.07.15 ;                       ; ул. Козлова и Заслонова, Белтелеком     ;          ;          ;
$;B;D  ;MIO; Солигорск           ; SOLIGORSK :)         ; 120 ; 1721 ;    ; 56 ;      ;      ;         ;;;;23.07.15 ; М.Горького 13         ;                                         ;          ;          ;
$;B;D  ;MIO; Солигорск           ; SOLIGORSK :)         ; 120 ; 1722 ;    ; 56 ;      ;      ;         ;;;;23.07.15 ; Богомолова 22А        ; гимназия N2                             ;          ;          ;
$;B;D  ;MIO; Мядель              ; MJADEL' :)           ; 120 ; 1751 ;    ;456 ;      ;      ;         ;;;;23.07.15 ; 17 сентября 2         ; почта, мачта                            ; 54.8872  ; 26.9142  ;*
$;B;D  ;MIO; Борисов             ; BORISOV :)           ; 120 ; 1772 ;    ;45  ;      ;      ;         ;;;;23.07.15 ;                       ; ловилось под городом с М1               ;          ;          ;
$;B;D  ;MIO; Солигорск           ; SOLIGORSK :)         ; 120 ; 1784 ;    ; 56 ;      ;      ;         ;;;;23.07.15 ;                       ;                                         ;          ;          ;
$;B;D  ;MIO; Жодино              ;                      ; 120 ; 1886 ;    ;456 ;      ;      ;         ;;;;23.07.15 ; 40 лет Октября 1А     ; хлебозавод, мачта                       ; 54.093862; 28.328995;G
$;B;D  ;MIO; Солигорск           ; SOLIGORSK :)         ; 120 ; 1929 ;    ;4 6 ;      ;      ;         ;;;;23.07.15 ; проспект Мира         ;автостоянка,столб,въезд со стороны Слуцка;          ;          ;
$;B;D  ;MIO; Кулаки              ; KULAKI :)            ; 120 ; 1932 ;    ;45  ;      ;      ;         ;;;;23.07.15 ; Солигорский р-н       ;башня 40м (рядом с опорной мачтой velcom);          ;          ;
$;B;D  ;MIO; Солигорск           ; SOLIGORSK :)         ; 120 ; 1933 ;    ;  6 ;      ;      ;         ;;;;23.07.15 ;                       ;                                         ;          ;          ;
$;B;D  ;MIO; Солигорск           ;                      ; 120 ; 1934 ;    ; 56 ;      ;      ;         ;;;;23.07.15 ; Железнодорожная 21    ; ТЦ "Галерея", мачта 3м                  ;          ;          ;
$;B;D  ;MIO; Великий Камень      ;                      ; 120 ;  122 ;123 ;    ; 1100 ;  122 ;123      ;;;;15.01.17 ; Малахитовая           ; опорная мачта велком, дем. в январе 2018; 53.897632; 27.965661;G*
