KIND;OPR;STAT;AREA;CITY;CB      ;LAC; CID  ;GSM ;DCS ;3G L; 3G C ;3G S;U-L;U900;U-S;DATE; ADDR               ; REM                                   ;  OZIN    ;  OZIE    ;LOCK

/;Могилев
$;B;R;MO.;Могилев ;MOGILEV :)   ;605; 6000 ;123 ;    ;6000; 6000 ;12345678 ;;;;03.06.07;Пионерская 27        ;МГТС, трубостойки                      ; 53.900779; 30.342322;G
$;B;D;MO.;Могилев ;MOGILEV :)   ;605; 6000 ;    ;456 ;    ;      ;         ;;;;03.06.07;Пионерская 27        ;МГТС, трубостойки                      ; 53.900779; 30.342322;G
$;B;R;MO.;Могилев ;MOGILEV :)   ;605; 6002 ;123 ;    ;6000; 6002 ;123456   ;;;;09.07.10;Первомайская 66      ;ОАО "АгроМашСервис", мачта             ; 53.916385; 30.341600;G
$;B;R;MO.;Могилев ;MOGILEV :)   ;605; 6003 ;123 ;    ;6000; 6003 ;123456   ;;;;10.08.07;Гришина 104          ;общежитие, триподы                     ; 53.905133; 30.378650;G
$;B;R;MO.;Могилев ;MOGILEV :)   ;605; 6006 ;123 ;    ;6000; 6006 ;12345678 ;;;;07.06.07;Космонавтов 13       ;общежитие строит.колледжа, трубостойки ; 53.910677; 30.313820;G
$;B;D;MO.;Могилев ;MOGILEV :)   ;605; 6006 ;    ;    ;    ;      ;         ;;;;07.06.07;Космонавтов 13       ;общежитие строит.колледжа, трубостойки ; 53.910677; 30.313820;G
$;B;R;MO.;Могилев ;MOGILEV :)   ;605; 6007 ;123 ;    ;6000; 6007 ;1234 6   ;;;;07.06.07;Шмидта пр. 3         ;МГУП, трубостойки                      ; 53.874234; 30.317017;G
$;B;R;MO.;Могилев ;MOGILEV :)   ;605; 6008 ;123 ;    ;6000; 6008 ;123      ;;;;23.03.07;Островского 52       ;АТС 41, мачта                          ; 53.875417; 30.331767;G
$;B;R;MO.;Могилев ;MOGILEV :)   ;605; 6011 ;123 ;    ;6000; 6011 ;123      ;;;;26.03.07;Витебский пр. 70     ;обл. психиатрическая больница, мачта   ; 53.888053; 30.427665;G
$;B;R;MO.;Могилев ;MOGILEV :)   ;605; 6012 ;123 ;    ;6000; 6012 ;123456   ;;;;28.05.08;Первомайская 152     ;проф. лицей N9, низкая мачта           ; 53.938106; 30.332282;G
$;B;R;MO.;Могилев ;MOGILEV :)   ;605; 6013 ;123 ;    ;6000; 6013 ;123456   ;;;;24.03.07;Белинского 9         ;общежитие, трубостойки                 ; 53.930267; 30.347550;G
$;B;R;MO.;Могилев ;MOGILEV :)   ;605; 6014 ;123 ;    ;6000; 6014 ;1234     ;;;;22.03.07;Крупской 176         ;поликлиника N10, мачта                 ; 53.949475; 30.356550;G
$;B;R;MO.;Могилев ;MOGILEV :)   ;605; 6015 ;123 ;    ;6000; 6015 ;12345678 ;;;;24.08.12;Минское ш.22         ;УО "МТКПК", мачта                      ; 53.931194; 30.258962;G
$;B;R;MO.;Могилев ;MOGILEV :)   ;605; 6016 ;123 ;    ;6000; 6016 ;123      ;;;;01.05.07;Шмидта пр. 106А      ;ТЭЦ-2, труба                           ; 53.811700; 30.342600;G
$;B;R;MO.;Могилев ;MOGILEV :)   ;605; 6017 ;123 ;    ;6000; 6017 ;123456   ;;;;24.08.12;Шмидта пр. 80        ;ф-л БНТУ,магазин "E-MOGILEV", эйф.башня; 53.866900; 30.336067;G
$;B;R;MO.;Могилев ;MOGILEV :)   ;605; 6018 ;123 ;    ;6000; 6018 ;123456   ;;;;17.04.11;30 лет Победы 18     ;проф. лицей N1, мачта                  ; 53.932889; 30.361757;G
$;B;R;MO.;Могилев ;MOGILEV :)   ;605; 6020 ;123 ;    ;6000; 6020 ;123 56   ;;;;11.04.07;Симонова 55А         ;Беллифт, мачта                         ; 53.863426; 30.311713;G
$;B;R;MO.;Могилев ;MOGILEV :)   ;605; 6021 ;123 ;    ;6000; 6021 ;1234     ;;;;28.05.08;Юбилейный б-р 21     ;ООП-5 Ленинского РОВД, мачта           ; 53.903687; 30.357334;G
$;B;R;MO.;Могилев ;MOGILEV :)   ;605; 6022 ;123 ;    ;6000; 6022 ;123456   ;;;;07.12.08;Димитрова пр. 52     ;АТС, мачта                             ; 53.871358; 30.367927;G
$;B;R;MO.;Могилев ;MOGILEV :)   ;605; 6023 ;123 ;    ;6000; 6023 ;123      ;;;;05.09.12;Павлова 2            ;УО "Мог.больница N1", триподы          ; 53.865584; 30.385606;G
$;B;R;MO.;Могилев ;MOGILEV :)   ;605; 6024 ;123 ;    ;6000; 6024 ;123      ;;;;13.05.08;Челюскинцев 84       ;ОАО "Желатиновый завод", мачта         ; 53.892080; 30.286119;G
$;B;R;MO.;Могилев ;MOGILEV :)   ;605; 6025 ;123 ;    ;6000; 6025 ;123456   ;;;;07.12.08;Мовчанского 53       ;ресторан "Виктория-Холл",мачта         ; 53.877628; 30.374278;G
$;B;R;MO.;Могилев ;MOGILEV :)   ;605; 6028 ;123 ;    ;6000; 6028 ;123      ;;;;07.12.08;Славгородское ш.165  ;завод N7 СЖБ, мачта                    ; 53.841550; 30.385470;G
$;B;R;MO.;Могилев ;MOGILEV :)   ;605; 6029 ;123 ;    ;6000; 6029 ;123456   ;;;;07.12.08;Рогачевская 2        ;общежитие, мачта                       ; 53.874850; 30.339217;G
$;B;R;MO.;Могилев ;MOGILEV :)   ;605; 6030 ;123 ;    ;6000; 6030 ;1234 6   ;;;;18.07.10;Строителей 13А       ;общежитие  N5 стройтеста N12, мачта    ; 53.905488; 30.292866;G
$;B;R;MO.;Могилев ;MOGILEV :)   ;605; 6031 ;    ;456 ;    ;      ;         ;;;;02.02.10;Первомайская 59      ;обл. диагностический центр, трубостойки; 53.904888; 30.338986;G
$;B;R;MO.;Могилев ;MOGILEV :)   ;605; 6033 ;123 ;    ;6000; 6033 ;123456   ;;;;06.11.11;Витебский пр. 5      ;ОАО "МоАЗ", администр. здание, трипод  ; 53.882159; 30.406959;G
$;B;R;MO.;Могилев ;MOGILEV :)   ;605; 6034 ;    ;    ;6000; 6034 ;123456   ;;;;18.07.10;Космонавтов 25       ;общежитие дор.-строит. треста, мачта   ; 53.906070; 30.305898;G
$;B;R;MO.;Могилев ;MOGILEV :)   ;605; 6035 ;123 ;    ;6000; 6035 ;123  6   ;;;;25.09.11;Орловского 24А       ;ДЮСШ, башня на здании                  ; 53.918695; 30.324421;G
$;B;R;MO.;Могилев ;MOGILEV :)   ;605; 6036 ;123 ;    ;6000; 6036 ;1234 6   ;;;;07.08.10;Челюскинцев 172      ;АП N4, гараж, мачта                    ; 53.879490; 30.264131;G
$;B;R;MO.;Могилев ;MOGILEV :)   ;605; 6037 ;123 ;    ;6000; 6037 ;123 5    ;;;;23.09.12;Ямницкая 83Б         ;склад оптовой базы, мачта              ; 53.899194; 30.264869;G
$;B;R;MO.;Могилев ;MOGILEV :)   ;605; 6038 ;123 ;    ;6000; 6038 ;123 5    ;;;;09.08.10;Гомельское ш. 15А    ;СТО, совм. мачта с БелСел              ; 53.854748; 30.355358;G
$;B;R;MO.;Могилев ;MOGILEV :)   ;605; 6039 ;    ;    ;6000; 6039 ;123  6   ;;;;05.09.12;Тагильский пер.      ;производственное здание, мачта         ; 53.878225; 30.392281;G
$;B;R;MO.;Могилев ;MOGILEV :)   ;605; 6042 ;123 ;    ;6000; 6042 ;123456   ;;;;08.07.10;Ленинская 12         ;РУП Белтелеком, трубостойки            ; 53.896266; 30.334233;G
$;B;D;MO.;Могилев ;MOGILEV :)   ;605; 6042 ;    ;456 ;    ;      ;         ;;;;08.07.10;Ленинская 12         ;РУП Белтелеком, трубостойки            ; 53.896266; 30.334233;G
$;B;R;MO.;Могилев ;MOGILEV :)   ;605; 6044 ;    ;    ;6000; 6044 ;123456   ;;;;02.02.10;Пушкинский пр. 6     ;г-ца "Турист", мачта                   ; 53.883266; 30.335751;G
$;B;R;MO.;Могилев ;MOGILEV :)   ;605; 6049 ;    ;    ;6000; 6049 ;123  6   ;;;;08.08.12;Челюскинцев 105      ;з-д иск. волокна им.Куйбышева, мачта   ; 53.889121; 30.305312;G
$;B;R;MO.;Могилев ;MOGILEV :)   ;605; 6050 ;123 ;    ;6000; 6050 ;12345    ;;;;13.07.10;Калужская 44         ;котел. N1 Могилевэнерго, труба         ; 53.917047; 30.368774;G
$;B;R;MO.;Могилев ;MOGILEV :)   ;605; 6051 ;123 ;    ;6000; 6051 ;123456   ;;;;08.08.12;Кулибина 9           ;ф-ал РУП «Могилевэнерго»,труба         ; 53.959636; 30.348545;G
$;B;R;MO.;Могилев ;MOGILEV :)   ;605; 6053 ;123 ;    ;6000; 6053 ;123 5    ;;;;06.09.11;Днепровский б-р 1    ;СТО, трипод                            ; 53.898318; 30.357945;G
$;B;R;MO.;Могилев ;MOGILEV :)   ;605; 6055 ;    ;    ;6000; 6055 ;123456   ;;;;10.02.10;пер. Крупской 5      ;нотар.конт.N1 Ленинского р-на, мачта   ; 53.927767; 30.341517;G
$;B;R;MO.;Могилев ;MOGILEV :)   ;605; 6057 ;123 ;    ;6000; 6057 ;123456   ;;;;04.03.14;Кутепова 4           ;общежитие ТЭЦ-2, трипод                ; 53.872963; 30.308694;G
$;B;R;MO.;Могилев ;MOGILEV :)   ;605; 6059 ;123 ;    ;6000; 6059 ;12345    ;;;;25.09.11;Циолковского 10      ;дом быта, мачта                        ; 53.909526; 30.318322;G
$;B;R;MO.;Могилев ;MOGILEV :)   ;605; 6060 ;123 ;    ;6000; 6060 ;123456   ;;;;02.02.10;Бялыницкого-Бирули 11;Институт физики, мачта                 ; 53.914716; 30.271201;G
$;B;R;MO.;Могилев ;MOGILEV :)   ;605; 6061 ;123 ;    ;6000; 6061 ;123      ;;;;11.04.11;Гомельское ш. 3      ;Автопарк N1, башня                     ; 53.860054; 30.356688;G
$;B;D;MO.;Могилев ;MOGILEV :)   ;605; 6061 ;    ;    ;    ;      ;         ;;;;11.04.11;Гомельское ш. 3      ;Автопарк N1, башня                     ; 53.860054; 30.356688;G
$;B;R;MO.;Могилев ;MOGILEV :)   ;605; 6063 ;123 ;    ;6000; 6063 ;123 5    ;;;;04.03.14;Курако 28            ;металлургический завод, мачта          ; 53.917500; 30.353600;G
$;B;R;MO.;Могилев ;MOGILEV :)   ;605; 6064 ;123 ;    ;6000; 6064 ;123      ;;;;22.08.11;Нижн.Карабановская 86;маг. "БелМаркет", мачта                ; 53.928167; 30.318376;G
$;B;R;MO.;Могилев ;MOGILEV :)   ;605; 6065 ;123 ;    ;6000; 6065 ;12345    ;;;;28.05.10;Мира 6               ;г-ца "Могилев", трубостойки            ; 53.910117; 30.333150;G
$;B;D;MO.;Могилев ;MOGILEV :)   ;605; 6065 ;    ;    ;    ;      ;         ;;;;28.05.10;Мира 6               ;г-ца "Могилев", трубостойки            ; 53.910117; 30.333150;G
$;B;R;MO.;Могилев ;MOGILEV :)   ;605; 6066 ;    ;    ;6000; 6066 ;123      ;;;;22.07.10;Островского 1Ж       ;игровые автоматы "Жетон",мачта         ; 53.871867; 30.327962;G
$;B;R;MO.;Могилев ;MOGILEV :)   ;605; 6067 ;123 ;    ;6000; 6067 ;123456   ;;;;05.09.12;Островского 79А      ;магазин "Николаевский", мачта          ; 53.878992; 30.361286;G
$;B;R;MO.;Могилев ;MOGILEV :)   ;605; 6068 ;123 ;    ;6000; 6068 ;123 5    ;;;;08.08.12;Криулина 14          ;проф. лицей машиностроения, мачта      ; 53.953917; 30.340409;G
$;B;R;MO.;Могилев ;MOGILEV :)   ;605; 6069 ;123 ;    ;6000; 6069 ;123456   ;;;;06.09.11;Симонова 4           ;проф. лицей N7, мачта                  ; 53.872055; 30.315060;G
$;B;R;MO.;Могилев ;MOGILEV :)   ;605; 6072 ;123 ;    ;6000; 6072 ;123      ;;;;18.08.12;1-й Брикетный пер 9  ;ОАО"Автосервис и торг.2",столб         ; 53.864783; 30.352788;G
$;B;R;MO.;Могилев ;MOGILEV :)   ;605; 6075 ;123 ;    ;6000; 6075 ;1234 6   ;;;;25.09.11;Челюскинцев 43       ;дом быта, трубостойки                  ; 53.893193; 30.311134;G
$;B;R;MO.;Могилев ;MOGILEV :)   ;605; 6076 ;123 ;    ;6000; 6076 ;123 5    ;;;;22.08.11;Турова 1             ;АТС N24, мачта                         ; 53.944372; 30.363838;G
$;B;R;MO.;Могилев ;MOGILEV :)   ;605; 6078 ;123 ;    ;6000; 6078 ;12345678 ;;;;29.08.11;Дзержинского 7       ;областной совет ветеранов, трипод      ; 53.905808; 30.335440;G
$;B;D;MO.;Могилев ;MOGILEV :)   ;605; 6078 ;    ;    ;    ;      ;         ;;;;29.08.11;Дзержинского 7       ;областной совет ветеранов, трипод      ; 53.905808; 30.335440;G
$;B;R;MO.;Могилев ;MOGILEV :)   ;605; 6079 ;123 ;    ;6000; 6079 ;123456   ;;;;23.09.12;Красного Флота 4     ;поликлиника N7, трипод                 ; 53.895229; 30.301424;G
$;B;R;MO.;Могилев ;MOGILEV :)   ;605; 6080 ;123 ;    ;6000; 6080 ;12345    ;;;;23.09.12;Шмидта пр. 102А      ;секр.лабор."МогилевХимВолокно", мачта  ; 53.827090; 30.337420;G
$;B;R;MO.;Могилев ;MOGILEV :)   ;605; 6081 ;123 ;    ;6000; 6081 ;123 56   ;;;;06.11.11;Гончарная 2          ;рембыттехника, мачта                   ; 53.881119; 30.326417;G
$;B;R;MO.;Могилев ;MOGILEV :)   ;605; 6082 ;123 ;    ;6000; 6082 ;123      ;;;;24.08.12;Полыковичи, Сергеева ;ООО "Союз", мачта                      ; 53.965850; 30.365583;G
$;B;R;MO.;Могилев ;MOGILEV :)   ;605; 6083 ;123 ;    ;6000; 6083 ;123456   ;;;;06.09.11;Тимирязевская 25     ;минский рынок, трипод                  ; 53.912221; 30.339686;G
$;B;R;MO.;Могилев ;MOGILEV :)   ;605; 6084 ;123 ;    ;6000; 6084 ;1234 6   ;;;;06.09.11;Березовский пер. 1А  ;УО МГО Инcтитут образования, мачта     ; 53.923161; 30.361430;G
$;B;R;MO.;Могилев ;MOGILEV :)   ;605; 6085 ;123 ;    ;6000; 6085 ;1234     ;;;;05.09.12;Залуцкого 23         ;ОАО "МогилевОблРесурсы", мачта         ; 53.870850; 30.381120;G
$;B;R;MO.;Могилев ;MOGILEV :)   ;605; 6088 ;123 ;    ;6000; 6088 ;123456   ;;;;29.08.11;Ленинская 91         ;ЗАО "Веснянка", мачта                  ; 53.911903; 30.347857;G
$;B;R;MO.;Могилев ;MOGILEV :)   ;605; 6091 ;123 ;    ;6000; 6091 ;123 56   ;;;;25.09.11;Заслонова 2Б         ;ОАО "БелЭлектроМонтаж", столб          ; 53.899490; 30.291480;G
$;B;R;MO.;Могилев ;MOGILEV :)   ;605; 6092 ;123 ;    ;6000; 6092 ;123456   ;;;;01.03.14;Транспортный пер.    ;магазин, мачта                         ; 53.944241; 30.334808;G
$;B;R;MO.;Могилев ;             ;   ;      ;    ;    ;6000; 6094 ;12345678 ;;;;04.03.14;Ленинская 63         ;технопарк,супермаркет Форум,трубостойки; 53.904900; 30.343783;G
$;B;R;MO.;Могилев ;MOGILEV :)   ;605; 6095 ;123 ;    ;6000; 6095 ;123  6   ;;;;15.07.12;Тишовка, Урожайная   ;столб                                  ; 53.887941; 30.253677;G
$;B;R;MO.;Могилев ;MOGILEV :)   ;605; 6099 ;123 ;    ;6000; 6099 ;123      ;;;;02.03.14;Мал.Боровка,Маневича 30;магазин "Оазис", столб               ; 53.862793; 30.440910;G
$;B;R;MO.;Могилев ;MOGILEV :)   ;605; 6101 ;123 ;    ;6000; 6101 ;123  6   ;;;;18.08.12;Пушкинский пр. 69В   ;магазин "Садовник", трипод             ; 53.871786; 30.346370;G
$;B;R;MO.;Могилев ;MOGILEV :)   ;605; 6102 ;123 ;    ;6000; 6102 ;123456   ;;;;21.10.13;Пысина               ;опорная мачта МТС                      ; 53.917300; 30.293870;G
$;B;R;MO.;Могилев ;MOGILEV :)   ;605; 6103 ;123 ;    ;6000; 6103 ;12345    ;;;;17.09.14;мост по ул.Королева  ;осветительный столб                    ; 53.894460; 30.373150;G
$;B;R;MO.;Могилев ;MOGILEV :)   ;605; 6105 ;123 ;    ;6000; 6105 ;123456   ;;;;25.05.15;Воровского           ;столб                                  ; 53.896658; 30.320654;G
$;B;R;MO.;Могилев ;MOGILEV :)   ;605; 6106 ;123 ;    ;6000; 6106 ;123456   ;;;;25.05.15;Каштановая           ;башня МТС 40м  около стоянки           ; 53.952323; 30.369761;G
$;B;R;MO.;Могилев ;             ;605; 6109 ;    ;4   ;6000; 6109 ;   4     ;;;;11.06.18;Гагарина 79          ;ТЦ "Е-сити", внутри                    ; 53.880075; 30.317300;G
$;B;R;MO.;Могилев ;             ;605; 6110 ;123 ;    ;6000; 6110 ;1  4     ;;;;11.06.18;Пысина 24            ;столб A1                               ; 53.913050; 30.287005;G
$;B;R;MO.;Могилев ;             ;605; 6112 ;123 ;    ;6000; 6112 ;1 34     ;;;;11.06.18;Микулоцкого          ;опорная мачта A1                       ; 53.905544; 30.353144;G
$;B;R;MO.;Могилев ;             ;605; 6113 ;  3 ;    ;    ;      ;         ;;;;11.06.18;Гребенево,Весенняя 53;Управление механизации 88, мачта A1    ; 53.850052; 30.302440;G
$;B;R;MO.;Могилев ;             ;605; 6114 ;123 ;    ;6000; 6114 ; 23 56   ;;;;11.06.18;?                    ;в р-не ул. Островского                 ;          ;          ;
$;B;R;MO.;Могилев ;             ;605; 6116 ;    ;45  ;6000; 6116 ;   5     ;;;;17.03.19;Парковая 16          ;общ. бумажной фабрики, мачта A1        ; 54.212715; 30.294475;G

$;B;S;MO.;Могилев ;             ;   ;      ;    ;    ;    ;      ;         ;;;;11.06.18;Крупской             ;ЦТП около колледжа МВД, мачта A1       ; 53.939399; 30.357086;G

$;B;RLU;MO.;Могилев ;           ;   ;      ;    ;    ;    ;      ;         ;;;;25.09.11;Крыленко 3           ;ТЦ"Магнит", -1 этаж, репитер           ; 53.907009; 30.338630;G

$;B;D;MO.;Могилев ;             ;600; 6009 ;123 ;456 ;    ;      ;         ;;;;02.06.08;Гомельское ш. 3      ;Автопарк N1 Управление                 ;          ;          ;
$;B;D;MO.;Могилев ;MOGILEV :)   ;605; 6029 ;    ;456 ;    ;      ;         ;;;;23.07.15;Рогачевская 2        ;общежитие                              ; 53.874850; 30.339217;G
$;B;D;MO.;Могилев ;MOGILEV :)   ;605; 6059 ;    ;456 ;    ;      ;         ;;;;23.07.15;Циолковского 10      ;дом быта, мачта                        ; 53.909526; 30.318322;G
$;B;D;MO.;Могилев ;MOGILEV :)   ;605; 6063 ;123 ;456 ;6000; 6063 ;123      ;;;;04.03.14;Гришина 82           ;обл.центр гигиены и эпидем.            ; 53.925550; 30.361000;G
$;B;D;MO.;Могилев ;MOGILEV :)   ;605; 6080 ;    ;4   ;    ;      ;         ;;;;23.07.15;Шмидта пр. 102А      ;секр.лабор."МогилевХимВолокно"         ; 53.827090; 30.337420;G
$;B;D;MO.;Могилев ;MOGILEV :)   ;605; 6032 ;    ;456 ;6000; 6032 ;123456   ;;;;25.09.11;Якубовского 20       ;ОАО "Обувь", трипод                    ; 53.917787; 30.307148;G


/;Могилевская область
$;B;R;MOO;Новое Пашково       ;MOGILEV :)              ;605; 6104;123 ;    ;6000; 6104 ;123 5    ;;;;29.12.14;Могилевский р-н      ; Хроменкова 11-13, башня 40м         ; 53.956450; 30.243090;G
$;B;R;MOO;Турки               ;TURKI :)                ;615; 6300;123 ;    ;    ;      ;         ;;;;22.02.09;Бобруйский р-н       ; М5, 183км                           ; 53.048300; 29.607100;G
$;B;R;MOO;Телуша              ;TELUSHA :)              ;615; 6301;123 ;    ;    ;      ;         ;;;;22.02.09;Бобруйский р-н       ; М5, башня 70м                       ; 53.052652; 29.406723;G
$;B;R;MOO;Ясный лес           ;JASNYJ LES :)           ;615; 6302;123 ;    ;    ;      ;         ;;;;21.07.07;Бобруйский р-н       ; М5, РТПС                            ; 53.189190; 29.359245;G
$;B;R;MOO;Любоничи            ;LUBONIHI :)             ;615; 6303;123 ;    ;    ;      ;         ;;;;14.10.12;Кировский р-н        ; М5, башня 70м                       ; 53.269024; 29.236389;G
$;B;R;MOO;Ясень               ;JASEN :)                ;615; 6304;1237;    ;    ;      ;         ;;;;12.11.08;Осиповичский р-н     ; М5, башня 70м                       ; 53.254428; 28.923182;Gw
$;B;R;MOO;Осиповичи           ;OSIPOVICHI :)           ;615; 6305;123 ;    ;6100; 6305 ;123  6   ;;;;29.04.08;Проектируемая 10     ; труба мини-ТЭЦ                      ; 53.315139; 28.664972;G
$;B;R;MOO;Сосновый            ;RUCHEJ :)               ;615; 6306;123 ;    ;    ;      ;         ;;;;08.08.12;Осиповичский р-н     ; М5, башня МТС 70м                   ; 53.431016; 28.464719;G
$;B;R;MOO;Вишов               ;VISHOV :)               ;615; 6307;1237;    ;    ;      ;         ;;;;29.05.09;Белыничский р-н      ; М4, башня 70м                       ; 53.977090; 29.983649;G
$;B;R;MOO;Бол. Мощаница       ;BOLSHAJA MOSCHANICA :)  ;615; 6309;123 ;    ;    ;      ;         ;;;;29.05.09;Белыничский р-н      ; М4, башня 70м                       ; 53.955987; 29.638888;G
$;B;R;MOO;Веть                ;VET' :)                 ;615; 6310;1237;    ;    ;      ;         ;;;;22.12.09;Быховский р-н        ; М8, башня 70м                       ; 53.293676; 30.414705;Gw
$;B;R;MOO;Селец               ;SELEC :)                ;615; 6311;123 ;    ;    ;      ;         ;;;;02.11.09;Быховский р-н        ;                                     ; 53.394135; 30.387357;Gw
$;B;R;MOO;Следюки             ;SLEDUKI :)              ;615; 6312;123 ;    ;    ;      ;         ;;;;02.11.09;Быховский р-н        ; М8, РТПС                            ; 53.575439; 30.340590;G
$;B;R;MOO;Круги               ;KRUGI :)                ;605; 6314;123 ;    ;    ;      ;         ;;;;01.06.10;Могилевский р-н      ; башня 70м                           ; 54.005940; 30.526360;G
$;B;R;MOO;Локути              ;LOKUTI :)               ;615; 6315;123 ;    ;    ;      ;         ;;;;01.06.10;Шкловский р-н        ; М8, башня МТС 70м                   ; 54.116069; 30.454327;G
$;B;R;MOO;Любиничи            ;LUBINICHI :)            ;615; 6316;123 ;    ;    ;      ;         ;;;;01.06.10;Шкловский р-н        ; М8, башня 70м                       ; 54.233551; 30.446248;G
$;B;R;MOO;Полыковичские хутора;POLYKOVICHSKIE HUTORA :);605; 6317;123 ;    ;    ;      ;         ;;;;01.06.10;Могилевский р-н      ; РПТС                                ; 53.990418; 30.327242;G
$;B;R;MOO;Осиповичи           ;OSIPOVICHI :)           ;615; 6318;123 ;456 ;6100; 6318 ;123456   ;;;;12.04.11;Ленинская 47         ; РУЭС, мачта                         ; 53.305493; 28.636468;G
$;B;R;MOO;Бобруйск            ;BOBRUJSK :)             ;615; 6319;123 ;    ;6100; 6319 ;123456   ;;;;14.03.08;Минская 21           ; РУЭС, мачта                         ; 53.148025; 29.230304;G
$;B;R;MOO;Бобруйск            ;BOBRUJSK :)             ;615; 6320;123 ;    ;6100; 6320 ;1234 6   ;;;;27.01.07;Энергетиков 9        ; ТЭЦ-2, труба                        ; 53.189393; 29.204169;G
$;B;R;MOO;Бобруйск            ;BOBRUJSK :)             ;615; 6321;123 ;    ;6100; 6321 ;123 56   ;;;;13.07.08;Гоголя 177           ; завод ТАиМ                          ; 53.149735; 29.188383;G
$;B;R;MOO;Бобруйск            ;BOBRUJSK :)             ;615; 6322;123 ;    ;6100; 6322 ;123 56   ;;;;12.03.08;Парковая 57          ; обувная фабрика, мачта              ; 53.122781; 29.234171;G
$;B;R;MOO;Бобруйск            ;BOBRUJSK :)             ;615; 6323;123 ;    ;6100; 6323 ;123456   ;;;;10.07.07;50 лет ВЛКСМ 26      ; г-ца "Юбилейная", мачта             ; 53.168084; 29.191574;G
$;B;R;MOO;Бобруйск            ;BOBRUJSK :)             ;615; 6324;123 ;    ;6100; 6324 ;123 56   ;;;;09.07.07;Социалистическая 84  ; ОАО "Славянка", мачта               ; 53.138835; 29.227300;G
$;B;R;MOO;Бобруйск            ;BOBRUJSK :)             ;615; 6325;123 ;    ;6100; 6325 ;123456   ;;;;26.05.08;Строителей пр. 37    ; поликлиника N7, мачта               ; 53.190459; 29.223506;G
$;B;R;MOO;Чаусы               ;CHAUSY :)               ;615; 6326;123 ;    ;6100; 6326 ;123  6   ;;;;18.02.09;Ленинская 15         ; РУЭС, мачта                         ; 53.808274; 30.972273;G
$;B;R;MOO;Быхов               ;BYHOV :)                ;615; 6327;123 ;4   ;6100; 6327 ;123456   ;;;;09.11.08;Ленина 22            ; г-ца "Днепр"                        ; 53.517153; 30.239147;G
$;B;R;MOO;Быхов               ;BYHOV :)                ;615; 6328;123 ;    ;    ;      ;         ;;;;12.04.11;М.Богдановича 1      ; ЦРБ, леч.корпус N1                  ; 53.530083; 30.229650;G
$;B;R;MOO;Шклов               ;SHKLOV :)               ;615; 6329;123 ;456 ;    ;      ;         ;;;;12.04.11;Колхозная 51         ; мебельная фабрика, мачта            ; 54.226010; 30.277135;G
$;B;R;MOO;Горки               ;GORKI :)                ;615; 6332;123 ;456 ;6100; 6332 ;12345    ;;;;18.07.11;Горького 3А          ; РУЭС, мачта                         ; 54.288657; 30.980964;G
$;B;R;MOO;Сидоровичи          ;SIDOROVICHI :)          ;615; 6333;123 ;    ;    ;      ;         ;;;;16.01.15;Могилевский р-н      ; башня 70м                           ; 53.688635; 30.390120;G
$;B;R;MOO;Белыничи            ;BELYNICHI :)            ;615; 6334;123 ;    ;6100; 6334 ; 23 56   ;;;;24.09.08;Ленинская 53         ; РУПС, мачта                         ; 53.994575; 29.709425;G
$;B;R;MOO;Шклов               ;SHKLOV :)               ;615; 6335;123 ;    ;6100; 6335 ;123 56   ;;;;12.04.11;Ленинская 49         ; УКП "БытУслуги", мачта              ; 54.201668; 30.297562;G
$;B;R;MOO;Буйничи             ;BUJNICHI :)             ;605; 6336;123 ;    ;6000; 6336 ;123456   ;;;;04.05.11;Могилевский р-н      ; опорная мачта                       ; 53.859445; 30.264268;G
$;B;R;MOO;Шклов               ;SHKLOV :)               ;615; 6337;123 ;    ;    ;      ;         ;;;;01.06.10;Парковый пер. 1А     ; башня РЭС                           ; 54.217616; 30.289256;G
$;B;R;MOO;Глуск               ;GLUSK :)                ;615; 6340;123 ;    ;6100; 6340 ;12  5    ;;;;15.05.15;Семенова 5А          ; ЦРБ, мачта                          ; 52.905040; 28.673453;G
$;B;R;MOO;Краснополье         ;KRASNOPOL'E :)          ;615; 6343;123 ;    ;6100; 6343 ;1234     ;;;;20.02.09;Курако 42            ; ЦРБ, мачта                          ; 53.326710; 31.386140;G
$;B;R;MOO;Чериков             ;CHERIKOV :)             ;615; 6345;123 ;    ;6100; 6345 ; 23 5    ;;;;01.06.10;?                    ; на севере города, возможно с diallog; 53.575307; 31.381447;*
$;B;R;MOO;Хотимск             ;HOTIMSK :)              ;615; 6347;123 ;    ;6100; 6347 ;123 5    ;;;;07.06.11;Дзержинского 1       ; ЦРБ, мачта                          ; 53.411599; 32.574143;G
$;B;R;MOO;Костюковичи         ;KOSTUKOVICHI :)         ;615; 6349;123 ;    ;6100; 6349 ;12345    ;;;;18.07.11;Юношеская 111        ; ЦРБ, мачта                          ; 53.355740; 32.040560;G
$;B;R;MOO;Климовичи           ;KLIMOVICHI :)           ;615; 6350;123 ;    ;    ;      ;         ;;;;01.06.10;Ленина 12            ; ЦРБ, поликлиника, мачта             ; 53.621950; 31.940980;G
$;B;R;MOO;Мстиславль          ;MSTISLAVL :)            ;615; 6352;123 ;    ;    ;      ;         ;;;;18.07.11;Могилевская          ; РТПС                                ; 54.013340; 31.684650;G
$;B;R;MOO;Мстиславль          ;MSTISLAVL :)            ;615; 6353;123 ;    ;6100; 6353 ;123456   ;;;;05.07.11;Ленина 104           ; ЦРБ, мачта                          ; 54.011940; 31.742730;G
$;B;R;MOO;Дрибин              ;DRIBIN :)               ;615; 6355;123 ;    ;6100; 6355 ;1 3      ;;;;18.07.11;                     ;                                     ;          ;          ;
$;B;R;MOO;Кричев              ;KRICHEV :)              ;615; 6358;123 ;    ;6100; 6358 ;1        ;;;;01.06.10;                     ; РТПС                                ; 53.704179; 31.695297;G
$;B;R;MOO;Кричев              ;                        ;615; 6359;123 ;    ;    ;      ;         ;;;;15.07.15;Советская 44         ; РУЭС, трипод                        ; 53.696608; 31.706934;G
$;B;R;MOO;Кричев              ;KRICHEV :)              ;615; 6360;123 ;    ;6100; 6360 ;123      ;;;;18.07.11;Артиллерийская 7     ; общежитие БелЖД, низкая мачта       ; 53.740448; 31.705312;G
$;B;R;MOO;Круглое             ;KRUGLOE :)              ;615; 6364;123 ;    ;    ;      ;         ;;;;16.05.15;Советская 105        ; ЦРБ, мачта                          ; 54.262044; 29.792873;G
$;B;R;MOO;Славгород           ;                        ;615; 6366;123 ;    ;    ;      ;         ;;;;01.06.10;Новая Слобода        ; РТПС                                ; 53.476681; 31.012972;G
$;B;P;MOO;Елизово             ;                        ;   ; 6367;    ;    ;    ;      ;         ;;;;05.04.11;Осиповичский р-н     ; труба стеклозавода                  ; 53.392453; 29.012167;G
$;B;R;MOO;Глуша               ;GLUSHA :)               ;615; 6368;123 ;    ;    ;      ;         ;;;;29.11.10;Бобруйский р-н       ; труба бывш.стеклозавода             ; 53.085783; 28.855215;G
$;B;R;MOO;Бобруйск            ;BOBRUJSK :)             ;615; 6369;123 ;    ;6100; 6369 ;123 5    ;;;;13.07.08;пер.Сосновый 40      ; межрайонный онкодиспансер, мачта    ; 53.144630; 29.168210;G
$;B;R;MOO;Бобруйск            ;BOBRUJSK :)             ;615; 6370;123 ;    ;6100; 6370 ;1234 6   ;;;;07.11.08;Бахарова 206         ; меховая фабрика, мачта              ; 53.126790; 29.186260;G
$;B;R;MOO;Горки               ;GORKI :)                ;615; 6371;123 ;456 ;6100; 6371 ;12345    ;;;;18.07.11;Заслонова 24         ; центр. котельная, низкая труба      ; 54.283573; 30.990045;G
$;B;R;MOO;Кировск             ;KIROVSK :)              ;615; 6372;123 ;    ;6100; 6372 ;123 56   ;;;;29.11.10;Первомайская 1А      ; гостиница "Сузорье", мачта          ; 53.274128; 29.468658;G
$;B;R;MOO;Кличев              ;KLICHEV :)              ;615; 6373;123 ;    ;6100; 6373 ;123 56   ;;;;16.05.15;Ленинская 78         ; дом быта, мачта                     ; 53.492393; 29.339491;G
$;B;R;MOO;Головичи            ;GOLOVICHI :)            ;615; 6377;123 ;    ;    ;      ;         ;;;;18.07.11;Дрибинский р-н       ; мачта 70м  нефтепровода "Дружба"    ; 54.042017; 31.048808;G
$;B;R;MOO;Бастеновичи         ;BASTENOVICHI :)         ;615; 6378;123 ;    ;    ;      ;         ;;;;05.07.11;Мстиславский р-н     ; башня 70м                           ; 54.030092; 31.388249;G
$;B;R;MOO;Карписоновка        ;KARPISONOVKA :)         ;615; 6380;123 ;    ;    ;      ;         ;;;;01.06.10;Мстиславский р-н     ; мачта 70м  нефтепровода "Дружба"    ; 53.895422; 31.375110;G
$;B;R;MOO;Круглое             ;KRUGLOE :)              ;615; 6381;123 ;    ;6100; 6381 ;123      ;;;;16.05.15;Советская 55         ; муз.школа, мачта                    ; 54.248517; 29.795692;G
$;B;R;MOO;Красный Курган      ;KRASNYJ KURGAN :)       ;615; 6382;123 ;    ;    ;      ;         ;;;;23.09.15;Костюковичский р-н   ; мачта 70м  нефтепровода "Дружба"    ; 53.448620; 31.888370;G
$;B;R;MOO;Белая Дуброва       ;BELAJA DUBROVA :)       ;615; 6383;123 ;    ;    ;      ;         ;;;;10.11.15;Костюковичский р-н   ; ?                                   ; 53.256540; 31.985660;G*
$;B;R;MOO;Артюхи/Борейки      ;                        ;615; 6384;123 ;    ;    ;      ;         ;;;;29.11.10;Костюковичский р-н   ; мачта на земле? (не опорная) *питон*; 53.189930; 32.156240;Y*
$;B;R;MOO;Еленовка            ;ELENOVKA :)             ;615; 6385;123 ;    ;    ;      ;         ;;;;23.09.15;Хотимский р-н        ; граница с РФ, башня                 ; 53.231735; 32.317970;Y
$;B;R;MOO;Крынка              ;KRYNKA :)               ;615; 6386;123 ;    ;    ;      ;         ;;;;27.02.11;Осиповичский р-н     ; башня 70м                           ; 53.222141; 28.386561;Gw
$;B;R;MOO;Н. Максимовичи      ;                        ;615; 6387;123 ;    ;    ;      ;         ;;;;05.07.11;Кличевский р-н       ; опорная мачта                       ; 53.612539; 29.130681;G
$;B;R;MOO;Дужки               ;DUZHKI :)               ;615; 6388;123 ;    ;    ;      ;         ;;;;18.07.11;Горецкий р-н         ; ЛПДС"Горки", н/п"Дружба", мачта 70м ; 54.187603; 30.804859;G
$;B;R;MOO;Аниковичи           ;ANIKOVICHI :)           ;615; 6389;123 ;    ;    ;      ;         ;;;;18.07.11;Горецкий р-н         ; мачта 70м  нефтепровода "Дружба"    ; 54.244391; 30.590325;G
$;B;R;MOO;Бобруйск            ;BOBRUJSK :)             ;615; 6391;123 ;    ;    ;      ;         ;;;;07.11.08;Форштадт,Силикатная 1; з-д "Силикат", труба                ; 53.090132; 29.228609;G
$;B;R;MOO;Бобруйск            ;BOBRUJSK :)             ;615; 6393;123 ;    ;6100; 6393 ;123 5    ;;;;29.04.09;Рогачевская          ; з-д Керамика, мачта                 ; 53.140255; 29.291761;G
$;B;R;MOO;Кадино              ;KADINO :)               ;605; 6394;123 ;    ;6000; 6394 ;123      ;;;;09.08.10;Могилевский р-н      ; М8, 236км, труба                    ; 53.884902; 30.486183;G
$;B;R;MOO;Бобруйск            ;BOBRUJSK :)             ;   ; 6398;    ;    ;6100; 6398 ;123      ;;;;07.06.11;Войкова 20           ; гостиница Турист                    ; 53.154716; 29.247106;G
$;B;R;MOO;Славгород           ;                        ;615; 6399;123 ;    ;    ;      ;         ;;;;07.06.11;Калинина 44          ; опорная мачта около хоздвора *питон*; 53.436000; 30.989770;G
$;B;R;MOO;Березки             ;BEREZKI :)              ;615; 6401;123 ;    ;    ;      ;         ;;;;18.07.11;Хотимский р-н        ;                                     ; 53.342307; 32.353760;G
$;B;R;MOO;Звенчатка           ;                        ;615; 6402;123 ;    ;    ;      ;         ;;;;18.07.11;Климовичский р-н     ; опорная мачта                       ; 53.746289; 32.231202;G
$;B;R;MOO;Пеньковка           ;PENKOVKA :)             ;615; 6403;123 ;    ;    ;      ;         ;;;;18.07.11;Климовичский р-н     ; P43, башня 70м                      ; 53.726009; 32.047991;G
$;B;R;MOO;Какойск             ;KAKOJSK :)              ;615; 6404;123 ;    ;    ;      ;         ;;;;11.07.11;Краснопольский р-н   ; башня 70м                           ; 53.338336; 31.699409;G
$;B;R;MOO;Родня               ;RODNJA :)               ;615; 6405;123 ;    ;    ;      ;         ;;;;18.07.11;Климовичский р-н     ; башня 70м                           ; 53.512715; 32.120904;G
$;B;R;MOO;Холмы               ;HOLMA :)                ;615; 6406;123 ;    ;    ;      ;         ;;;;11.07.11;Краснопольский р-н   ; башня 70м                           ; 53.242611; 31.372588;G
$;B;R;MOO;Обча                ;OBCHA :)                ;615; 6408;123 ;    ;6100; 6408 ;1        ;;;;29.11.10;Бобруйский р-н       ; башня 70м                           ; 53.059645; 29.010515;G
$;B;R;MOO;Кульшичи            ;                        ;615; 6409;123 ;    ;    ;      ;         ;;;;07.06.11;Славгородский р-н    ; башня *питон*                       ; 53.467880; 30.753810;Y
$;B;R;MOO;Ректа               ;REKTA :)                ;615; 6410;123 ;    ;    ;      ;         ;;;;14.11.15;Славгородский р-н    ; башня 70м                           ; 53.300306; 30.709122;G
$;B;R;MOO;Глухская Селиба     ;GLUHSKAJA SELIBA :)     ;615; 6411;123 ;    ;    ;      ;         ;;;;29.11.10;Быховский р-н        ; Р93, башня 70м                      ; 53.658980; 30.024892;G
$;B;R;MOO;Бобовка             ;BOBOVKA :)              ;615; 6412;1 3 ;    ;    ;      ;         ;;;;10.05.10;Кличевский р-н       ; башня 70м                           ; 53.556334; 29.531414;G
$;B;R;MOO;Клетное             ;KLETNOE :)              ;615; 6413;123 ;    ;    ;      ;         ;;;;15.05.15;Глусский р-н         ; башня 70м                           ; 52.815842; 28.636605;G
$;B;R;MOO;Столяры             ;STOLJARY :)             ;615; 6414;123 ;    ;    ;      ;         ;;;;05.07.11;Осиповичский р-н     ; башня 70м                           ; 53.376761; 29.018169;G
$;B;R;MOO;Межисетки           ;MEZHISJATKI :)          ;615; 6415;123 ;    ;    ;      ;         ;;;;29.11.10;Могилевский р-н      ; P93, башня 60м.                     ; 53.779384; 30.176327;G
$;B;R;MOO;Лопатичи            ;                        ;615; 6416;123 ;    ;    ;      ;         ;;;;07.06.11;Славгородский р-н    ; башня 70м  *питон*                  ; 53.571924; 30.873148;G
$;B;R;MOO;Продвино            ;PRODVINO :)             ;615; 6417;123 ;    ;    ;      ;         ;;;;03.09.11;Бобруйский р-н       ; башня 70м                           ; 52.988634; 29.226438;G
$;B;R;MOO;Новый Городок       ;NOVYJ GORODOK :)        ;615; 6419;123 ;    ;    ;      ;         ;;;;07.06.11;Кировский р-н        ; Р93, башня 70м                      ; 53.356620; 29.607340;G
$;B;R;MOO;Шалаевка            ;SHALLEVKA :)            ;615; 6420;1237;    ;    ;      ;         ;;;;27.12.10;Кировский р-н        ; Р93, башня 70м                      ; 53.504171; 29.745142;G
$;B;R;MOO;Городище            ;GORODISCHE :)           ;615; 6421;123 ;    ;    ;      ;         ;;;;08.02.11;Могилевский р-н      ; башня 70м                           ; 53.736540; 29.798090;G
$;B;R;MOO;Желвинец            ;ZHELVINEC :)            ;615; 6422;123 ;    ;    ;      ;         ;;;;07.06.11;Глусский р-н         ; башня МТС 70м                       ; 52.987917; 28.756917;G
$;B;R;MOO;Птичь               ;PTICH :)                ;615; 6423;123 ;    ;    ;      ;         ;;;;15.05.15;Глусский р-н         ; опорная мачта                       ; 52.724274; 28.763481;G
$;B;R;MOO;Баньки              ;BANKI :)                ;615; 6424;123 ;    ;    ;      ;         ;;;;27.12.10;Круглянский р-н      ; башня 70м                           ; 54.114484; 29.840173;G
$;B;R;MOO;Красный Луч         ;KRASNYJ LUG :)          ;615; 6426;123 ;    ;    ;      ;         ;;;;07.06.11;Шкловский р-н        ; башня 40м                           ; 54.083330; 30.261920;G
$;B;R;MOO;Коптевка            ;                        ;615; 6428;123 ;    ;    ;      ;         ;;;;18.07.11;Горецкий р-н         ; опорная мачта                       ; 54.178189; 31.267407;G
$;B;R;MOO;Черневка            ;                        ;615; 6430;123 ;    ;    ;      ;         ;;;;07.06.11;Дрибинский р-н       ; опорная мачта *питон*               ; 54.097540; 30.772860;G
$;B;R;MOO;Сава                ;SAVA :)                 ;615; 6431;123 ;    ;    ;      ;         ;;;;07.06.11;Горецкий р-н         ; башня 70м                           ; 54.357816; 30.821264;G
$;B;R;MOO;Ленино              ;LENINO :)               ;615; 6432;123 ;    ;    ;      ;         ;;;;18.07.11;Горецкий р-н         ; башня 70м                           ; 54.424373; 31.136863;G
$;B;R;MOO;Лобановка           ;LOBANOVKA :)            ;615; 6433;123 ;    ;    ;      ;         ;;;;01.06.10;Чериковский р-н      ; башня 70м                           ; 53.662010; 31.267213;G
$;B;R;MOO;Речица              ;RECHICA :)              ;615; 6434;123 ;    ;    ;      ;         ;;;;23.09.15;Чериковский р-н      ; башня 70м                           ; 53.621460; 31.529520;G
$;B;R;MOO;Соколовка           ;                        ;615; 6435;123 ;    ;    ;      ;         ;;;;01.06.10;Чериковский р-н      ; башня *питон*                       ; 53.532890; 31.217860;Y
$;B;R;MOO;Сычин               ;                        ;615; 6437;123 ;    ;    ;      ;         ;;;;11.07.11;Славгородский р-н    ; башня 70м  *питон*                  ; 53.366080; 31.157700;Y
$;B;R;MOO;Хильковичи          ;HIL'KOVICHI :)          ;615; 6438;123 ;    ;    ;      ;         ;;;;05.07.11;Чаусский р-н         ; башня 70м                           ; 53.972168; 30.820845;G
$;B;R;MOO;Горбовичи           ;GORBOVICHI :)           ;615; 6439;123 ;    ;    ;      ;         ;;;;05.07.11;Чаусский р-н         ; башня 70м                           ; 53.812177; 30.705729;G
$;B;R;MOO;Кутня?              ;                        ;615; 6440;123 ;    ;    ;      ;         ;;;;07.06.11;Чаусский р-н         ; башня 70м  МТС? *питон*             ; 53.702303; 30.630043;*
$;B;R;MOO;Прилесье            ;PRILESE :)              ;615; 6442;123 ;    ;    ;      ;         ;;;;05.07.11;Чаусский р-н         ; башня 60м.                          ; 53.811425; 31.158645;G
$;B;R;MOO;Галузы              ;                        ;615; 6443; 2  ;    ;    ;      ;         ;;;;15.07.15;Чаусский р-н         ; башня A1? *питон*                   ; 53.908830; 31.083960;Y*
$;B;R;MOO;Бобруйск            ;BOBRUJSK :)             ;615; 6444;123 ;    ;6100; 6444 ;123456   ;;;;25.04.09;50 лет ВЛКСМ 61      ; общежитие N7 стройтреста N13, мачта ; 53.161482; 29.174717;G
$;B;R;MOO;Бобруйск            ;BOBRUJSK :)             ;615; 6445;123 ;    ;6100; 6445 ;12345    ;;;;04.08.09;Гагарина 34          ; инфекционная больница, мачта        ; 53.174460; 29.183377;G
$;B;R;MOO;Бобруйск            ;BOBRUJSK :)             ;   ; 6446;    ;    ;6100; 6446 ;123456   ;;;;27.12.10;Минская 142          ; кожкомбинат, мачта                  ; 53.176103; 29.205231;G
$;B;R;MOO;Бобруйск            ;BOBRUJSK :)             ;615; 6447;    ;    ;6100; 6447 ;1234 6   ;;;;07.06.11;Крылова 44           ; быткомбинат, реш.мачта              ; 53.152140; 29.201310;G
$;B;R;MOO;Бобруйск            ;BOBRUJSK :)             ;615; 6449;123 ;    ;6100; 6449 ;12345678 ;;;;26.09.09;Интернациональная 72В;общежитие ОАО БобруйскТрикотаж, мачта; 53.141320; 29.200840;G
$;B;R;MOO;Бобруйск            ;BOBRUJSK :)             ;615; 6450;123 ;    ;6100; 6450 ;123456   ;;;;25.04.09;Орджоникидзе 18А     ; ресторан "Глория", реш.мачта        ; 53.162640; 29.203730;G
$;B;R;MOO;Бобруйск            ;BOBRUJSK :)             ;   ; 6451;    ;    ;6100; 6451 ;123456   ;;;;07.06.11;Шмидта пр. 6         ; УМ-79, опорная мачта                ; 53.155522; 29.223005;G
$;B;R;MOO;Дубовский           ;DUBOVSKIJ :)            ;615; 6452;123 ;    ;    ;      ;         ;;;;01.06.10;Кричевский р-н       ; мачта нефтепровода "Дружба"         ; 53.751595; 31.573156;G
$;B;R;MOO;Сож (Кричев)        ;SOZH :)                 ;615; 6453;123 ;    ;6100; 6453 ;1 3      ;;;;18.07.11;Кричевский р-н       ; труба?                              ; 53.679412; 31.720203;*
$;B;R;MOO;Горки               ;GORKI :)                ;615; 6455;123 ;    ;6100; 6455 ;123      ;;;;18.07.11;Железнодорожная      ; труба                               ; 54.261497; 30.983789;G
$;B;R;MOO;Чаусы               ;CHAUSY :)               ;615; 6457;123 ;    ;    ;      ;         ;;;;03.09.10;60 лет БССР          ; ЧУПП "Прометей", опорная мачта      ; 53.792018; 30.932808;G
$;B;R;MOO;Климовичи           ;KLIMOVICHI :)           ;615; 6458;123 ;    ;6100; 6458 ;1234     ;;;;01.06.10;50 лет СССР 5        ; общежитие, мачта                    ; 53.596260; 31.952310;G
$;B;R;MOO;Кричев              ;KRICHEV :)              ;615; 6460;123 ;    ;6100; 6460 ;123 5    ;;;;18.07.11;Комсомольская 126    ; ДСУ N20, мачта                      ; 53.722099; 31.711961;G
$;B;R;MOO;Кричев              ;KRICHEV :)              ;615; 6461;123 ;    ;6100; 6461 ;123  6   ;;;;01.06.10;Ленинская 41/2       ; дом быта, мачта                     ; 53.692970; 31.716005;G
$;B;R;MOO;Узкий               ;UZKOE :)                ;615; 6462;123 ;    ;    ;      ;         ;;;;18.07.11;Кричевский р-н       ; башня 70м                           ; 53.853964; 31.588451;G
$;B;R;MOO;Бель 1-я            ;BEL :)                  ;615; 6463;123 ;    ;    ;      ;         ;;;;18.07.11;Кричевский р-н       ; промзона, опорная мачта             ; 53.787935; 31.701857;G
$;B;R;MOO;Смольки             ;                        ;615; 6465;123 ;    ;    ;      ;         ;;;;07.06.11;Костюковичский р-н   ; граница с РФ, опорная мачта         ; 53.140978; 32.228163;G
$;B;R;MOO;Шепелевичи          ;                        ;615; 6466;123 ;    ;    ;      ;         ;;;;27.12.10;Круглянский р-н      ; башня 70м                           ; 54.121592; 29.566903;G
$;B;R;MOO;Никодимово          ;NIKODIMOVO :)           ;615; 6467;123 ;    ;    ;      ;         ;;;;18.07.11;Горецкий р-н         ; башня 70м                           ; 54.261972; 31.179014;G
$;B;R;MOO;Ореховка            ;OREHOVKA :)             ;615; 6468;123 ;    ;    ;      ;         ;;;;05.07.11;Кличевский р-н       ; башня 70м                           ; 53.495797; 29.136274;G
$;B;R;MOO;Лыково              ;LYKOVO :)               ;615; 6469;123 ;    ;    ;      ;         ;;;;04.05.11;Могилевский р-н      ; опорная мачта                       ; 53.752102; 30.341312;G
$;B;R;MOO;Ходосы              ;HODOSY :)               ;615; 6470;123 ;    ;    ;      ;         ;;;;05.07.11;Мстиславский р-н     ; башня                               ; 53.921412; 31.471695;G
$;B;R;MOO;Каськово            ;KASKOVO :)              ;615; 6471;123 ;    ;    ;      ;         ;;;;11.07.11;Мстиславский р-н     ; башня 70м                           ; 54.049530; 31.875980;G
$;B;R;MOO;Горы ?              ;                        ;615; 6472;1 3 ;    ;    ;      ;         ;;;;27.02.11;Краснопольский р-н   ;                                     ; 53.235700; 31.556400;*
$;B;R;MOO;Вендориж            ;VENDRIZH :)             ;615; 6474;123 ;    ;    ;      ;         ;;;;08.02.11;Могилевский р-н      ; опорная мачта                       ; 53.804340; 30.036450;G
$;B;R;MOO;Горки               ;GORKI :)                ;615; 6475;123 ;    ;6100; 6475 ;123 56   ;;;;27.06.10;Мичурина             ; котельная БГСХА, труба              ; 54.298520; 30.992680;G
$;B;R;MOO;Бобруйск            ;BOBRUJSK :)             ;615; 6477;123 ;    ;6100; 6477 ;123456   ;;;;24.04.10;бул.Приберезенский 40; магазин "Родная сторона", мачта     ; 53.197807; 29.227611;G
$;B;R;MOO;Костюковичи         ;KOSTUKOVICHI :)         ;615; 6478;123 ;    ;    ;      ;         ;;;;18.07.11;                     ;                                     ;          ;          ;
$;B;R;MOO;Костюковичи         ;KOSTUKOVICHI :)         ;615; 6479;123 ;    ;6100; 6479 ;123      ;;;;27.12.10;Ленинская 93         ; райисполком                         ; 53.351170; 32.059050;G*
$;B;R;MOO;Горки               ;GORKI :)                ;615; 6481;123 ;456 ;6100; 6481 ;123  6   ;;;;18.07.11;Вокзальная 28        ; магазин Планета, мачта              ; 54.275719; 30.996945;G
$;B;R;MOO;Бобруйск            ;BOBRUJSK :)             ;615; 6483;123 ;    ;6100; 6483 ;123 56   ;;;;20.07.12;Орловского 25 к.5    ; ЗАО "ЭнергоРемонтСервис", мачта     ; 53.132810; 29.175250;G
$;B;R;MOO;Красная Слобода     ;KRASNAJA SLOBODA :)     ;615; 6484; 23 ;    ;    ;      ;         ;;;;27.05.11;Быховский р-н        ; башня?                              ; 53.447770; 30.527360;G*
$;B;R;MOO;Болоновка           ;BOLONOVKA :)            ;615; 6485;123 ;    ;    ;      ;         ;;;;27.02.11;Быховский р-н        ; Р93                                 ; 53.544758; 29.860745;*
$;B;R;MOO;Бобруйск            ;BOBRUJSK :)             ;615; 6491;123 ;    ;6100; 6491 ;123456   ;;;;07.07.12;Первомайская 40      ; ОАО "Бобруйсктрикотаж", мачта       ; 53.135942; 29.235423;G
$;B;R;MOO;Бобруйск            ;BOBRUJSK :)             ;615; 6492;123 ;    ;    ;      ;         ;;;;20.07.12;Урицкого 122А        ; ф-л Бобруйские электросети, мачта   ; 53.148480; 29.253070;G
$;B;R;MOO;Бобруйск            ;BOBRUJSK :)             ;615; 6493;123 ;    ;6100; 6493 ;12345    ;;;;31.03.12;Гагарина 42          ; общ. строительного колледжа, мачта  ; 53.171106; 29.174171;G
$;B;R;MOO;Бобруйск            ;BOBRUJSK :)             ;615; 6494;123 ;    ;    ;      ;         ;;;;20.07.12;Глусская 61          ; УЧП "МИФ-Транс", столб              ; 53.122150; 29.169180;G
$;B;R;MOO;Бобруйск            ;KORONA :)               ;   ; 6495;    ;    ;6100; 6495 ;12       ;;;;02.05.15;50 лет ВЛКСМ 33      ; ТЦ "Корона", внутри                 ; 53.165328; 29.186884;G
$;B;R;MOO;Горки               ;GORKI :)                ;615; 6496;123 ;456 ;6100; 6496 ;123456   ;;;;23.09.12;Дворцовая 2          ; столовая БГСХА, мачта               ; 54.298325; 30.982419;G
$;B;R;MOO;Бобруйск            ;BOBRUJSK :)             ;615; 6499;123 ;    ;6100; 6499 ;1234     ;;;;29.03.13;Глинки 2/6           ; магазин, столб                      ; 53.175245; 29.232397;G
$;B;R;MOO;Заболотье           ;ZABOLOTE :)             ;615; 6504;123 ;    ;    ;      ;         ;;;;16.05.15;Белыничский р-н      ; башня 70м                           ; 53.926611; 29.539525;G
$;B;R;MOO;Сосновая            ;SOSNOVAJA :)            ;615; 6506;123 ;    ;    ;      ;         ;;;;14.10.12;Бобруйский р-н       ; башня A1 70м                        ; 53.226843; 29.079494;G
$;B;R;MOO;Бобруйск            ;                        ;   ;     ;    ;    ;6100; 6509 ;123456   ;;;;15.02.14;Кирова 215           ; магазин N11 "Форштадт", мачта       ; 53.094970; 29.241810;G
$;B;R;MOO;Бобруйск            ;BOBRUJSK :)             ;615; 6510;123 ;    ;6100; 6510 ;123456   ;;;;29.03.13;Ленина 93            ; общ.лесотехнического колледжа, мачта; 53.162607; 29.231556;G
$;B;R;MOO;Осиповичи           ;OSIPOVICHI :)           ;615; 6512;123 ;    ;6100; 6512 ;1234 6   ;;;;26.04.15;Социалистическая     ; столб                               ; 53.293724; 28.636510;G
$;B;R;MOO;Осиповичи           ;OSIPOVICHI :)           ;615; 6517;123 ;    ;6100; 6517 ;123 5    ;;;;09.12.13;пос.Советский        ; котельная N12 УКП ЖКХ, башня 40м    ; 53.320000; 28.595636;G
$;B;R;MOO;Горки               ;                        ;   ;     ;    ;    ;6100; 6518 ;123      ;;;;07.06.15;Космонавтов 3        ; УКПП "Коммунальник", столб          ; 54.284506; 31.004016;G
$;B;R;MOO;Бобруйск            ;BOBRUJSK :)             ;615; 6519;12  ;    ;6100; 6519 ;12345    ;;;;11.02.14;Октябрьская 119   ; общ.N5 БУКДПОЖФ Ленинского р-на, трипод; 53.141378; 29.217496;G
$;B;R;MOO;Голынец             ;GOLYNEC :)              ;615; 6520;123 ;    ;    ;      ;         ;;;;29.12.14;Могилевский р-н      ; башня 70м                           ; 53.848920; 30.167575;G
$;B;R;MOO;Горки               ;GORKI :)                ;615; 6521;123 ;    ;6100; 6521 ;123456   ;;;;15.07.15;Тимирязева 11        ; корпус N16 БГСХА                    ; 54.293426; 30.985383;G
$;B;R;MOO;Бобруйск            ;BOBRUJSK :)             ;615; 6522;123 ;    ;6100; 6522 ;123      ;;;;13.02.14;Черепичная           ; столб                               ; 53.157303; 29.157082;G
$;B;R;MOO;Бобруйск            ;BOBRUJSK :)             ;615; 6523;123 ;    ;6100; 6523 ;123456   ;;;;11.02.14;пл.Ленина 1          ; горисполком                         ; 53.146335; 29.223406;G
$;B;R;MOO;Бобруйск            ;                        ;615; 6524;123 ;    ;6100; 6524 ;123456   ;;;;11.02.14;Горелика 20А         ; магазин "Евроопт", мачта A1         ; 53.140317; 29.165118;G
$;B;R;MOO;Бобруйск            ;                        ;615; 6525;123 ;    ;6100; 6525 ;123456   ;;;;11.02.14;Ново-шоссейная 2     ; Бобруйск-мебель, мачта A1           ; 53.130900; 29.203080;G

$;B;RLU;MOO;Шапчицы           ;                        ;   ;     ;    ;    ;    ;      ;         ;;;;22.09.12;Могилевский р-н      ; санаторий "Сосны", репитер          ; 53.933020; 30.453020;G*

$;B;P;MOO;Елизово             ;                        ;   ; 6367;    ;    ;    ;      ;         ;;;;05.04.11;Осиповичский р-н     ; труба стеклозавода                  ; 53.392453; 29.012167;G

$;B;S;MOO;Шклов               ;                        ;   ; 6527;    ;    ;    ;      ;         ;;;;05.04.11;Парковая 16          ;общ. бумажной фабрики, мачта A1      ; 54.212715; 30.294475;G
$;B;S;MOO;Глуша               ;                        ;   ; 6528;    ;    ;    ;      ;         ;;;;05.04.11;Бобруйский р-н       ;башня A1 50м                         ; 53.085090; 28.855940;G
$;B;S;MOO;Чечевичи            ;                        ;   ; 6530;    ;    ;    ;      ;         ;;;;05.04.11;Быховский р-н        ;Р93, башня МТС 70м                   ; 53.524831; 29.825714;G

$;B;D;MOO;Бобруйск            ;BOBRUJSK :)             ;615; 6321;    ;  6 ;    ;      ;         ;;;;23.07.15;Гоголя 177           ; завод ТАиМ                          ; 53.149735; 29.188383;G
$;B;D;MOO;Бобруйск            ;BOBRUJSK :)             ;615; 6323;    ;45  ;    ;      ;         ;;;;23.07.15;50 лет ВЛКСМ 26      ; г-ца "Юбилейная"                    ; 53.168084; 29.191574;G
$;B;D;MOO;Бобруйск            ;BOBRUJSK :)             ;615; 6325;    ; 56 ;    ;      ;         ;;;;23.07.15;Строителей 37        ; поликлиника N7                      ; 53.190459; 29.223506;G
$;B;D;MOO;Быхов               ;BYHOV :)                ;615; 6327;    ; 56 ;    ;      ;         ;;;;23.07.15;Ленина 22            ; г-ца "Днепр"                        ; 53.517153; 30.239147;G
$;B;D;MOO;Бобруйск            ;BOBRUJSK :)             ;615; 6369;    ; 5  ;    ;      ;         ;;;;23.07.15;пер.Сосновый 40      ; межрайонный онкодиспансер           ; 53.144630; 29.168210;G
$;B;D;MOO;Бобруйск            ;BOBRUJSK :)             ;615; 6448;    ;456 ;6100; 6448 ;123      ;;;;27.02.11;К.Маркса 235         ; машиностроительный з-д,труба        ; 53.130069; 29.201658;G
$;B;D;MOO;Бобруйск            ;BOBRUJSK :)             ;615; 6482;123 ;    ;    ;      ;         ;;;;22.05.10;Гоголя 185           ; ОАО "Торг-Универсал", мачта         ; 53.153340; 29.180830;G
$;B;D;MOO;Бобруйск            ;BOBRUJSK :)             ;615; 6487;123 ;456 ;6100; 6487 ;123      ;;;;29.07.12;Наумова              ; котельная, труба                    ; 53.144756; 29.159301;G
$;B;D;MOO;Бобруйск            ;BOBRUJSK :)             ;615; 6494;    ;  6 ;    ;      ;         ;;;;23.07.15;Глусская 61          ; УЧП "МИФ-Транс", столб              ; 53.122150; 29.169180;G
$;B;D;MOO;Бобруйск            ;KORONA :)               ;615; 6495;12  ;    ;    ;      ;         ;;;;09.08.13;50 лет ВЛКСМ 33      ; ТЦ "Корона", внутри                 ; 53.165328; 29.186884;G
