KIND;OPR;STAT;AREA;CITY ;CB  ;LAC; CID ; GSM ; DCS;3G L; 3G C;  3G S   ;U-L; U900 ;U-S ;  DATE  ; ADDR       ; REM                                 ;  OZIN     ;  OZIE  ;LOCK
/;Витебск;;;;;;;;;;;;;;;
$;B;R;VI.; Витебск ; VITEBSK :) ;205; 2000 ;123 ;    ;2000; 2000 ;123456   ;;;;04.07.07; Фрунзе 90А          ; почтовое отделение 210033, мачта    ; 55.196440; 30.248261;G
$;B;R;VI.; Витебск ; VITEBSK :) ;205; 2001 ;123 ; 56 ;    ;      ;         ;;;;07.10.10; Черняховского 19    ; облтелеком, мачта                   ; 55.175112; 30.199211;G
$;B;R;VI.; Витебск ;            ;   ;      ;    ;    ;2000; 2001 ;123456   ;;;;07.10.10; Черняховского 19    ; облтелеком, трипод                  ; 55.175094; 30.198991;G
$;B;R;VI.; Витебск ; VITEBSK :) ;205; 2002 ;123 ;456 ;2000; 2002 ;123456   ;;;;06.07.07; Замковая 5          ; гостиница "Витебск", трубостойки    ; 55.192030; 30.202543;G
$;B;R;VI.; Витебск ; VITEBSK :) ;205; 2003 ; 23 ;    ;2000; 2003 ;123456   ;;;;18.07.10; Смоленская 11А      ; фабрика полуфабрикатов, триподы     ; 55.187105; 30.236073;G
$;B;R;VI.; Витебск ; VITEBSK :) ;205; 2004 ;123 ;    ;2000; 2004 ;123456   ;;;;20.08.07; Московский пр. 57А  ; СК по Витебской области, мачта      ; 55.174815; 30.245807;G
$;B;R;VI.; Витебск ; VITEBSK :) ;205; 2005 ;123 ;    ;2000; 2005 ;123456   ;;;;04.07.07; пр. Людникова 11    ; общ. ОАО "Красный Октябрь", труб-ки ; 55.202490; 30.217016;G
$;B;R;VI.; Витебск ; VITEBSK :) ;205; 2007 ;123 ;    ;2000; 2007 ;12345    ;;;;05.12.07; М. Горького 62      ; комбинат шелковых тканей, мачта     ; 55.172700; 30.153155;G
$;B;R;VI.; Витебск ; VITEBSK :) ;205; 2008 ;123 ;45  ;2000; 2008 ;1234 6   ;;;;20.03.09; Гагарина 222Б       ; ОДО "НП-Сервис", мачта              ; 55.229374; 30.255347;G
$;B;R;VI.; Витебск ; VITEBSK :) ;205; 2009 ;123 ;4 6 ;2000; 2009 ;123456   ;;;;05.12.07; пр. Победы 7А       ; общ. приборостроит. завода, труб-ки ; 55.171525; 30.224563;G
$;B;R;VI.; Витебск ; VITEBSK :) ;205; 2010 ;123 ;    ;2000; 2010 ;123456   ;;;;04.07.07; Лазо 88А            ; общ. завода "Мегом", мачта          ; 55.201079; 30.249116;G
$;B;R;VI.; Витебск ; VITEBSK :) ;205; 2011 ;123 ;    ;2000; 2011 ;1234 6   ;;;;02.12.10; 3-я Чепинская       ; ООО "ПП ФАПЛ", мачта                ; 55.211333; 30.126926;G
$;B;R;VI.; Витебск ; VITEBSK :) ;205; 2012 ;123 ;4   ;2000; 2012 ;123456   ;;;;13.01.08; Московский пр. 10   ; облпочта, мачта                     ; 55.182519; 30.206212;G
$;B;R;VI.; Витебск ; VITEBSK :) ;205; 2013 ;123 ; 5  ;2000; 2013 ;123456   ;;;;20.03.09; Терешковой 22       ; общежитие, мачта                    ; 55.186519; 30.246322;G
$;B;R;VI.; Витебск ; VITEBSK :) ;205; 2014 ;123 ;4   ;    ;      ;         ;;;;13.01.08; П. Бровки 13А       ; завод "Витязь", трубостойки         ; 55.167496; 30.239121;G
$;B;R;VI.; Витебск ;            ;   ;      ;    ;    ;2000; 2014 ;123  6   ;;;;13.01.08; П. Бровки 13А       ; завод "Витязь", трипод              ; 55.167667; 30.237175;G
$;B;R;VI.; Витебск ; VITEBSK :) ;205; 2015 ;123 ;    ;2000; 2015 ;123456   ;;;;19.02.09; Гагарина 68         ; ОАО "АТП N1", мачта                 ; 55.214880; 30.229950;G
$;B;R;VI.; Витебск ; VITEBSK :) ;205; 2016 ;123 ; 5  ;2000; 2016 ;123456   ;;;;28.09.07; Офицерская 4        ; двухэтажное здание, мачта           ; 55.182537; 30.224268;G
$;B;R;VI.; Витебск ; VITEBSK :) ;205; 2019 ;123 ;4 6 ;2000; 2019 ;123456   ;;;;05.12.07; П. Бровки 50        ; СЭЗ "Витебск", мачта                ; 55.158224; 30.235373;G
$;B;R;VI.; Витебск ; VITEBSK :) ;205; 2020 ;123 ;  6 ;2000; 2020 ;123      ;;;;13.01.08; Юрьева Горка        ; РТПС, 2 уровень                     ; 55.193124; 30.166596;G
$;B;R;VI.; Витебск ; VITEBSK :) ;205; 2021 ;123 ;    ;2000; 2021 ;123456   ;;;;04.07.07; Ленинградская 217  ;"Витебский райагросервис", склад, мачта;55.223626; 30.121765;G
$;B;R;VI.; Витебск ; VITEBSK :) ;205; 2022 ;123 ;456 ;2000; 2022 ;123456   ;;;;05.12.07; Воинов-интернац 37  ; областная больница, мачта           ; 55.158100; 30.225674;G
$;B;R;VI.; Витебск ; VITEBSK :) ;205; 2023 ;123 ;456 ;2000; 2023 ;123456   ;;;;15.02.09; М. Горького 175     ; общ. N1 "Витебские Ковры", мачта    ; 55.164585; 30.119984;G
$;B;R;VI.; Витебск ; VITEBSK :) ;205; 2025 ;123 ;    ;2000; 2025 ;123  6   ;;;;15.02.09; М. Горького 104     ; ТЭЦ, труба                          ; 55.167474; 30.132360;G
$;B;R;VI.; Витебск ; VITEBSK :) ;205; 2031 ;123 ;    ;2000; 2031 ;123 56   ;;;;01.12.08; Софьи Панковой 6    ; ТЭЦ, труба                          ; 55.190660; 30.259600;G
$;B;R;VI.; Витебск ; VITEBSK :) ;205; 2034 ;123 ;    ;2000; 2034 ;123456   ;;;;01.12.08; Доватора 2          ; диагностический центр, мачта        ; 55.193026; 30.212955;G
$;B;R;VI.; Витебск ; VITEBSK :) ;205; 2035 ;123 ;4   ;2000; 2035 ;12345    ;;;;01.11.08; Воинов-интернац. 1/3; жилой дом, мачта                    ; 55.161293; 30.203041;G
$;B;R;VI.; Витебск ; VITEBSK :) ;205; 2037 ;123 ;    ;2000; 2037 ;123456   ;;;;06.10.08; Правды 46           ; комбинат искусства, мачта           ; 55.187009; 30.220883;G
$;B;R;VI.; Витебск ; VITEBSK :) ;205; 2038 ;    ;456 ;2000; 2038 ;123456   ;;;;23.03.09; Строителей 3Б       ; узел связи РУП "Белтелеком", трипод ; 55.169425; 30.204931;G
$;B;R;VI.; Витебск ; VITEBSK :) ;205; 2039 ;123 ;    ;2000; 2039 ;123456   ;;;;08.12.08; Академика Павлова 21; общежитие, трубостойки              ; 55.177312; 30.180586;G
$;B;R;VI.; Витебск ; VITEBSK :) ;205; 2040 ;123 ;    ;2000; 2040 ;123456   ;;;;10.11.10; Титова 121А         ; УП "ВПК и ТС", столб                ; 55.197250; 30.146402;G*
$;B;R;VI.; Витебск ; VITEBSK :) ;205; 2042 ;123 ;    ;2000; 2042 ;1234     ;;;;22.02.11; Революционная 23    ; магазин "Веста" N72, мачта          ; 55.201970; 30.193337;G
$;B;R;VI.; Витебск ; VITEBSK :) ;205; 2044 ;    ;456 ;2000; 2044 ;123456   ;;;;10.03.09; Фрунзе 44           ; ресторан "Зелёная Гура", мачта      ; 55.194455; 30.233079;G
$;B;R;VI.; Витебск ; VITEBSK :) ;205; 2045 ;123 ;    ;2000; 2045 ;123456   ;;;;18.02.09; Московский пр. 72   ; уч.-лаб. корпус ВГТУ, трубостойки   ; 55.177710; 30.236923;G
$;B;R;VI.; Витебск ; VITEBSK :) ;205; 2047 ;123 ;    ;2000; 2047 ;123 56   ;;;;19.02.09; Великолукский тр.   ; мачта                               ; 55.215840; 30.211400;G
$;B;R;VI.; Витебск ; VITEBSK :) ;205; 2048 ;    ;456 ;2000; 2048 ;123456   ;;;;02.04.09; Демитрова 1         ; завод "Вистан", трубостойки         ; 55.185511; 30.191519;G
$;B;R;VI.; Витебск ; VITEBSK :) ;205; 2049 ;    ;456 ;2000; 2049 ;1234     ;;;;16.04.09; Комсомольская 34А   ; РУЭС, трубостойки                   ; 55.190230; 30.194292;G
$;B;R;VI.; Витебск ; VITEBSK :) ;205; 2050 ;123 ;    ;2000; 2050 ;123456   ;;;;19.02.09; Ленинградская 17    ; УКПП "Витпласт", мачта              ; 55.200544; 30.182667;G
$;B;R;VI.; Витебск ; VITEBSK :) ;205; 2051 ;    ;456 ;    ;      ;         ;;;;02.04.09; Чкалова 7 к. 2      ; жилой дом, мачта                    ; 55.178641; 30.211861;G
$;B;R;VI.; Витебск ; VITEBSK :) ;205; 2053 ;    ;456 ;2000; 2053 ;123456   ;;;;08.04.09;Московский пр. 21 к.4; общежитие РУП "Витебский ДСК", мачта; 55.177367; 30.219339;G
$;B;R;VI.; Витебск ; VITEBSK :) ;205; 2056 ;123 ;    ;2000; 2056 ;123 56   ;;;;13.05.09; 39-й Армии          ; клуб "Корона", мачта                ; 55.171289; 30.126223;G
$;B;R;VI.; Витебск ; VITEBSK :) ;205; 2059 ;123 ;    ;2000; 2059 ;123456   ;;;;10.03.09; Зеньковой 1         ; БЦ "Капитал", мачта                 ; 55.191437; 30.189105;G
$;B;R;VI.; Витебск ; VITEBSK :) ;205; 2060 ;123 ;456 ;2000; 2060 ;123456   ;;;;04.11.12; Я. Купалы 6         ; офисное здание, мачта               ; 55.196875; 30.205439;G
$;B;R;VI.; Витебск ; VITEBSK :) ;205; 2063 ;123 ;    ;2000; 2063 ;12345    ;;;;03.08.10; Марка Шагала 8А     ; университет "МИТСО", трубостойки    ; 55.189183; 30.204667;G
$;B;R;VI.; Витебск ; VITEBSK :) ;205; 2064 ;123 ;    ;2000; 2064 ;123456   ;;;;06.04.10; пр. Победы 23Б      ; магазин "Веста" N141, мачта         ; 55.165535; 30.220894;G
$;B;R;VI.; Витебск ; VITEBSK :) ;205; 2065 ;    ;456 ;2000; 2065 ;123456   ;;;;22.06.10; пр. Победы          ; мкрн. Юг-7, автостоянка, столб      ; 55.154447; 30.208578;G
$;B;R;VI.; Витебск ; VITEBSK :) ;205; 2067 ;123 ;    ;2000; 2067 ;123456   ;;;;08.04.10; Гагарина 24А        ; таксопарк, мачта                    ; 55.208580; 30.220293;G
$;B;R;VI.; Витебск ; VITEBSK :) ;205; 2069 ;    ;456 ;2000; 2069 ;123456   ;;;;29.07.10; Чкалова 18          ; магазин "Веста" N139, мачта         ; 55.173632; 30.218078;G
$;B;R;VI.; Витебск ; VITEBSK :) ;205; 2070 ;    ;456 ;2000; 2070 ;123456   ;;;;29.07.10; Чкалова 34          ; магазин "Веста" N144, мачта         ; 55.167402; 30.212547;G
$;B;R;VI.; Витебск ; VITEBSK :) ;205; 2071 ;123 ;    ;2000; 2071 ;123456   ;;;;22.06.10; Чкалова 49          ; магазин "Евроопт", мачта            ; 55.158731; 30.212048;G
$;B;R;VI.; Витебск ; VITEBSK :) ;205; 2072 ;123 ;    ;2000; 2072 ;123456   ;;;;24.08.10; Строителей 22       ; магазин "Веста" N140, мачта         ; 55.172655; 30.232417;G
$;B;R;VI.; Витебск ; VITEBSK :) ;205; 2073 ;123 ;    ;2000; 2073 ;123456   ;;;;13.05.10; Жесткова 24         ; общежитие ЧУП "Галант", мачта       ; 55.182736; 30.213931;G
$;B;R;VI.; Витебск ; VITEBSK :) ;205; 2074 ;123 ;    ;2000; 2074 ;123      ;;;;10.10.10; Зеленая 26          ; ООО "Имельда", мачта                ; 55.181208; 30.176150;G
$;B;R;VI.; Витебск ; VITEBSK :) ;205; 2075 ;123 ;    ;2000; 2075 ;123  6   ;;;;10.04.10; Зеленогурская 16    ; магазин "Веста" N125, мачта         ; 55.163419; 30.184843;G
$;B;R;VI.; Витебск ; VITEBSK :) ;205; 2076 ;123 ;    ;2000; 2076 ;123456   ;;;;21.04.10; К. Маркса 106       ; общежитие ПТУ N29, мачта            ; 55.180102; 30.152948;G
$;B;R;VI.; Витебск ; VITEBSK :) ;205; 2078 ;    ;456 ;2000; 2078 ;123456   ;;;;15.11.10; Черняховского 14А  ;общ. политехнического техникума, мачта; 55.179263; 30.203792;G
$;B;R;VI.; Витебск ; VITEBSK :) ;205; 2079 ;123 ;    ;2000; 2079 ;1234 6   ;;;;09.07.10; 9-я Загородная 21   ; ИП "Технопром", мачта               ; 55.190064; 30.146254;G
$;B;R;VI.; Витебск ; VITEBSK :) ;205; 2080 ;123 ;    ;2000; 2080 ;123456   ;;;;23.09.10; Золотогорская 30    ;лицей N4 легкой промышленности, мачта; 55.174683; 30.133980;G
$;B;R;VI.; Витебск ; VITEBSK :) ;205; 2081 ;123 ;    ;2000; 2081 ;123 56   ;;;;18.08.10; М. Горького 90      ; поликлиника N2, мачта               ; 55.171525; 30.142670;G
$;B;R;VI.; Витебск ; VITEBSK :) ;205; 2082 ;123 ;    ;2000; 2082 ;123      ;;;;10.11.10; Кировский, Мира 27А ; магазин, мачта                      ; 55.191440; 30.115575;G
$;B;R;VI.; Витебск ; TULOVO :)  ;205; 2083 ;123 ;    ;2000; 2083 ;1234     ;;;;09.05.11;Тулово,Центральная 11А;РУСП"Эксперимент.база Тулово", мачта; 55.206196; 30.289704;G
$;B;R;VI.; Витебск ; VITEBSK :) ;205; 2084 ;123 ;456 ;2000; 2084 ;123456   ;;;;17.10.11; Короткевича 3       ; конд. комбинат "Витьба", трипод     ; 55.169549; 30.255921;G
$;B;R;VI.; Витебск ; VITEBSK :) ;205; 2085 ;123 ;    ;2000; 2085 ;123456   ;;;;19.07.11; Лазо 131Б           ; ДС Фрунзе, ЦТП N31, мачта           ; 55.200313; 30.269147;G
$;B;R;VI.; Витебск ; VITEBSK :) ;205; 2086 ;123 ;456 ;2000; 2086 ;123456   ;;;;04.06.11; Фрунзе 30А          ; библиотека им. М. Горького, мачта   ; 55.193688; 30.222686;G
$;B;R;VI.; Витебск ; VITEBSK :) ;205; 2087 ;123 ;    ;2000; 2087 ;123      ;;;;13.01.11; 2-я Прибрежная 1    ; меховой комбинат, мачта             ; 55.164643; 30.160684;G
$;B;R;VI.; Витебск ; VITEBSK :) ;205; 2088 ;123 ;456 ;2000; 2088 ;123456   ;;;;09.12.11; 3-я Суражская 18    ; консервный завод, мачта             ; 55.207530; 30.225850;G
$;B;R;VI.; Витебск ; VITEBSK :) ;205; 2089 ;123 ;456 ;2000; 2089 ;1234     ;;;;05.02.11; Гражданская 2       ; общ. №2 ОАО ВЗРД "Монолит",труб-ки  ; 55.181955; 30.192693;G
$;B;R;VI.; Витебск ; VITEBSK :) ;205; 2091 ;123 ;456 ;2000; 2091 ;123 56   ;;;;21.01.11; Леонова 18          ; мачта                               ; 55.196194; 30.179931;G
$;B;R;VI.; Витебск ; VITEBSK :) ;205; 2093 ;123 ;    ;2000; 2093 ;1234 6   ;;;;07.02.11; 1-я Полярная 1Г     ; ВКУПМС "Витебское ПМС", мачта       ; 55.215903; 30.243859;G
$;B;R;VI.; Витебск ; VITEBSK :) ;205; 2094 ;123 ;  6 ;2000; 2094 ;1234 6   ;;;;19.03.11; Правды 61 к. 3      ; общежитие, мачта                    ; 55.180868; 30.239637;G
$;B;R;VI.; Витебск ; VITEBSK :) ;205; 2095 ;123 ;  6 ;2000; 2095 ;123 56   ;;;;17.03.11; Терешковой 7        ; автобусный парк, мачта              ; 55.180139; 30.247904;G
$;B;R;VI.; Витебск ; VITEBSK :) ;205; 2097 ;123 ;456 ;2000; 2097 ;123  6   ;;;;23.02.11; Белорусская 6А      ; КУПП "Витебчанка", трубостойки      ; 55.196198; 30.191100;G
$;B;R;VI.; Витебск ; VITEBSK :) ;205; 2098 ;123 ;456 ;2000; 2098 ;123456   ;;;;30.12.12; К. Маркса 53        ; магазин "Евроопт", мачта            ; 55.186433; 30.168334;G
$;B;R;VI.; Витебск ; VITEBSK :) ;205; 2100 ;123 ;    ;2000; 2100 ;123      ;;;;23.02.11; Ольгово, Центральная; дом быта, мачта                     ; 55.226814; 30.210373;G
$;B;R;VI.; Витебск ; VITEBSK :) ;205; 2101 ;123 ;    ;2000; 2101 ;123456   ;;;;11.05.11; Московский пр. 46   ; центр бытового обслуживания, трипод ; 55.181912; 30.218142;G
$;B;R;VI.; Витебск ; VITEBSK :) ;205; 2103 ;123 ;    ;2000; 2103 ;123  6   ;;;;21.02.11; Лазо 115А           ; ООО "Диполь", мачта                 ; 55.200310; 30.260773;G
$;B;R;VI.; Витебск ; VITEBSK :) ;205; 2105 ;123 ;    ;2000; 2105 ;123456   ;;;;28.04.11;Черняховского 24 к.2А; ТП-305, мачта                       ; 55.175330; 30.205171;G
$;B;R;VI.; Витебск ; VITEBSK :) ;205; 2106 ;123 ;    ;2000; 2106 ;1234     ;;;;04.07.11; Тарный, Заречная 13 ; магазин "Веста" N127, мачта         ; 55.157830; 30.137602;G
$;B;R;VI.; Витебск ; VITEBSK :) ;205; 2107 ;123 ;    ;2000; 2107 ;123 5    ;;;;22.05.11; Ленинградская 91    ; оптовая база ОАО "Веста", мачта     ; 55.204622; 30.165375;G
$;B;R;VI.; Витебск ; VITEBSK :) ;205; 2108 ;123 ;456 ;2000; 2108 ;123      ;;;;06.06.11; 14-я Полоцкая 39    ; магазин "Веста" N81, мачта          ; 55.191299; 30.155044;G
$;B;R;VI.; Витебск ; VITEBSK :) ;205; 2113 ;123 ;    ;2000; 2113 ;123 5    ;;;;01.01.12; Минская             ; столб рядом с УМП-234               ; 55.181490; 30.271304;G
$;B;R;VI.; Витебск ; VITEBSK :) ;205; 2114 ;123 ;    ;2000; 2114 ;123      ;;;;25.12.11; Улановичи-1         ; башня 40м.                          ; 55.223955; 30.168355;G
$;B;R;VI.; Витебск ; VITEBSK :) ;205; 2115 ;123 ;456 ;2000; 2115 ;12345    ;;;;11.04.11; Лазо 2              ; КУСТП "Весна", мачта                ; 55.199184; 30.233506;G
$;B;R;VI.; Витебск ; VITEBSK :) ;205; 2116 ;123 ;    ;2000; 2116 ;123      ;;;;20.05.11; Фрунзе 81           ; завод "Эвистор", мачта              ; 55.195915; 30.258260;G
$;B;R;VI.; Витебск ; VITEBSK :) ;205; 2117 ;123 ;    ;2000; 2117 ;123456   ;;;;14.02.11; Краснофлотская 1А   ; общ. работников БСМП, трубостойки   ; 55.192496; 30.243376;G
$;B;R;VI.; Витебск ; VITEBSK :) ;205; 2118 ;123 ;  6 ;2000; 2118 ;123456   ;;;;26.06.11; пр. Людникова 13    ; ГНУ "ИТА НАН РБ", трипод            ; 55.196516; 30.225370;G
$;B;R;VI.; Витебск ; VITEBSK :) ;205; 2119 ;123 ;    ;2000; 2119 ;123      ;;;;30.04.11; Старобабинич. тр. 2 ; КАУП "Спецавтобаза", мачта          ; 55.159394; 30.261913;G
$;B;R;VI.; Витебск ; VITEBSK :) ;205; 2120 ;123 ;    ;2000; 2120 ;1234 6   ;;;;25.10.11; П. Бровки 19        ; общ. N2 ОАО "Витязь", трубостойки   ; 55.162078; 30.235668;G
$;B;R;VI.; Витебск ; KORONA :)  ;205; 2121 ;    ;45  ;2000; 2121 ;12       ;;;;05.02.13; Бешенковичское ш. 3 ; ТЦ "Корона", внутри                 ; 55.160055; 30.167212;G
$;B;R;VI.; Витебск ; VITEBSK :) ;205; 2123 ;123 ;    ;2000; 2123 ;123  6   ;;;;26.10.12; П. Бровки 35        ;обл. клинический онкодиспансер, мачта; 55.152844; 30.226264;G
$;B;R;VI.; Витебск ; NOVKA :)   ;205; 2124 ;123 ;    ;2000; 2124 ;123  6   ;;;;27.06.13;Новка, Центральная 12; почта 211301, мачта                 ; 55.134986; 30.149011;G
$;B;R;VI.; Витебск ;            ;   ;      ;    ;    ;2000; 2125 ;123      ;;;;29.09.12; П. Бровки 5А        ; магазин "Веста" N146, мачта         ; 55.172217; 30.242094;G
$;B;R;VI.; Витебск ;            ;205; 2126 ;12  ;    ;2000; 2126 ;12       ;;;;08.01.13; Ленина 26А          ; ТРК "MARKO-CITY", внутри            ; 55.191100; 30.203536;G
$;B;R;VI.; Витебск ; NOVKA :)   ;205; 2127 ;123 ;    ;2000; 2127 ;1234     ;;;;27.06.13; Рудаково            ; башня 40м.                          ; 55.143405; 30.168564;G
$;B;R;VI.; Витебск ;            ;205; 2129 ;123 ;    ;2000; 2129 ;123456   ;;;;22.05.14; Богатырёва 7Б       ; стоянка, столб                      ; 55.168145; 30.263655;G
$;B;R;VI.; Витебск ;            ;205; 2130 ;123 ;    ;2000; 2130 ;1  4 6   ;;;;26.03.18; Бешенковичское ш. 50; Витебскэнергоспецремонт, мачта      ; 55.147210; 30.123678;G*
$;B;R;VI.; Витебск ;            ;205; 2131 ;    ;456 ;2000; 2131 ;123456   ;;;;14.01.19; Черняховского 34В   ; ЖЭУ-21, мачта МТС                   ; 55.169080; 30.201148;G
$;B;R;VI.; Витебск ;            ;205; 2132 ;12  ;    ;2000; 2132 ;12 45    ;;;;31.03.18; Московский пр. 130-1; гипермаркет "Евроопт", трипод       ; 55.174998; 30.267400;G
$;B;R;VI.; Витебск ;            ;205; 2132 ;    ;4   ;2000; 2132 ;       8 ;;;;31.03.18; Московский пр. 130-1; гипермаркет "Евроопт", внутри       ; 55.174910; 30.266379;G
$;B;R;VI.; Витебск ;            ;205; 2133 ;    ;4   ;2000; 2133 ;1  4     ;;;;12.01.18; Чкалова 35          ; ТЦ "Greenцентр", внутри             ; 55.162568; 30.208004;G
$;B;R;VI.; Витебск ;            ;205; 2135 ;123 ;    ;2000; 2135 ;123  6   ;;;;15.12.18; 4-я Задорожная 1    ; ДРСУ-144, мачта velcom              ; 55.195806; 30.129522;G
$;B;R;VI.; Витебск ;            ;   ;Repiter;   ;    ;    ;      ;         ;;;;06.02.14; Смоленская 5/11     ; ТЦ "Европа", место 68, репитер      ; 55.182200; 30.231108;G
$;B;R;VI.; Витебск ;            ;   ;Repiter;   ;    ;    ;      ;         ;;;;06.05.14; пр. Победы 15       ; ТРЦ "МЕГА", широкополосный репитер  ; 55.169634; 30.223952;G
$;B;D;VI.; Витебск ; VITEBSK :) ;205; 2046 ;123 ;    ;2000; 2046 ;123      ;;;;24.10.09; Бешенковичское ш. 48; ОАО "Молоко", реш. мачта            ; 55.146225; 30.132875;G
$;B;D;VI.; Витебск ; VITEBSK :) ;205; 2061 ;123 ;    ;2000; 2061 ;123456   ;;;;28.04.16; Мира 13А            ; котельная, труба                    ; 55.195938; 30.237693;G
$;B;D;VI.; Витебск ; VITEBSK :) ;205; 2000 ;    ;456 ;    ;      ;         ;;;;18.07.15; Фрунзе 90А          ; почтовое отделение 210033           ; 55.196440; 30.248261;G
$;B;D;VI.; Витебск ; VITEBSK :) ;205; 2001 ;    ;4   ;    ;      ;         ;;;;18.07.15; Черняховского 19    ; облтелеком, мачта                   ; 55.175112; 30.199211;G
$;B;D;VI.; Витебск ; VITEBSK :) ;205; 2003 ;1   ;4   ;    ;      ;         ;;;;17.07.10; Смоленская 11А      ; фабрика полуфабрикатов, триподы     ; 55.187105; 30.236073;G
$;B;D;VI.; Витебск ; VITEBSK :) ;205; 2003 ;    ; 56 ;    ;      ;         ;;;;18.07.15; Смоленская 11А      ; фабрика полуфабрикатов, триподы     ; 55.187105; 30.236073;G
$;B;D;VI.; Витебск ; VITEBSK :) ;205; 2004 ;    ;456 ;    ;      ;         ;;;;18.07.15; Московский пр. 57А  ; СК по Витебской области, мачта      ; 55.174815; 30.245807;G
$;B;D;VI.; Витебск ; VITEBSK :) ;205; 2005 ;    ;456 ;    ;      ;         ;;;;18.07.15; пр. Людникова 11    ; общежитие ОАО "Красный Октябрь"     ; 55.202490; 30.217016;G
$;B;D;VI.; Витебск ; VITEBSK :) ;205; 2007 ;    ;456 ;    ;      ;         ;;;;18.07.15; М. Горького 62      ; комбинат шелковых тканей            ; 55.172603; 30.153136;G
$;B;D;VI.; Витебск ; VITEBSK :) ;205; 2008 ;    ;  6 ;    ;      ;         ;;;;18.07.15; Гагарина 222Б       ; ОДО "НП-Сервис", мачта              ; 55.229374; 30.255347;G
$;B;D;VI.; Витебск ; VITEBSK :) ;205; 2009 ;    ; 5  ;    ;      ;         ;;;;18.07.15; пр. Победы 7А       ; общ. приборостроит. завода          ; 55.171525; 30.224563;G
$;B;D;VI.; Витебск ; VITEBSK :) ;205; 2010 ;    ;456 ;    ;      ;         ;;;;18.07.15; Лазо 88А            ; общ. завода "Мегом", мачта          ; 55.201079; 30.249116;G
$;B;D;VI.; Витебск ; VITEBSK :) ;205; 2012 ;    ; 56 ;    ;      ;         ;;;;18.07.15; Московский пр. 10   ; облпочта, мачта                     ; 55.182519; 30.206212;G
$;B;D;VI.; Витебск ; VITEBSK :) ;205; 2013 ;    ;4 6 ;    ;      ;         ;;;;18.07.15; Терешковой 22       ; общежитие, мачта                    ; 55.186519; 30.246322;G
$;B;D;VI.; Витебск ; VITEBSK :) ;205; 2014 ;    ; 56 ;    ;      ;         ;;;;18.07.15; П. Бровки 15        ; телезавод, трубостойки              ; 55.167496; 30.239121;G
$;B;D;VI.; Витебск ; VITEBSK :) ;205; 2016 ;    ;4 6 ;    ;      ;         ;;;;18.07.15; Офицерская 4        ; двухэтажное здание, мачта           ; 55.182537; 30.224268;G
$;B;D;VI.; Витебск ; VITEBSK :) ;205; 2017 ;123 ;456 ;2000; 2017 ;123      ;;;;04.07.07; Ленинградская 157А  ; СТО "Мерседес", мачта               ; 55.206306; 30.156123;G
$;B;D;VI.; Витебск ; VITEBSK :) ;205; 2019 ;    ; 5  ;    ;      ;         ;;;;18.07.15; П. Бровки 50        ; СЭЗ "Витебск", мачта                ; 55.158224; 30.235373;G
$;B;D;VI.; Витебск ; VITEBSK :) ;205; 2020 ;    ;45  ;    ;      ;         ;;;;18.07.15; Юрьева Горка        ; РТПС, 2 уровень                     ; 55.193124; 30.166596;G
$;B;D;VI.; Витебск ; VITEBSK :) ;205; 2035 ;    ; 56 ;    ;      ;         ;;;;18.07.15; Воинов-интернац. 1/3; жилой дом, мачта                    ; 55.161293; 30.203041;G
$;B;D;VI.; Витебск ; VITEBSK :) ;205; 2040 ;    ;456 ;    ;      ;         ;;;;18.07.15; Титова 121А         ; УП "ВПК и ТС", труба                ; 55.196930; 30.146297;*
$;B;D;VI.; Витебск ; VITEBSK :) ;205; 2042 ;    ;456 ;    ;      ;         ;;;;18.07.15; Революционная 23    ; магазин "Веста" N72                 ; 55.201970; 30.193337;G
$;B;D;VI.; Витебск ; VITEBSK :) ;205; 2054 ;123 ;    ;    ;      ;         ;;;;18.07.15; Новооршанское шоссе ; ТЭЦ "Южная", труба                  ; 55.156108; 30.244085;G
$;B;D;VI.; Витебск ; VITEBSK :) ;205; 2061 ;    ;456 ;    ;      ;         ;;;;18.07.15; Мира 13А            ; котельная, труба                    ; 55.195938; 30.237693;G
$;B;D;VI.; Витебск ; VITEBSK :) ;205; 2087 ;    ;456 ;    ;      ;         ;;;;18.07.15; 2-я Прибрежная 1    ; меховой комбинат, мачта             ; 55.164643; 30.160684;G
$;B;D;VI.; Витебск ; VITEBSK :) ;205; 2093 ;    ;456 ;    ;      ;         ;;;;18.07.15; 1-я Полярная 1Г     ; ВКУПМС "Витебское ПМС", мачта       ; 55.215903; 30.243859;G
$;B;D;VI.; Витебск ; VITEBSK :) ;205; 2094 ;    ;45  ;    ;      ;         ;;;;18.07.15; Правды 61 к. 3      ; общежитие, мачта                    ; 55.180868; 30.239637;G
$;B;D;VI.; Витебск ; VITEBSK :) ;205; 2095 ;    ;45  ;    ;      ;         ;;;;18.07.15; Терешковой 7        ; автобусный парк, мачта              ; 55.180139; 30.247904;G
$;B;D;VI.; Витебск ; VITEBSK :) ;205; 2100 ;    ;456 ;    ;      ;         ;;;;18.07.15; Ольгово, Центральная; дом быта, мачта                     ; 55.226814; 30.210373;G
$;B;D;VI.; Витебск ; VITEBSK :) ;205; 2118 ;    ;45  ;    ;      ;         ;;;;18.07.15; пр. Людникова 13    ; ГНУ "ИТА НАН РБ", трипод            ; 55.196516; 30.225370;G
$;B;P;VI.; Витебск ;            ;   ;      ;    ;    ;    ;      ;         ;;;;06.05.12; Московский пр. 33   ; ВГУ им. П. М. Машерова              ; 55.177710; 30.226605;
/;Витебская область;;;;;;;;;;;;;;;
$;B;R;VIO; Руба                ;              ;   ;      ;    ;    ;2000; 2104 ;1234 6   ;;;;06.11.11; Витебский р-н    ;Молодёжная 1, магазин "Веста" N82, мачта; 55.295706; 30.311977;G
$;B;R;VIO; Ушачи               ; USHACHI :)   ;215; 2301 ;123 ;    ;    ;      ;         ;;;;23.04.12; Ленинская 25        ; РАЙПО, мачта                        ; 55.179336; 28.613037;G
$;B;R;VIO; Новополоцк          ; NOVOPOLOCK :);215; 2302 ;123 ;    ;2100; 2302 ;12345    ;;;;08.06.09; промзона            ; хоз. цех 018 завода "Полимир", мачта; 55.507468; 28.569925;G
$;B;R;VIO; Боровуха            ; BOROVUHA : ) ;215; 2304 ;123 ;    ;2100; 2304 ;123456   ;;;;18.08.09; Полоцкий р-н       ;Армейская 40, общ. N2 КУП "ЖРЭО", мачта;55.590103; 28.591390;G
$;B;R;VIO; Лепель              ; LEPEL' :)    ;215; 2305 ;123 ;    ;2100; 2305 ;123 56   ;;;;09.05.11; Калинина 95         ; райотдел МЧС, мачта                 ; 54.884930; 28.712180;G
$;B;R;VIO; Новка               ; NOVKA :)     ;205; 2307 ;123 ;    ;2000; 2307 ;123  6   ;;;;28.04.09; Витебский р-н       ; плодоовощной комбинат, мачта 40м.   ; 55.125122; 30.146323;G
$;B;R;VIO; Дубровно            ; DUBROVNO :)  ;215; 2309 ;123 ;    ;2100; 2309 ;123 5    ;;;;04.11.12;пер.Красноармейский 6; Райагропромтехника, мачта           ; 54.573141; 30.700397;G
$;B;R;VIO; Бельняки            ; BELNJAKI :)  ;215; 2310 ;123 ;    ;    ;      ;         ;;;;09.05.11; Чашникский р-н      ; башня 70м.                          ; 54.704846; 29.344582;G
$;B;R;VIO; Замошье             ; ZAMOSHE :)   ;215; 2311 ;123 ;    ;    ;      ;         ;;;;09.05.11; Чашникский р-н      ; башня 50м.                          ; 54.826626; 28.943852;G
$;B;R;VIO; Савин Дуб           ; SAVIN DUB :) ;215; 2312 ;123 ;    ;    ;      ;         ;;;;23.04.12; Лепельский р-н      ; бывший РТПС                         ; 54.927855; 28.415928;G
$;B;R;VIO; Копысь              ; KOPYS :)     ;215; 2313 ;123 ;    ;2100; 2313 ; 23  56  ;;;;31.05.10; Оршанский р-н       ; ОАО "Оршанский КСМ", башня 40м.     ; 54.327702; 30.299556;G
$;B;R;VIO; Константово       ;KONSTANTINOVO :);215; 2314 ;123 ;    ;    ;      ;         ;;;;09.05.11; Сенненский р-н      ; башня 60м.                          ; 54.851646; 30.023226;G
$;B;R;VIO; Парковая            ; PARKOVAJA :) ;215; 2315 ;123 ;    ;    ;      ;         ;;;;09.05.11; Оршанский р-н       ; башня 50м.                          ; 54.594226; 30.028839;G
$;B;R;VIO; Пламя               ; PLAMJA :)    ;215; 2316 ;1237;    ;    ;      ;         ;;;;13.04.10; Сенненский р-н      ; башня 70м.                          ; 54.682772; 29.626084;G
$;B;R;VIO; Серковицы           ; SERKOVICA :) ;215; 2317 ;123 ;    ;    ;      ;         ;;;;09.05.11; Толочинский р-н     ; башня 70м.                          ; 54.554554; 29.728220;G
$;B;R;VIO; Ульяновичи         ;ULIJANOVICHI :);215; 2318 ;123 ;    ;    ;      ;         ;;;;15.04.10; Сенненский р-н      ; опорная мачта 40м.                  ; 54.785057; 29.529000;G
$;B;R;VIO; Тыльцы              ; TYL'CY :)    ;215; 2319 ;123 ;    ;    ;      ;         ;;;;05.05.11; Сенненский р-н      ; P25, башня 50м.                     ; 54.923543; 29.791743;G
$;B;R;VIO; Воропаево           ; VOROPAEVO :) ;215; 2320 ;123 ;    ;    ;      ;         ;;;;13.06.10; Поставский р-н      ; башня 70м.                          ; 55.132291; 27.211659;G
$;B;R;VIO; Ожарцы              ; OZHARCY :)   ;215; 2321 ;123 ;    ;    ;      ;         ;;;;21.06.10; Поставский р-н      ; башня 70м.                          ; 55.032570; 27.017300;G
$;B;R;VIO; Дедково             ; DEDKOVO :)   ;215; 2322 ;123 ;    ;    ;      ;         ;;;;13.06.10; Поставский р-н      ; башня 70м.                          ; 55.249999; 26.858950;G
$;B;R;VIO; Лынтупы             ; LYNTUPY :)   ;215; 2323 ;123 ;    ;    ;      ;         ;;;;27.12.10; Поставский р-н      ; опорная мачта 40м.                  ; 55.055030; 26.305780;G
$;B;R;VIO; Камаи               ; KAMAI :)     ;215; 2324 ;123 ;    ;    ;      ;         ;;;;21.06.10; Поставский р-н      ; башня 70м.                          ; 55.064960; 26.609100;G
$;B;R;VIO; Дедки               ; DEDKI :)     ;215; 2325 ;123 ;    ;    ;      ;         ;;;;13.06.10; Докшицкий р-н       ; башня 70м.                          ; 54.949278; 27.594546;G
$;B;R;VIO; Крипули             ; KRIPULI :)   ;215; 2326 ;123 ;    ;    ;      ;         ;;;;20.04.12; Докшицкий р-н       ; башня 70м.                          ; 54.787177; 27.624780;G
$;B;R;VIO; Дедино              ; DEDINO :)    ;215; 2327 ;123 ;    ;    ;      ;         ;;;;10.04.11; Докшицкий р-н       ; башня 70м.                          ; 54.962161; 27.933586;G
$;B;R;VIO; Березино            ; BEREZINO :)  ;215; 2328 ;123 ;    ;    ;      ;         ;;;;23.04.12; Докшицкий р-н       ; башня 70м.                          ; 54.907405; 28.184007;G
$;B;R;VIO; Прудники            ; PRUDNIKI :)  ;215; 2329 ;123 ;    ;    ;      ;         ;;;;10.04.11; Докшицкий р-н       ; башня 70м.                          ; 54.823115; 27.914464;G
$;B;R;VIO; Земцы               ; ZEMCY :)     ;215; 2330 ;123 ;    ;    ;      ;         ;;;;14.12.10; Шарковщинский р-н   ; башня 70м.                          ; 55.311214; 27.191237;G
$;B;R;VIO; Юльяново            ; UL'JANOVO :) ;215; 2331 ; 23 ;    ;    ;      ;         ;;;;25.09.10; Верхнедвинский р-н  ; опорная мачта                       ; 55.842298; 27.665958;G
$;B;R;VIO; Светличище        ;SVETLICHISCHE :);215; 2332 ;123 ;    ;    ;      ;         ;;;;02.12.10; Полоцкий р-н        ; башня 60м.                          ; 55.461967; 29.140010;G
$;B;R;VIO; Освея               ; OSVEJA :)    ;215; 2333 ;123 ;    ;    ;      ;         ;;;;15.07.11; Верхнедвинский р-н  ; КУПСХП "Освейский", опорная мачта   ; 56.002122; 28.080647;G
$;B;R;VIO; Новый Погост       ;NOVYJ POGOST :);215; 2334 ;123 ;    ;    ;      ;         ;;;;14.12.10; Миорский р-н        ; башня 50м.                          ; 55.501841; 27.476029;G
$;B;R;VIO; Кохановичи          ;KOHANOVICHI :);215; 2335 ;123 ;    ;    ;      ;         ;;;;25.09.10; Верхнедвинский р-н  ; башня 72м.                          ; 55.877481; 28.120542;G
$;B;R;VIO; Заборье             ; ZABOR'E :)   ;215; 2336 ;123 ;456 ;    ;      ;         ;;;;27.03.11; Верхнедвинский р-н  ; башня 72м.                          ; 55.659613; 28.369392;G
$;B;R;VIO; Видзы               ; VIDZY :)     ;215; 2337 ;123 ;    ;    ;      ;         ;;;;14.12.10; Браславский р-н     ; башня МТС 70м.                      ; 55.386659; 26.637718;G
$;B;R;VIO; Вайнюнцы            ; VAJNUNCY :)  ;215; 2338 ;123 ;    ;    ;      ;         ;;;;31.10.10; Браславский р-н     ; башня 70м.                          ; 55.499820; 26.776810;G
$;B;R;VIO; Белевичи            ; BELEVICHI :) ;215; 2339 ;123 ;    ;    ;      ;         ;;;;29.09.10; Глубокский р-н      ; башня 70м.                          ; 55.098065; 27.473736;G
$;B;R;VIO; Морочково           ; MOROCHKOVO :);215; 2340 ;123 ;    ;    ;      ;         ;;;;09.01.11; Россонский  р-н     ; башня 70м.                          ; 55.867390; 28.344020;G
$;B;R;VIO; Горбачево           ;              ;215; 2341 ;12  ;    ;    ;      ;         ;;;;15.08.15; Россонский р-н      ; башня 70м.                          ; 55.962351; 29.051062;G
$;B;R;VIO; Кресты              ; KRESTY :)    ;215; 2342 ;123 ;    ;    ;      ;         ;;;;29.09.10; Россонский р-н      ; башня 70м.                          ; 55.812270; 29.153560;G
$;B;R;VIO; Селявщина          ;SELJAVSCHINA :);215; 2343 ;123 ;    ;    ;      ;         ;;;;02.12.10; Россонский р-н      ; башня 70м.                          ; 55.812926; 28.801205;G
$;B;R;VIO; Клястицы            ; KLJASTICY :) ;215; 2344 ;123 ;    ;    ;      ;         ;;;;02.12.10; Россонский р-н      ; башня 70м.                          ; 55.880956; 28.600493;G
$;B;R;VIO; Шилки               ; SHILKI :)    ;215; 2345 ;123 ;    ;    ;      ;         ;;;;02.11.10; Витебский р-н       ; башня 50м.                          ; 55.011415; 30.057274;G
$;B;R;VIO; Бабиновичи          ;BABINOVICHI :);215; 2346 ;123 ;    ;    ;      ;         ;;;;27.03.11; Лиозненский р-н     ; башня 60м.                          ; 54.829366; 30.578510;G
$;B;R;VIO; Великое село       ;VELIKOE SELO :);215; 2347 ;123 ;    ;    ;      ;         ;;;;11.11.13; Лиозненский р-н     ; Р21, башня 70м.                     ; 55.099120; 30.584010;G!who?
$;B;R;VIO; Дутчино             ; DUDCHINO :)  ;215; 2348 ;123 ;    ;    ;      ;         ;;;;27.09.10; Ушачский р-н        ; башня 50м.                          ; 55.065812; 28.688293;G
$;B;R;VIO; Старина             ; STARINA :)   ;215; 2349 ;123 ;    ;    ;      ;         ;;;;26.12.10; Ушачский р-н        ; мачта 50м.                          ; 55.073770; 28.388030;*
$;B;R;VIO; Мнюто               ; MNUTO :)     ;215; 2350 ;123 ;    ;    ;      ;         ;;;;13.06.10; Глубокский р-н      ; башня 70м.                          ; 55.248280; 27.943760;G
$;B;R;VIO; Узречье             ; UZRECHE :)   ;215; 2352 ;123 ;    ;    ;      ;         ;;;;02.10.10; Глубокский р-н      ; башня 70м.                          ; 55.255642; 27.574000;G
$;B;R;VIO; Краснополье         ;KRASNOPOL'E :);215; 2353 ;123 ;    ;    ;      ;         ;;;;28.09.10; Россонский р-н      ; башня 70м. нефтепровода "Дружба"    ; 55.797388; 29.264044;G
$;B;R;VIO; Мариница            ; MARINICA :)  ;215; 2354 ;123 ;    ;    ;      ;         ;;;;15.07.11; Россонский р-н      ; башня 35м. нефтепровода "Дружба"    ; 55.762599; 29.042817;G
$;B;R;VIO; Ветрино             ; VETRINO :)   ;215; 2355 ;123 ;    ;    ;      ;         ;;;;27.10.10; Полоцкий р-н        ; Р45, башня 50м.                     ; 55.416640; 28.465117;G
$;B;R;VIO; Палюдовичи          ;PALUDOVICHI :);215; 2356 ;123 ;    ;    ;      ;         ;;;;27.10.10; Полоцкий р-н        ; башня 50м.                          ; 55.513805; 28.352349;G
$;B;R;VIO; Захарничи           ;ZAHARNICHI :) ;215; 2357 ;123 ;    ;    ;      ;         ;;;;27.09.10; Полоцкий р-н        ; башня 50м.                          ; 55.551490; 28.862780;G
$;B;R;VIO; Полота              ; POLOTA :)    ;215; 2358 ;123 ;    ;    ;      ;         ;;;;15.07.11; Полоцкий р-н        ; башня 60м.                          ; 55.614951; 29.098283;G
$;B;R;VIO; Сухой Бор           ; SUHOJ BOR :) ;215; 2359 ;123 ;    ;    ;      ;         ;;;;17.02.10; Полоцкий р-н        ; башня                               ; 55.640060; 28.830660;G
$;B;R;VIO; Азино               ; AZINO :)     ;215; 2360 ;123 ;    ;    ;      ;         ;;;;27.09.10; Полоцкий р-н        ; башня 50м.                          ; 55.629247; 28.645949;G
$;B;R;VIO; Струбки             ; STRUBKI :)   ;215; 2361 ;123 ;    ;    ;      ;         ;;;;09.09.10; Полоцкий р-н        ; опорная мачта 40м.                  ; 55.610166; 28.445202;G
$;B;R;VIO; Пашки               ; PASHKI :)    ;215; 2362 ;123 ;    ;    ;      ;         ;;;;27.03.11; Полоцкий р-н        ; башня 50м.                          ; 55.355506; 28.739896;G
$;B;R;VIO; Орша                ;              ;   ;      ;    ;    ;2100; 2364 ;123456   ;;;;06.04.14;Александра Пушкина 12; общежитие                           ; 54.512363; 30.413166;G
$;B;R;VIO; Новополоцк          ; NOVOPOLOCK :);215; 2365 ;    ;456 ;2100; 2365 ;123456   ;;;;27.04.09; Дзержинского 8      ; малосемейный дом, 3 трипода         ; 55.539470; 28.624901;G
$;B;R;VIO; Полоцк              ; POLOCK :)    ;215; 2367 ;123 ;    ;2100; 2367 ;123 56   ;;;;27.08.09; Вологина 116        ; трёхэтажное здание, мачта           ; 55.541481; 28.815074;G
$;B;R;VIO; Полоцк              ; POLOCK :)    ;215; 2368 ;123 ;    ;2100; 2368 ;123456   ;;;;04.06.09; Зыгина 51           ; общежитие молочного комбината, мачта; 55.495593; 28.758561;G
$;B;R;VIO; Полоцк              ; POLOCK :)    ;215; 2369 ;123 ;456 ;2100; 2369 ;123456   ;;;;05.06.11; Тябута 37           ; магазин ритуальных услуг, мачта     ; 55.477656; 28.770291;G
$;B;R;VIO; Полоцк              ; POLOCK :)    ;215; 2370 ;123 ;    ;2100; 2370 ;123456   ;;;;04.10.09; 6-й Гв. Армии 47    ; общежитие N2 ОАО "ПСВ", мачта       ; 55.467504; 28.764252;G
$;B;R;VIO; Новополоцк          ; NOVOPOLOCK :);215; 2375 ;123 ;    ;2100; 2375 ;123  6   ;;;;08.06.09;промзона, Промышленная 3; мачта                            ; 55.522824; 28.593450;G
$;B;R;VIO; Орша                ; ORSHA :)     ;215; 2377 ;123 ;    ;2100; 2377 ;123456   ;;;;13.04.10;Климента Тимирязева 26/2; общежитие ОФУТ, 2 трипода        ; 54.511889; 30.360068;G
$;B;R;VIO; Островно            ; OSTROVNO :)  ;215; 2501 ;123 ;    ;    ;      ;         ;;;;24.10.08; Бешенковичский р-н  ; башня 70м.                          ; 55.140961; 29.843059;G
$;B;R;VIO; Будилово            ; BUDILOVO :)  ;215; 2502 ;123 ;    ;    ;      ;         ;;;;09.01.09; Бешенковичский р-н  ; башня 70м.                          ; 55.107466; 29.718044;G
$;B;R;VIO; Бикложа             ; BIKLOZHA :)  ;215; 2503 ;123 ;    ;    ;      ;         ;;;;24.10.08; Бешенковичский р-н  ; М3, башня 70м.                      ; 55.065368; 29.565212;G*   
$;B;R;VIO; Косаревщина        ;KOSAREVSCHINA :);215;2504 ;1237;    ;    ;      ;         ;;;;18.04.10; Бешенковичский р-н  ; М3, башня 70м.                      ; 55.039177; 29.324254;G
$;B;R;VIO; Бочейково           ; BOCHEJKOVO :);215; 2505 ;123 ;    ;    ;      ;         ;;;;11.11.09; Бешенковичский р-н  ; М3, башня 70м.                      ; 55.017966; 29.140104;G*
$;B;R;VIO; Поречье             ; PORECH'E :)  ;215; 2506 ;123 ;    ;    ;      ;         ;;;;02.12.10; Лепельский р-н      ; М3, башня 70м.                      ; 54.999817; 28.894088;G
$;B;R;VIO; Старое Лядно      ;STAROE LJADNO :);215; 2507 ;123 ;    ;    ;      ;         ;;;;11.11.09; Лепельский р-н      ; башня 70м.                          ; 54.928041; 28.775278;G
$;B;R;VIO; Козлы               ; KOZLY :)     ;215; 2508 ;1237;    ;    ;      ;         ;;;;11.11.09; Лепельский р-н      ; башня 70м.                          ; 54.827485; 28.703239;G
$;B;R;VIO; Черница             ; CHERNICA :)  ;215; 2509 ;123 ;    ;    ;      ;         ;;;;22.05.09; Лепельский р-н      ; М3, башня 70м.                      ; 54.774274; 28.547553;G
$;B;R;VIO; Ствольно            ; STVOLNO :)   ;215; 2510 ;123 ;    ;    ;      ;         ;;;;22.06.09; Лепельский р-н      ; М3, башня 70м.                      ; 54.762937; 28.316633;G
$;B;R;VIO; Кальник             ; KALNIK :)    ;215; 2511 ;123 ;    ;    ;      ;         ;;;;14.03.09; Докшицкий р-н       ; М3, башня 70м.                      ; 54.764357; 28.184739;G
$;B;R;VIO; Бегомль             ; BEGOML :)    ;215; 2512 ;123 ;    ;    ;      ;         ;;;;25.01.09; Докшицкий р-н       ; М3, башня 70м.                      ; 54.738004; 28.090876;G
$;B;R;VIO; Замосточье          ; ZAMOSTOCHE :);215; 2513 ;123 ;    ;    ;      ;         ;;;;14.03.09; Докшицкий р-н       ; М3, башня 70м.                      ; 54.655317; 27.969731;G
$;B;R;VIO; Плоское             ; PLOSKOE :)   ;215; 2514 ;123 ;    ;    ;      ;         ;;;;20.05.11; Толочинский р-н     ; M1, башня 70м.                      ; 54.441569; 29.537000;G
$;B;R;VIO; Заболотье           ; ZABOLOTE :)  ;215; 2515 ;1237;    ;    ;      ;         ;;;;16.05.11; Толочинский р-н     ; М1, башня 70м.                      ; 54.484006; 29.890318;G
$;B;R;VIO; Задровье            ; ZADROVE :)   ;215; 2516 ;123 ;    ;    ;      ;         ;;;;09.02.10; Оршанский р-н       ; М1, башня 70м.                      ; 54.499378; 30.125305;G
$;B;R;VIO; Корово              ; KOROVO :)    ;215; 2517 ;123 ;    ;    ;      ;         ;;;;09.02.10; Оршанский р-н       ; М1, башня 70м.                      ; 54.569112; 30.320581;G
$;B;R;VIO; Обухово             ; OBUHOVO :)   ;215; 2518 ;123 ;    ;    ;      ;         ;;;;09.02.10; Оршанский р-н       ; М1, РТПС                            ; 54.615263; 30.402110;G
$;B;R;VIO; Буда                ; BUDA :)      ;215; 2519 ;123 ;    ;    ;      ;         ;;;;09.02.10; Дубровенский р-н    ; М1, башня 70м.                      ; 54.663500; 30.657100;G
$;B;R;VIO; Шуховцы             ; SHUHOVCY :)  ;215; 2520 ;123 ;    ;    ;      ;         ;;;;09.02.10; Дубровенский р-н    ; М1, граница с РФ, башня 70м.        ; 54.688324; 30.888336;G
$;B;R;VIO; Зубово              ; ZUBOVO :)    ;215; 2521 ;123 ;    ;    ;      ;         ;;;;16.01.11; Оршанский р-н       ; М8, башня УП "МС", трубостойки      ; 54.349790; 30.444500;G
$;B;R;VIO; Заднепровский     ;ZADNEPROVSKIJ :);215; 2522 ;123 ;    ;    ;      ;         ;;;;09.02.10; Оршанский р-н       ; СГЦ, башня МТС 70м.                 ; 54.465546; 30.532432;G
$;B;R;VIO; Иваньково           ; IVANKOVO :)  ;215; 2523 ;123 ;    ;    ;      ;         ;;;;24.11.10; Оршанский р-н       ; М8, башня 70м.                      ; 54.757430; 30.402870;G
$;B;R;VIO; Осипово             ; OSIPOVO :)   ;215; 2524 ;123 ;    ;    ;      ;         ;;;;10.04.10; Лиозненский р-н     ; башня 70м.                          ; 54.905515; 30.391692;G
$;B;R;VIO; Заходники           ; ZAHODNIKI :) ;215; 2525 ;123 ;    ;    ;      ;         ;;;;30.10.09; Витебский р-н       ; М8, башня 70м.                      ; 55.047527; 30.327281;G
$;B;R;VIO; Поляи               ; POLJAI :)    ;215; 2526 ;123 ;    ;    ;      ;         ;;;;26.04.09; Витебский р-н       ; башня "обрубок" 40м.                ; 55.166904; 30.361560;G
$;B;R;VIO; Храповичи           ; HRAPOVICHI :);215; 2527 ;123 ;    ;    ;      ;         ;;;;10.03.09; Витебский р-н       ; башня 70м.                          ; 55.338567; 30.155228;G
$;B;R;VIO; Прудок              ; PRUDOK :)    ;215; 2529 ;123 ;    ;    ;      ;         ;;;;24.10.10; Городокский р-н     ; башня 70м.                          ; 55.488340; 29.972680;G
$;B;R;VIO; Малашенки           ; MALASHENKI :);215; 2530 ;123 ;    ;    ;      ;         ;;;;24.08.09; Городокский р-н     ; М8, башня 70м.                      ; 55.626925; 29.979791;G
$;B;R;VIO; Гурки               ; GURKI :)     ;215; 2531 ;123 ;    ;    ;      ;         ;;;;24.02.10; Городокский р-н     ; М8, башня 70м.                      ; 55.787413; 30.014560;G
$;B;R;VIO; Орша                ; ORSHA :)     ;215; 2532 ;123 ;4   ;2100; 2532 ;1234 6   ;;;;09.02.10; пер. Восточный 17   ; з-д "Легмаш", котельная, выс. труба ; 54.509985; 30.396040;G
$;B;R;VIO; Орша                ; ORSHA :)     ;215; 2535 ;123 ;    ;2100; 2535 ;123  6   ;;;;22.04.10; Ивана Флёрова 6А    ; почта, мачта                        ; 54.488511; 30.425553;G
$;B;R;VIO; Барань              ; BARAN :)     ;215; 2536 ;123 ;    ;2100; 2536 ;123456   ;;;;09.02.10; Оршанский р-н       ; Заречная, котельная, труба          ; 54.479943; 30.322303;G
$;B;R;VIO; Толочин             ; TOLOCHIN :)  ;215; 2537 ;123 ;    ;2100; 2537 ;123456   ;;;;09.02.10; пл. 40 лет Октября 7; РУПС, мачта                         ; 54.409123; 29.691954;G
$;B;R;VIO; Озерцы              ; OZERCY :)    ;215; 2538 ;1237;    ;    ;      ;         ;;;;09.02.10; Толочинский р-н     ; РТПС                                ; 54.434605; 29.777718;G
$;B;R;VIO; Заветное            ; ZAVETNOE :)  ;215; 2539 ;123 ;    ;    ;      ;         ;;;;13.05.10; Сенненский р-н      ; РТПС                                ; 54.834283; 30.297934;G
$;B;R;VIO; Городок             ; GORODOK :)   ;215; 2540 ;123 ;    ;2100; 2540 ;12345    ;;;;15.04.11; Пролетарская 11     ; универмаг, мачта                    ; 55.460289; 29.986087;G
$;B;R;VIO; Лепель              ; LEPEL' :)    ;215; 2545 ;123 ;    ;    ;      ;         ;;;;12.05.08;Борисовский тракт 102; электромеханический завод, мачта    ; 54.874726; 28.677564;G?
$;B;R;VIO; сан. Боровое        ; BOROVOE :)   ;215; 2546 ;123 ;    ;    ;      ;         ;;;;11.11.09; Докшицкий р-н       ; з-д минеральной воды, мачта         ; 54.709329; 28.059654;G
$;B;R;VIO; Полоцк              ; POLOCK :)    ;215; 2548 ;123 ;456 ;2100; 2548 ;123 56   ;;;;12.10.09; Успенская           ; ОАО "ПСВ", трубостойки              ; 55.483851; 28.793085;G
$;B;R;VIO; Полоцк (Ксты)       ; POLOCK :)    ;215; 2549 ;123 ;    ;    ;      ;         ;;;;13.07.16; промзона            ; ОАО "ПСВ", труба                    ; 55.458912; 28.720931;G
$;B;R;VIO; Полоцк              ; POLOCK :)    ;215; 2550 ;    ;456 ;2100; 2550 ;123456   ;;;;12.10.09; Фабрициуса 30       ; Полоцкий КХП, элеватор, трубостойки ; 55.495327; 28.808802;G
$;B;R;VIO; Новополоцк          ; NOVOPOLOCK :);215; 2551 ;123 ; 5  ;2100; 2551 ;123456   ;;;;04.06.09; Я. Коласа 14        ; РУП "Белтелеком", мачта             ; 55.530284; 28.673312;G
$;B;R;VIO; Новополоцк          ; NOVOPOLOCK :);215; 2552 ;123 ;456 ;2100; 2552 ;123456   ;;;;04.06.09; Калинина 5А         ; жилой дом, трубостойки              ; 55.531469; 28.660010;G
$;B;R;VIO; Новополоцк          ; NOVOPOLOCK :);215; 2553 ;123 ;    ;2100; 2553 ;123456   ;;;;04.06.09; Блохина 25А         ; общежитие ЖРЭО                      ; 55.532469; 28.642787;G
$;B;R;VIO; Новополоцк          ; NOVOPOLOCK :);215; 2555 ;123 ; 5  ;2100; 2555 ;123456   ;;;;04.06.09; Молодёжная 166      ; ОАО "Измеритель", мачта             ; 55.516803; 28.682725;G
$;B;R;VIO; Новополоцк          ; NOVOPOLOCK :);215; 2556 ;123 ;    ;    ;      ;         ;;;;08.06.09; промзона            ; завод БВК, труба                    ; 55.542886; 28.568262;G
$;B;R;VIO; Городок             ; GORODOK :)   ;215; 2557 ;123 ;    ;    ;      ;         ;;;;14.04.12; Толкачёва 6         ; СООО "Ланатэкс", мачта              ; 55.471798; 29.975481;G
$;B;R;VIO; Орша                ; ORSHA :)     ;215; 2558 ;123 ;4   ;2100; 2558 ;123  6   ;;;;25.04.11; Мира 78             ; поликлиника N3, мачта               ; 54.514029; 30.392015;G
$;B;R;VIO; Орша                ; ORSHA :)     ;215; 2561 ;123 ;    ;2100; 2561 ;123456   ;;;;09.02.10; Владимира Ленина 184; общежитие ОГМК, 3 трипода           ; 54.536930; 30.444948;G
$;B;R;VIO; Руба                ; RUBA :)      ;215; 2562 ;123 ;    ;    ;      ;         ;;;;31.10.09; Витебский р-н       ; башня внутр. связи ОАО "Доломит"    ; 55.296176; 30.323891;G
$;B;R;VIO; Чашники             ; CHASHNIKI :) ;215; 2563 ;123 ;456 ;    ;      ;         ;;;;05.05.11; Ленинская 7         ; РУЭС                                ; 54.859643; 29.162890;G
$;B;R;VIO; Сенно               ; SENNO :)     ;215; 2565 ;123 ;    ;2100; 2565 ;123 56   ;;;;13.04.10; К. Маркса 10        ; РУПС, мачта                         ; 54.811211; 29.706005;G
$;B;R;VIO; Лиозно              ; LIOZNO :)    ;215; 2569 ;123 ;    ;    ;      ;         ;;;;22.04.10; Добромыслинская 11  ;консервно-овощесушильный завод, труба; 55.009336; 30.796039;G
$;B;R;VIO; Островенец          ; OSTROVENEC :);215; 2573 ;123 ;    ;    ;      ;         ;;;;11.11.09; Ушачский р-н        ; РТПС                                ; 55.244560; 28.641700;G
$;B;R;VIO; Шумилино            ; SHUMILINO :) ;215; 2575 ;123 ;    ;2100; 2575 ;123 56   ;;;;28.05.09; Ленинская 32        ; универмаг, мачта                    ; 55.301020; 29.618700;G!who?
$;B;R;VIO; Добрино             ; DOBRINO :)   ;215; 2576 ;123 ;    ;    ;      ;         ;;;;28.05.09; Шумилинский р-н     ; Р20, РТПС                           ; 55.321563; 29.505500;G
$;B;R;VIO; Поставы             ; POSTAVY :)   ;215; 2579 ;123 ;    ;2100; 2579 ;12345    ;;;;17.04.10; Вокзальная 5        ; админ. здание завода "Белит", мачта ; 55.113639; 26.857195;G
$;B;R;VIO; Докшицы             ; DOKSHICY :)  ;215; 2581 ;123 ;    ;2100; 2581 ;123      ;;;;27.10.10; Черняховского 70    ; ПМК-52, мачта                       ; 54.886470; 27.760210;G
$;B;R;VIO; Глубокое            ; GLUBOKOE :)  ;215; 2583 ;123 ;    ;2100; 2583 ;123456   ;;;;12.03.10; Ленина 7            ; ТЦ "Родны Кут", мачта               ; 55.138370; 27.686716;G
$;B;R;VIO; Россоны             ; ROSSONY :)   ;215; 2584 ;123 ;    ;    ;      ;         ;;;;18.02.10; Советская 2         ; РУЭС, мачта                         ; 55.902790; 28.814600;G
$;B;R;VIO; Миоры               ; MIORY :)     ;215; 2587 ;123 ;    ;2100; 2587 ;1234 6   ;;;;07.05.18; Коммунистическая 18 ; дом быта, мачта                     ; 55.620263; 27.626436;G
$;B;R;VIO; Верхнедвинск       ;VERHNEDVINSK :);215; 2588 ;123 ;    ;2100; 2588 ;12 45    ;;;;25.09.10; Советская 42        ; дом быта "Радуга", мачта            ; 55.781739; 27.933500;G
$;B;R;VIO; Шарковщина        ;SHARKOVSCHINA :);215; 2592 ;123 ;    ;    ;      ;         ;;;;13.06.10; Рабочая 3           ; РТПС                                ; 55.372887; 27.480444;G
$;B;R;VIO; Шарковщина        ;SHARKOVSCHINA :);215; 2593 ;123 ;    ;2100; 2593 ;1234     ;;;;12.03.10; Комсомольская 6     ; РУПС, мачта                         ; 55.365313; 27.467616;G
$;B;R;VIO; Браслав             ; BRASLAV :)   ;215; 2595 ;123 ;    ;2100; 2595 ;         ;;;;17.10.10; Советская 138       ; УЗ "Браславская ЦРБ"                ; 55.641920; 27.020780;G
$;B;R;VIO; Красносельцы        ;KRASNOSELCY :);215; 2596 ;123 ;    ;    ;      ;         ;;;;17.10.10; Браславский р-н     ; РТПС                                ; 55.641583; 26.990318;G
$;B;R;VIO; б/о "Золово"        ; ZOLOVO :)    ;215; 2597 ;123 ;    ;    ;      ;         ;;;;13.06.10; Браславский р-н     ; оз. Золово, опорная мачта           ; 55.522005; 27.074545;G
$;B;R;VIO; Дуниловичи          ;DUNILOVICHI :);215; 2598 ;123 ;    ;    ;      ;         ;;;;18.06.10; Поставский р-н      ; башня УП "МС"                       ; 55.064195; 27.226325;G
$;B;R;VIO; Орша                ;ORSHA :)      ;215; 2599 ;123 ;    ;2100; 2599 ;123456   ;;;;10.03.09;Привокзальная площадь; участок обработки почты, мачта      ; 54.520215; 30.372995;G
$;B;R;VIO; Бешенковичи       ;BESHENKOVICHI :);215; 2600 ;123 ;    ;2100; 2600 ;123  6   ;;;;19.02.11; Советская 36        ; централ. аптека N21, мачта с diallog; 55.043685; 29.458085;G
$;B;R;VIO; Езерище             ; EZERISCHE :) ;215; 2601 ;123 ;    ;    ;      ;         ;;;;18.02.10; Городокский р-н     ; почта, мачта                        ; 55.835224; 29.981433;G
$;B;R;VIO; Новолукомль         ; NOVOLUKOML :);215; 2606 ;123 ;    ;    ;      ;         ;;;;05.05.11; Набережная 9        ; гостиница "Лукомль", мачта          ; 54.658818; 29.142000;G
$;B;R;VIO; Ореховск            ; OREHOVSK :)  ;215; 2608 ;123 ;    ;    ;      ;         ;;;;09.02.10; Оршанский р-н       ; Белорусская ГРЭС, труба             ; 54.694877; 30.492538;G
$;B;R;VIO; Богушевск           ; BOGUSHEVSK :);215; 2609 ;123 ;    ;    ;      ;         ;;;;10.04.10; Сенненский р-н      ; КУПБО "Престиж", дом быта, мачта    ; 54.844008; 30.215606;G
$;B;R;VIO; Октябрьский        ;OKTJABRSKAJA :);205; 2610 ;123 ;    ;2000; 2610 ;123 56   ;;;;09.11.08; Витебский р-н       ; Центральная 2, мачта                ; 55.129447; 30.262131;G
$;B;R;VIO; Орша                ; ORSHA :)     ;215; 2611 ;123 ;    ;2100; 2611 ;1234 6   ;;;;16.04.10; Владимира Ленина 55 ; Оршанское МО Энергонадзора, башня   ; 54.516196; 30.435325;G
$;B;R;VIO; Полоцк              ; POLOCK :)    ;215; 2613 ;123 ;    ;2100; 2613 ;123456   ;;;;12.10.09; Бабушкина 121Б      ; РТПС                                ; 55.473801; 28.828334;G
$;B;R;VIO; Полоцк              ; POLOCK :)    ;215; 2614 ;123 ;    ;2100; 2614 ;123456   ;;;;12.10.09; Евфр. Полоцкой 29   ; общ. фабрики "Мона", 3 трипода      ; 55.495008; 28.769012;G
$;B;R;VIO; Полоцк              ; POLOCK :)    ;215; 2615 ;123 ;    ;2100; 2615 ;123456   ;;;;12.10.09; Октябрьская 25      ; "Дионис", 2 трипода                 ; 55.489060; 28.784805;G
$;B;R;VIO; Степанково          ; STEPANKOVO :);215; 2616 ;123 ;    ;    ;      ;         ;;;;14.10.09; Витебский р-н       ; P20, башня 70м.                     ; 55.240011; 29.960033;G
$;B;R;VIO; Мишутки             ; MISHUTKI :)  ;215; 2623 ;123 ;    ;    ;      ;         ;;;;16.01.11; Витебский р-н       ; башня 70м.                          ; 55.310957; 30.584014;G
$;B;R;VIO; Бригитполье         ;BRIGITPOL'E :);215; 2624 ;123 ;    ;    ;      ;         ;;;;07.01.14; Витебский р-н       ; башня 70м.                          ; 55.434918; 30.768478;G
$;B;R;VIO; Прозороки           ; PROZOROKI :) ;215; 2625 ;123 ;    ;    ;      ;         ;;;;12.03.10; Глубокский р-н      ; РТПС                                ; 55.297204; 28.201628;G
$;B;R;VIO; Подсвилье           ; PODSVILE :)  ;215; 2627 ;123 ;    ;    ;      ;         ;;;;27.10.10; Глубокский р-н      ; Советская 83, льнозавод, мачта      ; 55.134026; 27.967016;G
$;B;R;VIO; Детковцы            ; DETKOVCY :)  ;215; 2628 ;123 ;    ;    ;      ;         ;;;;10.08.11; Браславский р-н     ; башня 70м.                          ; 55.694820; 27.302320;G
$;B;R;VIO; Урбаново            ; URBANOVO :)  ;215; 2629 ;123 ;    ;    ;      ;         ;;;;25.08.11; Миорский р-н        ; мачта 70м. нефтепровода "Дружба"    ; 55.742230; 27.536800;G
$;B;R;VIO; Горбули             ; GORBULI :)   ;215; 2630 ;123 ;    ;    ;      ;         ;;;;25.09.10; Верхнедвинский р-н  ; башня 70м.                          ; 55.839678; 27.886981;G
$;B;R;VIO; Сечёнка             ;              ;215; 2631 ;123 ;    ;    ;      ;         ;;;;11.11.13; Городокский р-н     ; опорная мачта                       ; 55.677748; 30.384315;G
$;B;R;VIO; Фролово             ; FROLOVO :)   ;215; 2632 ;123 ;    ;    ;      ;         ;;;;11.11.13; Городокский р-н     ; башня МТС 70м.                      ; 55.643009; 30.217335;G
$;B;R;VIO; Соколище            ; SOKOLISCHE :);215; 2633 ;123 ;    ;    ;      ;         ;;;;09.01.11; Россонский  р-н     ; башня 70м.                          ; 55.768670; 28.608180;G
$;B;R;VIO; Матюши              ; MATUSHI :)   ;215; 2634 ;123 ;    ;    ;      ;         ;;;;02.12.10; Полоцкий р-н        ; башня 70м.                          ; 55.683714; 28.539970;G
$;B;R;VIO; Сенно               ; SENNO :)     ;215; 2637 ;123 ;    ;    ;      ;         ;;;;13.04.10; пос. Дружба         ; НПС "Сенно" н/п "Дружба", мачта 70м.; 54.785992; 29.721166;G
$;B;R;VIO; Воронино            ; VORONINO :)  ;215; 2638 ;123 ;    ;    ;      ;         ;;;;17.04.10; Сенненский р-н      ; мачта 70м. нефтепровода "Дружба"    ; 54.656925; 29.867887;G
$;B;R;VIO; Запрудье            ; ZAPRUD'E :)  ;215; 2639 ;123 ;    ;    ;      ;         ;;;;13.04.10; Сенненский р-н      ; мачта 70м. нефтепровода "Дружба"    ; 54.863671; 29.606101;G
$;B;R;VIO; Перемонт         ;NOVYJ PEREMONT :);215; 2641 ;123 ;    ;    ;      ;         ;;;;15.07.11; Лиозненский р-н     ; башня 70м.                          ; 54.938511; 30.669961;G
$;B;R;VIO; Зарубы              ; ZARUBY :)    ;215; 2642 ;123 ;    ;    ;      ;         ;;;;11.11.13; Дубровенский р-н    ; башня 70м.                          ; 54.518874; 30.939906;G
$;B;R;VIO; Ольгово             ; OLGOVO :)    ;205; 2646 ;123 ;    ;2000; 2646 ;123      ;;;;19.02.09; Витебский р-н       ; ферма "Ольговское", мачта           ; 55.239192; 30.209838;G
$;B;R;VIO; Лужесно             ; LUZHESNO :)  ;205; 2647 ;123 ;    ;2000; 2647 ;123456   ;;;;18.02.10; Витебский р-н       ; кулинария, мачта                    ; 55.254600; 30.138266;G
$;B;R;VIO; Браслав             ; BRASLAV :)   ;215; 2650 ;123 ;    ;    ;      ;         ;;;;13.06.10; Дзержинского 71     ; "Браславский хлебозавод", мачта     ; 55.648260; 27.047290;G
$;B;R;VIO; Полоцк              ; POLOCK :)    ;215; 2652 ;123 ;    ;2100; 2652 ;123 56   ;;;;04.06.09; Комарова 22         ; кафе "Спасское", мачта              ; 55.509315; 28.773928;G
$;B;R;VIO; Новополоцк          ; NOVOPOLOCK :);215; 2653 ;123 ;    ;2100; 2653 ;123456   ;;;;04.10.09; Олимпийская 2       ;общежитие ОАО "Измеритель", 2 трипода; 55.519136; 28.669065;G
$;B;R;VIO; Старые Крюки        ;STARYE KRUKI :);215;2654 ;123 ;    ;    ;      ;         ;;;;26.09.10; Миорский р-н        ; мачта 70м. нефтепровода "Дружба"    ; 55.665144; 27.829525;G
$;B;R;VIO; Туровля             ; TUROVLJA :)  ;215; 2657 ;123 ;    ;    ;      ;         ;;;;14.10.09; Полоцкий р-н        ; мачта 70м. нефтепровода "Дружба"    ; 55.375610; 28.953210;G
$;B;R;VIO; Мартиново           ; MARTINOVO :) ;215; 2658 ;123 ;    ;    ;      ;         ;;;;22.09.10; Бешенковичский р-н  ; мачта 70м. нефтепровода "Дружба"    ; 55.097516; 29.201016;G
$;B;R;VIO; Орша                ; ORSHA :)     ;215; 2659 ;123 ;    ;2100; 2659 ;123456   ;;;;16.04.10; Новаторов 6         ; мачта                               ; 54.491552; 30.400064;G
$;B;R;VIO; Глыбочка            ; GLYBOCHKA :) ;215; 2661 ;123 ;    ;    ;      ;         ;;;;26.01.10; Ушачский р-н        ; мачта 70м. нефтепровода "Дружба"    ; 55.249280; 29.010820;G
$;B;R;VIO; Замошье             ; ZAMOSHE :)   ;215; 2662 ;123 ;    ;    ;      ;         ;;;;27.06.11; Оршанский р-н       ; мачта 70м. нефтепровода "Дружба"    ; 54.368073; 30.333139;G
$;B;R;VIO; Толочин             ; TOLOCHIN :)  ;215; 2665 ;123 ;    ;2100; 2665 ;1234     ;;;;31.05.10; Октябрьская 25    ;ОАО"Толочинский элеватор",мачта diallog; 54.398881; 29.743010;G
$;B;R;VIO; Орша                ; ORSHA :)     ;215; 2666 ;123 ;  6 ;2100; 2666 ;123      ;;;;22.04.10; Красноармейская 12А ; филиал льнокомбината, мачта         ; 54.499730; 30.433489;G
$;B;R;VIO; Орша                ; ORSHA :)     ;215; 2667 ;123 ;    ;2100; 2667 ;123      ;;;;16.04.10; Молодёжная 3        ; льнокомбинат, мачта                 ; 54.485142; 30.392276;G
$;B;R;VIO; Орша                ; ORSHA :)     ;215; 2669 ;123 ;    ;2100; 2669 ;123      ;;;;25.04.11; Мира 39А            ; ОАО "ОИЗ", 2 трипода                ; 54.519364; 30.404824;G
$;B;R;VIO; Чашники             ; CHASHNIKI :) ;215; 2672 ;123 ;    ;    ;      ;         ;;;;14.04.10; Советская 72        ; ДКУСП "Чашникская ПМК-71", мачта    ; 54.850186; 29.155480;G
$;B;R;VIO; Осинторф            ; OSINTORF :)  ;215; 2673 ;123 ;    ;    ;      ;         ;;;;24.11.10; Дубровенский р-н    ; мачта                               ; 54.713793; 30.648338;G
$;B;R;VIO; Полоцк              ; POLOCK :)    ;215; 2677 ;123 ;    ;2100; 2677 ;123      ;;;;13.11.10;5-й Тростенецкий пер.11;РУП "Полоцкое ПМС мелиоводхоз",мачта; 55.487432; 28.835072;G
$;B;R;VIO; Глубокое            ; GLUBOKOE :)  ;215; 2679 ;123 ;    ;2100; 2679 ;123      ;;;;13.06.10; Красноармейская 84  ; АТП N16, мачта                      ; 55.148807; 27.674963;*
$;B;R;VIO; Поставы             ; POSTAVY :)   ;215; 2680 ;123 ;    ;2100; 2680 ;12345    ;;;;13.06.10; пл.Ленина 7         ; универмаг, мачта                    ; 55.113619; 26.838578;G         
$;B;R;VIO; Поставы             ; POSTAVY :)   ;215; 2681 ;123 ;    ;2100; 2681 ;123  6   ;;;;27.10.10; 17 сентября 90      ; колледж с/x производства, мачта     ; 55.116281; 26.826899;G         
$;B;R;VIO; Поставы             ; POSTAVY :)   ;215; 2682 ;123 ;    ;2100; 2682 ;123 5    ;;;;15.07.11; Станкевича 74       ; башня 40м.                          ; 55.120371; 26.881778;G         ;          ;
$;B;R;VIO; Новополоцк          ; NOVOPOLOCK :);215; 2685 ;123 ;    ;    ;      ;         ;;;;15.07.11; пос. Виторжье       ; стоянка, башня 40м.                 ; 55.560959; 28.585033;G
$;B;R;VIO; Пальминка           ; PAL'MINKA :) ;215; 2686 ;123 ;    ;    ;      ;         ;;;;24.10.10; Городокский р-н     ; опорная мачта                       ; 55.443243; 30.142853;G
$;B;R;VIO; Березняки           ; BEREZNJAKI :);215; 2687 ;123 ;    ;    ;      ;         ;;;;21.05.10; Городокский р-н     ; башня 70м.                          ; 55.422274; 29.757513;G
$;B;R;VIO; Николаево           ; NIKOLAEVO :) ;215; 2688 ;123 ;    ;    ;      ;         ;;;;13.09.10; Шумилинский р-н     ; Р114, башня 70м.                    ; 55.245754; 29.268410;G
$;B;R;VIO; Бабиничи            ; BABINICHI :) ;215; 2689 ;123 ;    ;    ;      ;         ;;;;04.08.10; Витебский р-н       ; агрокомплекс, опорная мачта         ; 55.253126; 30.357856;G
$;B;R;VIO; Глоданки            ; GLODANKI :)  ;215; 2690 ;123 ;    ;    ;      ;         ;;;;07.01.14; Лиозненский р-н     ; башня МТС 70м.                      ; 55.235603; 30.819626;G
$;B;R;VIO; Чиковщина          ;CHIKOVSCHINA :);215; 2691 ;123 ;    ;    ;      ;         ;;;;15.07.11; Лиозненский р-н     ; башня 70м.                          ; 55.032150; 30.572870;G
$;B;R;VIO; Заольша             ; ZAOL'SHA :)  ;215; 2692 ;123 ;    ;    ;      ;         ;;;;20.07.10; Лиозненский р-н     ; башня 70м.                          ; 54.992988; 30.892569;G
$;B;R;VIO; Сураж               ; SURAZH :)    ;215; 2693 ;123 ;    ;    ;      ;         ;;;;07.01.14; Витебский р-н       ; опорная мачта                       ; 55.402139; 30.726829;G
$;B;R;VIO; Улла                ; ULLA :)      ;215; 2694 ;123 ;    ;    ;      ;         ;;;;11.06.11; Бешенковичский р-н  ; мачта                               ; 55.225645; 29.240584;G
$;B;R;VIO; Друя                ; DRUJA :)     ;215; 2695 ;1   ;    ;    ;      ;         ;;;;19.08.11; Браславский р-н     ; опорная мачта                       ; 55.786096; 27.426120;G
$;B;R;VIO; Новый проект        ;NOVYJ PROEKT:);215; 2696 ;123 ;    ;2100; 2696 ;123      ;;;;17.10.10; Браславский р-н     ; б/о "Дривяты", опорная мачта        ; 55.615737; 27.096209;G
$;B;R;VIO; Рудня               ; RUDNJA :)    ;215; 2697 ;123 ;    ;    ;      ;         ;;;;02.12.10; Россонский р-н      ; опорная мачта                       ; 55.731090; 28.841810;G
$;B;R;VIO; Сорочино            ; SOROCHINO :) ;215; 2698 ;123 ;    ;    ;      ;         ;;;;15.05.11; Ушачский р-н        ; Р46, башня 60м.                     ; 55.199256; 28.769991;G
$;B;R;VIO; Оболь               ; OBOL :)      ;215; 2699 ;123 ;    ;    ;      ;         ;;;;28.05.09; Шумилинский р-н     ; ОКЗ, труба                          ; 55.352826; 29.309622;G
$;B;R;VIO; Урбаны              ; URBANY :)    ;215; 2701 ;123 ;    ;    ;      ;         ;;;;27.10.10; Браславский р-н     ; совм? башня 70м.                    ; 55.690041; 26.895041;G
$;B;R;VIO; Парафьяново         ; PARAFIANOVO:);215; 2702 ;123 ;    ;    ;      ;         ;;;;13.06.10; Докшицкий р-н       ; башня 50м.                          ; 54.879107; 27.626886;G
$;B;R;VIO; Крулевщина         ;KRULEVSCHINA :);215; 2703 ;123 ;    ;    ;      ;         ;;;;27.10.10; Докшицкий р-н       ; башня 50м.                          ; 55.006961; 27.767534;G
$;B;R;VIO; Заслоново           ; ZASLONOVO :) ;215; 2704 ;123 ;    ;2100; 2704 ;123 5    ;;;;09.05.11; Лепельский р-н      ; котельная, труба                    ; 54.894094; 28.918621;G
$;B;R;VIO; Заречье             ; ZARECH'E :)  ;215; 2705 ;123 ;    ;    ;      ;         ;;;;02.11.10; Толочинский р-н     ; башня 50м.                          ; 54.337744; 29.523620;G
$;B;R;VIO;Ст. Волосовичи;STARYE VOLOSOVICHI :);215; 2707 ;123 ;    ;    ;      ;         ;;;;09.05.11; Лепельский р-н      ; башня 70м.                          ; 54.747432; 28.870712;G
$;B;R;VIO; Яновичи             ; JANOVICHI :) ;215; 2708 ;123 ;    ;    ;      ;         ;;;;07.01.14; Витебский р-н       ; Лиозненская 4, поселковая больница  ; 55.292129; 30.702879;G
$;B;R;VIO; Бабиничи            ; BABINICHI :) ;215; 2709 ;123 ;    ;    ;      ;         ;;;;02.12.10; Оршанский р-н       ; мачта                               ; 54.428696; 30.441923;G
$;B;R;VIO; Тимошково           ;TIMOSHKOVO :) ;215; 2710 ;123 ;    ;    ;      ;         ;;;;26.09.10; Миорский р-н        ; башня 70м.                          ; 55.634732; 28.042327;G
$;B;R;VIO; Шараги              ; SHARAGI :)   ;215; 2711 ;123 ;    ;    ;      ;         ;;;;14.12.10; Миорский р-н        ; башня 70м.                          ; 55.560420; 28.161600;G
$;B;R;VIO; Лиозно              ; LIOZNO :)    ;215; 2712 ;123 ;    ;    ;      ;         ;;;;22.08.11; Гагарина 86         ; кинотеатр "Свитанок", мачта         ; 55.026657; 30.793629;G
$;B;R;VIO; Браслав             ; BRASLAV :)   ;215; 2713 ;123 ;    ;2100; 2713 ;12345    ;;;;13.06.10; Советская 115       ; ресторан "Озерный", мачта           ; 55.639000; 27.032700;G
$;B;R;VIO; Новополоцк          ;              ;215; 2714 ;123 ;    ;2100; 2714 ;12       ;;;;11.11.13; промзона            ; опорная мачта                       ; 55.534509; 28.531720;G
$;B;R;VIO; Боровка             ; BOROVKA :)   ;215; 2715 ;123 ;    ;2100; 2715 ;1234     ;;;;10.11.10; Лепельский р-н      ; военный санаторий, котельная, труба ; 54.952248; 28.805917;G
$;B;R;VIO; Орша                ; ORSHA :)     ;215; 2717 ;123 ;    ;2100; 2717 ;12345    ;;;;25.04.11; Доминиканская 22    ; склад "Белдрев", 2 трипода          ; 54.505403; 30.409991;G
$;B;R;VIO; Ахремовцы           ; AHREMOVCY :) ;215; 2718 ;123 ;    ;    ;      ;         ;;;;03.10.10; Браславский  р-н    ; котельная, труба                    ; 55.578093; 27.112131;G
$;B;R;VIO; Докшицы             ; DOKSHICY :)  ;215; 2720 ;123 ;    ;    ;      ;         ;;;;23.04.12; Советская 66        ; хлебозавод, мачта                   ; 54.902190; 27.754425;Y*
$;B;R;VIO; Чашники             ; CHASHNIKI :) ;215; 2721 ;123 ;    ;    ;      ;         ;;;;09.05.11; Ленинская 104       ; АТП N9, мачта                       ; 54.846187; 29.175833;G
$;B;R;VIO; Глубокое?           ; GLUBOKOE :)  ;215; 2722 ;123 ;    ;2100; 2722 ; 23      ;;;;27.10.10;                     ; в районе комбикормового завода      ;          ;          ;
$;B;R;VIO; Васильки            ; VASILKI :)   ;215; 2723 ;123 ;    ;    ;      ;         ;;;;17.04.11; Витебский р-н       ; опорная мачта                       ; 55.134618; 29.968018;G
$;B;R;VIO; Малые Летцы         ;MALYE LETCY :);215; 2724 ;123 ;    ;2100; 2724 ;123      ;;;;04.06.11; Витебский р-н       ; санаторий "Летцы", мачта            ; 55.197787; 29.927884;G
$;B;R;VIO; Орша                ; ORSHA :)     ;215; 2725 ;123 ;    ;2100; 2725 ;123  6   ;;;;06.04.14;Владимира Ленина 161А; АТП N8, мачта                       ; 54.530385; 30.444932;G
$;B;R;VIO; Андреевщина         ; ORSHA :)     ;215; 2726 ;123 ;    ;2100; 2726 ;123      ;;;;02.08.11; Оршанский р-н       ; ресторан "Радуга", мачта            ; 54.557665; 30.453682;G
$;B;R;VIO; Орша                ; ORSHA :)     ;215; 2727 ;123 ;456 ;2100; 2727 ;12345    ;;;;25.04.11; Тараса Шевченко 36А ; стоматологическая поликлиника, мачта; 54.521735; 30.431369;G
$;B;R;VIO; Полоцк              ; POLOCK :)    ;215; 2728 ;123 ;456 ;2100; 2728 ;12345    ;;;;19.03.11; Октябрьская 47      ; ОАО "Технолит", мачта               ; 55.491510; 28.776997;G
$;B;R;VIO; Новополоцк          ; NOVOPOLOCK :);215; 2732 ;123 ;    ;2100; 2732 ;123 5    ;;;;12.01.12; Молодёжная 253      ; дисперческая станция, башня 40м.    ; 55.505812; 28.708429;G
$;B;R;VIO; Орша                ; ORSHA :)     ;215; 2733 ;123 ;456 ;2100; 2733 ;1234     ;;;;19.07.11; Комсомольская 2     ; больница N1 им. Семашко, мачта      ; 54.511865; 30.421630;G
$;B;R;VIO; Орша                ; ORSHA :)     ;215; 2734 ;123 ;4   ;2100; 2734 ;1234     ;;;;06.04.14; 1 Мая 129А          ; ТЧУП "Сергеев В", столб             ; 54.543692; 30.428937;G
$;B;R;VIO; Полоцк              ; POLOCK :)    ;215; 2735 ;123 ;456 ;2100; 2735 ;123456   ;;;;12.01.12; Радищева            ; мини-котельная, мачта               ; 55.499341; 28.788855;G
$;B;R;VIO; Новополоцк          ; NOVOPOLOCK :);215; 2736 ;123 ;456 ;2100; 2736 ;123456   ;;;;12.01.12; Молодёжная 94Б      ; хоккейный клуб "Химик", мачта       ; 55.532071; 28.651672;G
$;B;R;VIO; Болбасово           ; BOLBASOVO :) ;215; 2743 ;123 ;    ;2100; 2743 ;123  6   ;;;;11.11.13; Оршанский р-н       ; КУПП ЖКХ "Болбасово", башня 40м.    ; 54.418507; 30.294600;G
$;B;R;VIO; Новополоцк          ; NOVOPOLOCK :);215; 2745 ;123 ;    ;2100; 2745 ;123 5    ;;;;12.03.14; Василевцы           ; башня 40м.                          ; 55.514174; 28.704381;G
$;B;R;VIO; Новополоцк          ;              ;   ;      ;    ;    ;2100; 2747 ;1234 6   ;;;;09.04.14; 8-й мкрн.           ; башня 40м.                          ; 55.506587; 28.692840;G
$;B;R;VIO; Новополоцк          ; NOVOPOLOCK :);215; 2748 ;123 ;    ;2100; 2748 ;123 56   ;;;;12.03.14; Парковая 16         ; башня 40м.                          ; 55.543214; 28.636755;G
$;B;R;VIO; Поставы             ;              ;   ;      ;    ;    ;2100; 2749 ;123 5    ;;;;29.07.14; Зеленая             ; котельная, труба                    ; 55.119085; 26.809135;G
$;B;R;VIO; Полоцк              ;              ;   ;      ;    ;    ;2100; 2750 ;123 56   ;;;;10.08.15; Зыгина 87           ; башня 40м.                          ; 55.501310; 28.746980;G
$;B;R;VIO; Орша                ;              ;   ;      ;    ;    ;2100; 2751 ;123 56   ;;;;06.04.14; Могилёвская 95А     ; магазин "Мерком" N18, мачта         ; 54.489919; 30.436803;G
$;B;R;VIO; Новополоцк          ; NOVOPOLOCK :);215; 2753 ;12  ;    ;2100; 2753 ;123  6   ;;;;02.05.14; Я. Коласа 46        ; гостиница "Дружба"                  ; 55.525502; 28.681204;G
$;B;R;VIO; Орша                ; ORSHA :)     ;215; 2755 ;123 ;    ;2100; 2755 ;123      ;;;;06.04.14; Ивана Мичурина      ; столб                               ; 54.500634; 30.355979;G
$;B;R;VIO; Новолукомль         ; NOVOLUKOML :);215; 2756 ;123 ;    ;2100; 2756 ;1234 6   ;;;;31.10.14; Панчука 5           ; ОАО "Универсалторг", мачта МТС      ; 54.651231; 29.138918;G
$;B;R;VIO; Коханово            ;              ;215; 2759 ;123 ;    ;    ;      ;         ;;;;15.01.19; Толочинский р-н     ; ЦРБ, мачта velcom                   ; 54.453166; 30.007622;G
$;B;R;VIO; Теляки              ; TELJAKI :)   ;   ;      ;    ;    ;    ;      ;         ;;;;06.06.10; Поставский р-н      ; башня 70м.                          ; 55.202880; 26.821270;*
$;B;R;VIO; Межаны?             ;              ;   ;      ;    ;    ;    ;      ;         ;;;;03.06.10; Браславский р-н     ; *новости оператора*                 ;          ;          ;
$;B;R;VIO; Россоны?            ;              ;   ;      ;    ;    ;    ;      ;         ;;;;03.06.13; Машерова            ; *новости оператора*                 ;          ;          ;
$;B;S;VIO; Новолукомль         ;              ;   ;      ;    ;    ;    ;      ;         ;;;;30.10.19; Энергетиков 15      ; горисполком, мачта                  ; 54.654928; 29.142866;G
$;B;D;VIO; Коханово            ; KOHANOVO :)  ;215; 2306 ;123 ;    ;    ;      ;         ;;;;09.02.10; Толочинский р-н     ; экскаваторный завод, мачта          ; 54.450731; 30.023562;G
$;B;D;VIO; Заборье             ; ZABOR'E :)   ;215; 2336 ;    ;456 ;    ;      ;         ;;;;27.05.13; Верхнедвинский р-н  ; башня 70м.                          ; 55.659613; 28.369392;G
$;B;D;VIO; Орша                ; ORSHA :)     ;215; 2532 ;    ; 56 ;    ;      ;         ;;;;09.07.15; пер. Восточный 17   ; з-д "Легмаш", котельная, выс. труба ; 54.509985; 30.396040;G
$;B;D;VIO; Орша                ; ORSHA :)     ;215; 2558 ;    ; 56 ;    ;      ;         ;;;;09.07.15; Мира 78             ; поликлиника N3, мачта               ; 54.514029; 30.392015;G
$;B;D;VIO; Новолукомль         ; NOVOLUKOML :);215; 2607 ;123 ;    ;2100; 2607 ;1234 6   ;;;;05.05.11; Панчука 7           ; завод "Этон"                        ; 54.649840; 29.141150;G
$;B;D;VIO; Орша                ; ORSHA :)     ;215; 2666 ;    ;45  ;    ;      ;         ;;;;09.07.15; Красноармейская 12А ; филиал льнокомбината, мачта         ; 54.499730; 30.433489;G
$;B;D;VIO; Орша                ; ORSHA :)     ;215; 2717 ;    ;456 ;    ;      ;         ;;;;12.04.15; Доминиканская 22    ; склад "Белдрев", 2 трипода          ; 54.505403; 30.409991;G
$;B;D;VIO; Орша                ; ORSHA :)     ;215; 2725 ;    ; 5  ;    ;      ;         ;;;;09.07.15;Владимира Ленина 161А; АТП N8, мачта                       ; 54.530385; 30.444932;G
$;B;D;VIO; Орша                ; ORSHA :)     ;215; 2734 ;    ; 56 ;    ;      ;         ;;;;27.05.18; 1 Мая 129А          ; ТЧУП "Сергеев В", столб             ; 54.543692; 30.428937;G
$;B;D;VIO; Новополоцк          ;              ;   ;      ;    ;    ;2100; 2753 ;1        ;;;;02.05.14; Я. Колоса 46        ; гостиница "Дружба"                  ; 55.525502; 28.681204;G
$;B;P;VIO; Новополоцк          ;              ;   ; 2371 ;    ;    ;    ;      ;         ;;;;15.12.09; Молодёжная 40       ;                                     ;          ;          ;
$;B;P;VIO; Глубокое            ;              ;   ; 2582 ;    ;    ;    ;      ;         ;;;;18.02.10; Полевая 21          ; РУЭС Белтелеком, релейный канал     ; 55.139270; 27.690129;
$;B;P;VIO; Верхнедвинск        ;              ;   ; 2589 ;    ;    ;    ;      ;         ;;;;18.02.10;                     ; рядом с микрухой velcom             ; 55.762700; 27.935766;
$;B;P;VIO; Верхнедвинск        ;              ;   ; 2590 ;    ;    ;    ;      ;         ;;;;18.02.10;                     ; РУЭС Белтелеком, релейный канал     ; 55.780812; 27.932294;
$;B;D;VIO; Новополоцк          ; NOVOPOLOCK :);215; 2551 ;    ;4 6 ;    ;      ;         ;;;;23.07.15; Я. Коласа 14        ; АТС-32, мачта                       ; 55.530284; 28.673312;G
$;B;D;VIO; Новополоцк          ; NOVOPOLOCK :);215; 2555 ;    ;4 6 ;    ;      ;         ;;;;23.07.15; Молодёжная 166      ; завод "Измеритель"                  ; 55.516803; 28.682725;G
$;B;D;VIO; Чашники             ; CHASHNIKI :) ;215; 2563 ;    ;456 ;    ;      ;         ;;;;23.07.15;                     ;                                     ;          ;          ;
$;B;D;VIO; Чашники             ; CHASHNIKI :) ;215; 2672 ;    ;456 ;    ;      ;         ;;;;23.07.15;                     ;                                     ; 54.861694; 29.157332;
$;B;D;VIO; Полоцк              ; POLOCK :)    ;215; 2677 ;    ;456 ;    ;      ;         ;;;;23.07.15;5-й Тростенецкий пер.11;РУП "Полоцкое ПМС мелиоводхоз",мачта; 55.487432; 28.835072;G
