KIND;OPR;STAT;AREA;CITY;CB;LAC;CID;GSM;DCS;3G L; 3G C;  3G S   ;U-L;U900;U-S;DATE; ADDR           ; REM                                                  ; OZIN     ; OZIE     ;LOCK

/;Брест
 ;4;R  ;BR.; Брест               ;;     ;       ;         ;; 2   ; 10     ;         ;     ;        ;         ;  .  .18 ;                     ;                                                      ;          ;          ;

$;4;R  ;BR.; Брест               ;;     ;       ;         ;; 227 ; 100701 ;123      ;     ;        ;         ;08.12.16 ; Машерова пр. 21     ; РУП "Белтелеком", трубостойки МТС                    ; 52.086229; 23.696930;G
$;4;R  ;BR.; Брест               ;;     ;       ;         ;; 227 ; 100702 ;123      ; 227 ; 100702 ; 6  9    ;03.11.17 ; Энгельса 3          ; Горисполком, трубостойки МТС                         ; 52.093072; 23.681341;G
$;4;R  ;BR.; Брест               ;;     ;       ;         ;; 227 ; 100703 ;123      ; 227 ; 100703 ;5 78 :10 ;21.12.16 ; б-р Космонавтов 21  ; БрГУ, триподы МТС                                    ; 52.098502; 23.694119;G
$;4;R  ;BR.; Брест               ;;     ;       ;         ;; 224 ; 100704 ;123      ;     ;        ;         ;23.12.16 ; Пионерская 50       ; корпус 16 ОАО "БЭМЗ", трубостойки МТС                ; 52.098028; 23.730682;G
$;4;R  ;BR.; Брест              ;v;     ;       ;         ;; 224 ; 100704 ;   :52:53;     ;        ;         ;23.12.16 ; Пионерская 50       ; корпус 16 ОАО "БЭМЗ", трубостойки МТС                ; 52.098028; 23.730682;G
$;4;R  ;BR.; Брест               ;;     ;       ;         ;; 220 ; 100705 ;123      ; 220 ; 100705 ; 67 9:10 ;20.01.17 ; Кижеватова 76       ; ж/д больница, отдельные трубостойки                  ; 52.106819; 23.690771;G
$;4;R  ;BR.; Брест              ;v;     ;       ;         ;; 220 ; 100705 ;   :52   ;     ;        ;         ;23.12.16 ; Кижеватова 76       ; ж/д больница, отдельные трубостойки                  ; 52.106819; 23.690771;G
$;4;R  ;BR.; Брест               ;;     ;       ;         ;; 224 ; 100706 ; 23      ;     ;        ;         ;23.12.16 ; Строительная 56     ; ПРУП "БЭТЗ", очистные, трубостойки МТС?              ; 52.116769; 23.739012;G*
$;4;R  ;BR.; Брест               ;;     ;       ;         ;; 220 ; 100707 ;12       ;     ;        ;         ;10.02.17 ; Смирнова 66         ; ОАО "ГСКБ", трубостойки МТС                          ; 52.103187; 23.646710;G
$;4;R  ;BR.; Брест               ;;     ;       ;         ;; 220 ; 100708 ;1 3      ;     ;        ;         ;10.02.17 ; Катин Бор 105       ; ОАО "Брестодежда", трипод МТС?                       ; 52.142687; 23.668748;G*
$;4;R  ;BR.; Брест               ;;     ;       ;         ;; 223 ; 100709 ;1 3      ;     ;        ;         ;10.01.17 ; Суворова 21         ; ОАО "БрестМаш", мачта МТС                            ; 52.064426; 23.741596;G
$;4;R  ;BR.; Брест               ;;     ;       ;         ;; 224 ; 100711 ;123      ;     ;        ;         ;23.12.16 ; Московская 275      ; Дворец культуры профсоюзов, трубостойки МТС          ; 52.099425; 23.769606;G
$;4;R  ;BR.; Брест               ;;     ;       ;         ;; 223 ; 100713 ;12       ; 223 ; 100713 ;56 8     ;19.04.19 ; Варшавский мост     ; погранпереход РБ-Польша, башня МТС 72м?              ; 52.073084; 23.670842;G*
$;4;R  ;BR.; Брест               ;;     ;       ;         ;; 220 ; 100716 ;123      ;     ;        ;         ;17.03.17 ; Поплавского 54      ; ОАО "Брестхлебопродукт", трубостойки МТС             ; 52.097811; 23.665928;G
$;4;R  ;BR.; Брест              ;v;     ;       ;         ;; 220 ; 100716 ;   :52   ;     ;        ;         ;17.03.17 ; Поплавского 54      ; ОАО "Брестхлебопродукт", трубостойки МТС             ; 52.097811; 23.665928;G
$;4;R  ;BR.; Брест               ;;     ;       ;         ;; 224 ; 100720 ;123      ;     ;        ;         ;19.05.19 ; Старые Задворцы     ; Коммерческая 17, СП "Веставто", мачта МТС на земле?  ; 52.131885; 23.772623;G*
$;4;R  ;BR.; Брест               ;;     ;       ;         ;; 224 ; 100721 ;123      ; 224 ; 100721 ; 6  9    ;25.01.17 ; Гоздецкого 11       ; РУСП "Брестжилстрой", отдельные трубостойки          ; 52.112400; 23.785970;G
$;4;R  ;BR.; Брест              ;v;     ;       ;         ;; 224 ; 100721 ;      :53;     ;        ;         ;25.01.17 ; Гоздецкого 11       ; РУСП "Брестжилстрой", отдельные трубостойки          ; 52.112400; 23.785970;G
$;4;R  ;BR.; Брест               ;;     ;       ;         ;; 223 ; 100726 ;123      ; 223 ; 100726 ;56789:10 ;05.05.17 ; Суворова 112        ; общ.N2 УП "Завод Цветотрон", мачта МТС               ; 52.072402; 23.761033;G
$;4;R  ;BR.; Брест              ;v;     ;       ;         ;; 223 ; 100726 ;:51:52:53;     ;        ;         ;05.05.17 ; Суворова 112        ; общ.N2 УП "Завод Цветотрон", мачта МТС               ; 52.072402; 23.761033;G
$;4;R  ;BR.; Брест               ;;     ;       ;         ;; 224 ; 100727 ;123      ; 224 ; 100727 ;56789:10 ;13.02.17 ; Партизанский пр. 30 ; общежитие N2 ОАО "Ковры Бреста", мачта МТС           ; 52.109824; 23.757976;G
$;4;R  ;BR.; Брест              ;v;     ;       ;         ;; 224 ; 100727 ;:51   :53;     ;        ;         ;13.02.17 ; Партизанский пр. 30 ; общежитие N2 ОАО "Ковры Бреста", мачта МТС           ; 52.109824; 23.757976;G
$;4;R  ;BR.; Брест               ;;     ;       ;         ;; 227 ; 100728 ;123      ; 227 ; 100728 ;  7  :10 ;23.12.16 ; Машерова пр. 75/1   ; ОАО "Брестская типография", мачта МТС                ; 52.088839; 23.714010;G
$;4;R  ;BR.; Брест               ;;     ;       ;         ;; 223 ; 100759 ;123      ;     ;        ;         ;28.11.17 ; Жукова 16           ; мкр-н Южный, столб МТС                               ; 52.058981; 23.730660;G
$;4;R  ;BR.; Брест               ;;     ;       ;         ;; 220 ; 100760 ; 23      ;     ;        ;         ;21.12.16 ; Красногвардейская 108/2; Мостотряд-58, мачта МТС                           ; 52.123743; 23.690231;G
$;4;R  ;BR.; Брест               ;;     ;       ;         ;; 223 ; 100774 ;123      ; 223 ; 100774 ;  7  :10 ;10.01.17 ; Луцкая 12           ; здание электроподстанции, мачта МТС                  ; 52.078306; 23.744353;G
$;4;R  ;BR.; Брест               ;;     ;       ;         ;; 227 ; 100776 ;123      ; 227 ; 100776 ; 6 89    ;09.12.16 ; Советская 33        ; РУП "Белтелеком", трубостойки МТС                    ; 52.094719; 23.690750;G
$;4;R  ;BR.; Брест               ;;     ;       ;         ;; 220 ; 100794 ;123      ;     ;        ;         ;26.02.17 ; Белорусская 51      ; ОАО "Брестский завод бытовой химии", трипод МТС?     ; 52.121551; 23.657216;G*
$;4;R  ;BR.; Брест               ;;     ;       ;         ;; 227 ; 100795 ;123      ; 227 ; 100795 ;5  8     ;26.02.17 ; Куйбышева 64        ; вышка Брестской студии телевидения                   ; 52.091827; 23.696558;G
$;4;R  ;BR.; Брест               ;;     ;       ;         ;; 224 ; 101156 ;123      ; 224 ; 101156 ; 6  9    ;29.10.17 ; Мошенского          ; гаражи, столб МТС                                    ; 52.112837; 23.739792;G
$;4;R  ;BR.; Брест              ;v;     ;       ;         ;; 224 ; 101156 ;   :52   ;     ;        ;         ;29.10.17 ; Мошенского          ; гаражи, столб МТС                                    ; 52.112837; 23.739792;G
$;4;R  ;BR.; Брест               ;;     ;       ;         ;; 223 ; 101213 ; 23      ;     ;        ;         ;22.01.17 ; Екельчика           ; башня МТС 40м?                                       ; 52.066027; 23.708579;G
$;4;R  ;BR.; Брест               ;;     ;       ;         ;; 227 ; 101268 ;123      ;     ;        ;         ;22.01.17 ; Машерова пр. 6А     ; БЦ "Цельсий", трипод МТС                             ; 52.086515; 23.679095;G
$;4;R  ;BR.; Брест               ;;     ;       ;         ;; 224 ; 101384 ; 23      ;     ;        ;         ;19.05.19 ; Московская 273В     ; ТЦ "Корона", трубостойки МТС                         ; 52.097331; 23.766799;G
$;4;R  ;BR.; Брест               ;;     ;       ;         ;; 223 ; 101489 ;  3      ; 223 ; 101489 ;        ;29.10.17 ; Луцкая 65           ; жилой дом, трубостойки МТС?                          ; 52.078598; 23.762368;G*
$;4;R  ;BR.; Брест              ;v;     ;       ;         ;; 223 ; 101489 ;      :53;     ;        ;         ;29.10.17 ; Луцкая 65           ; жилой дом, трубостойки МТС?                          ; 52.078598; 23.762368;G*
$;4;R  ;BR.; Брест               ;;     ;       ;         ;; 224 ; 101610 ;123      ;     ;        ;         ;19.05.19 ; Московская 263      ; супермаркет "EUROSPAR", трубостойки МТС              ; 52.097162; 23.754556;G
$;4;R  ;BR.; Брест               ;;     ;       ;         ;; 223 ; 102291 ;1 3      ;     ;        ;         ;10.01.17 ; Гвардейская         ; башня МТС 40м?                                       ; 52.055202; 23.743277;G*
$;4;R  ;BR.; Брест              ;v;     ;       ;         ;; 223 ; 102291 ;:51      ;     ;        ;         ;10.01.17 ; Гвардейская         ; башня МТС 40м?                                       ; 52.055202; 23.743277;G*
$;4;R  ;BR.; Брест               ;;     ;       ;         ;; 227 ; 102701 ;  3      ; 227 ; 102701 ; 67  :10 ;14.12.16 ; Кирова 82           ; общежитие колледжа связи, мачта МТС?                 ; 52.090946; 23.704302;G*
$;4;R  ;BR.; Брест               ;;     ;       ;         ;; 227 ; 102702 ;12       ; 227 ; 102702 ; 6  9    ;14.12.16 ; Дзержинского 3      ; общежитие N1 БрГУ, мачта МТС                         ; 52.088220; 23.687639;G
$;4;R  ;BR.; Брест               ;;     ;       ;         ;; 220 ; 102703 ;123      ; 220 ; 102703 ;5 78 :10 ;20.12.16 ; Орджоникидзе 16/1   ; УП "Белжелдорсервис", мачта МТС                      ; 52.100292; 23.685793;G
$;4;R  ;BR.; Брест              ;v;     ;       ;         ;; 220 ; 102703 ;:51   :53;     ;        ;         ;20.12.16 ; Орджоникидзе 16/1   ; УП "Белжелдорсервис", мачта МТС                      ; 52.100292; 23.685793;G
$;4;R  ;BR.; Брест               ;;     ;       ;         ;; 227 ; 102704 ;123      ; 227 ; 102704 ;56789:10 ;29.10.17 ; Пушкинская 100/1    ; общежитие N4 БрГУ, отдельные трубостойки             ; 52.102035; 23.703710;G
$;4;R  ;BR.; Брест              ;v;     ;       ;         ;; 227 ; 102704 ;:51      ;     ;        ;         ;29.10.17 ; Пушкинская 100/1    ; общежитие N4 БрГУ, отдельные трубостойки             ; 52.102035; 23.703710;G
$;4;R  ;BR.; Брест               ;;     ;       ;         ;; 224 ; 102705 ;123      ; 224 ; 102705 ;5 78     ;21.12.16 ; Молодогвардейская 5 ; общежитие ПО "Снежинка", мачта МТС                   ; 52.103524; 23.753212;G
$;4;R  ;BR.; Брест               ;;     ;       ;         ;; 224 ; 102706 ;123      ; 224 ; 102706 ;5  8     ;20.02.17 ; Московская 348/3    ; ФОК, мачта МТС                                       ; 52.105488; 23.773661;G
$;4;R  ;BR.; Брест               ;;     ;       ;         ;; 224 ; 102707 ;123      ; 224 ; 102707 ;5 78 :10 ;20.02.17 ; Янки Купалы 12/2    ; общежитие "Автомобилист", триподы МТС?               ; 52.103532; 23.729717;G*
$;4;R  ;BR.; Брест               ;;     ;       ;         ;; 220 ; 102708 ;123      ; 220 ; 102708 ; 6  9    ;17.03.17 ; Дубровская 36       ; СООО "БрестВнешТранс", мачта МТС                     ; 52.132500; 23.649420;G
$;4;R  ;BR.; Брест               ;;     ;       ;         ;; 227 ; 102709 ;123      ; 227 ; 102709 ; 6  9:10 ;17.03.17 ; Гоголя 2            ; БТИ, трубостойки МТС?                                ; 52.088695; 23.673857;G*
$;4;R  ;BR.; Брест               ;;     ;       ;         ;; 220 ; 102710 ;123      ;     ;        ;         ;19.01.18 ; ГОБК 53             ; автобаза мед.учреждений, мачта МТС                   ; 52.091234; 23.645600;G
$;4;R  ;BR.; Брест               ;;     ;       ;         ;; 224 ; 102712 ;123      ;     ;        ;         ;10.02.17 ; Ленинградская 15А   ; ЦТП-16, мачта МТС                                    ; 52.109916; 23.767396;G
$;4;R  ;BR.; Брест               ;;     ;       ;         ;; 224 ; 102713 ;123      ;     ;        ;         ;23.12.16 ; Скрипникова 91      ; жилой дом, трубостойки МТС                           ; 52.107017; 23.715555;G
$;4;R  ;BR.; Брест              ;v;     ;       ;         ;; 224 ; 102713 ;:51:52:53;     ;        ;         ;23.12.16 ; Скрипникова 91      ; жилой дом, трубостойки МТС                           ; 52.107017; 23.715555;G
$;4;R  ;BR.; Брест               ;;     ;       ;         ;; 224 ; 102716 ;123      ; 224 ; 102716 ;  7  :10 ;23.12.16 ; Лактионова 11       ; Центральная городская больница, трубостойки МТС      ; 52.097132; 23.785304;G
$;4;R  ;BR.; Брест               ;;     ;       ;         ;; 223 ; 102718 ;123      ;     ;        ;         ;10.12.17 ; Сябровская 107      ; мкр-н Вулька, ЦТП, мачта МТС                         ; 52.069174; 23.721759;G
$;4;R  ;BR.; Брест               ;;     ;       ;         ;; 224 ; 102719 ;123      ;     ;        ;         ;13.02.17 ; 3-й Заводской 34    ; общежитие N4 ОАО "БЭМЗ", трубостойки МТС             ; 52.108007; 23.736054;G
$;4;R  ;BR.; Брест              ;v;     ;       ;         ;; 224 ; 102719 ;:51   :53;     ;        ;         ;13.02.17 ; 3-й Заводской 34    ; общежитие N4 ОАО "БЭМЗ", трубостойки МТС             ; 52.108007; 23.736054;G
$;4;R  ;BR.; Брест               ;;     ;       ;         ;; 223 ; 102720 ;123      ;     ;        ;         ;09.04.17 ; Луцкая 48           ; ТП-456, мачта МТС                                    ; 52.078897; 23.749558;G
$;4;R  ;BR.; Брест               ;;     ;       ;         ;; 227 ; 102721 ;123      ;     ;        ;         ;02.01.17 ; Гоголя 75           ; здание, триподы МТС                                  ; 52.094039; 23.702511;G
$;4;R  ;BR.; Брест               ;;     ;       ;         ;; 224 ; 102722 ;123      ; 224 ; 102722 ;56 89    ;29.10.17 ; Сов.Конституции 1   ; дом быта, мачта МТС                                  ; 52.099386; 23.751131;G
$;4;R  ;BR.; Брест               ;;     ;       ;         ;; 223 ; 102723 ;123      ; 223 ; 102723 ;  78     ;07.12.16 ; Суворова 96/2       ; общежитие N3 УП "Завод Цветотрон", триподы МТС       ; 52.071915; 23.751010;G
$;4;R  ;BR.; Брест              ;v;     ;       ;         ;; 223 ; 102723 ;:51   :53;     ;        ;         ;07.12.16 ; Суворова 96/2       ; общежитие N3 УП "Завод Цветотрон", триподы МТС       ; 52.071915; 23.751010;G
$;4;R  ;BR.; Брест               ;;     ;       ;         ;; 227 ; 102724 ;123      ; 227 ; 102724 ;  7  :10 ;06.12.16 ; Шевченко 6          ; гостиница "Беларусь", трубостойки МТС                ; 52.086070; 23.704483;G
$;4;R  ;BR.; Брест               ;;     ;       ;         ;; 227 ; 102725 ;123      ; 227 ; 102725 ; 6  9    ;29.10.17 ; Карла Маркса 88     ; клуб фабрики "Динамо", трипод МТС                    ; 52.084315; 23.689510;G
$;4;R  ;BR.; Брест               ;;     ;       ;         ;; 223 ; 102726 ;123      ; 223 ; 102726 ;  7  :10 ;12.03.17 ; Рябиновая 4         ; ЦТП, мачта МТС                                       ; 52.067080; 23.729216;G
$;4;R  ;BR.; Брест               ;;     ;       ;         ;; 224 ; 102730 ;123      ; 224 ; 102730 ;56789:10 ;29.10.17 ; Медицинская 7       ; областная больница, мачта МТС                        ; 52.106206; 23.814904;G
$;4;R  ;BR.; Брест               ;;     ;       ;         ;; 220 ; 102764 ;123      ; 220 ; 102764 ; 67 9:10 ;29.10.17 ; Лейтенанта Рябцева  ; СВХ 9-й путь, мачта МТС?                             ; 52.114815; 23.673175;G*
$;4;R  ;BR.; Брест               ;;     ;       ;         ;; 223 ; 102771 ;12       ;     ;        ;         ;20.11.17 ; пер.Учительский 24  ; мкр-н Гершоны, СООО "КСМ-Сервис", мачта МТС          ; 52.044833; 23.704408;G
$;4;R  ;BR.; Брест               ;;     ;       ;         ;; 224 ; 102781 ;1        ;     ;        ;         ;29.10.17 ; Орловская 45        ; ЦТП-2-20, мачта МТС?                                 ; 52.106862; 23.781176;G*
$;4;R  ;BR.; Брест               ;;     ;       ;         ;; 220 ; 104009 ; 23      ;     ;        ;         ;17.03.17 ; Дубровская 17/1     ; общежитие, мачта МТС?                                ; 52.128074; 23.656524;G
$;4;R  ;BR.; Брест               ;;     ;       ;         ;; 220 ; 104017 ;123      ;     ;        ;         ;19.01.18 ; ГОБК 27/2           ; автобаза, мачта МТС                                  ; 52.092496; 23.659497;G
$;4;R  ;BR.; Брест               ;;     ;       ;         ;; 227 ; 104018 ;123      ;     ;        ;         ;09.11.17 ; Дзержинского 52     ; жилой дом, короткая мачта МТС                        ; 52.089284; 23.697746;G
$;4;R  ;BR.; Брест               ;;     ;       ;         ;; 220 ; 104019 ;12       ;     ;        ;         ;28.10.17 ; пер.Красногвардейский 10; трипод МТС                                       ; 52.110250; 23.683394;G
$;4;R  ;BR.; Брест               ;;     ;       ;         ;; 223 ; 104021 ;123      ;     ;        ;         ;11.05.19 ; Защитников Отечества 10А; АТС, мачта МТС                                   ; 52.055913; 23.731826;G
$;4;R  ;BR.; Брест               ;;     ;       ;         ;; 227 ; 104082 ;123      ; 227 ; 104082 ; 6  9    ;29.10.17 ; б-р Космонавтов 75/1; пекарня, короткая мачта МТС                          ; 52.090749; 23.700899;G
$;4;R  ;BR.; Брест               ;;     ;       ;         ;; 220 ; 104084 ;123      ; 220 ; 104084 ;5  8     ;10.02.17 ; Смирнова 100        ; ОАО "Берестейский пекарь", мачта МТС?                ; 52.107402; 23.642410;G*
$;4;R  ;BR.; Брест               ;;     ;       ;         ;; 227 ; 104086 ;123      ; 227 ; 104086 ;  7  :10 ;29.10.17 ; Д.Донского 11       ; ОАО "Металлист", мачта МТС                           ; 52.089183; 23.721886;G
$;4;R  ;BR.; Брест               ;;     ;       ;         ;; 224 ; 104104 ;123      ; 224 ; 104104 ;  7  :10 ;29.10.17 ; Московское шоссе    ; столб МТС?                                           ; 52.103260; 23.789839;G*
$;4;R  ;BR.; Брест               ;;     ;       ;         ;; 224 ; 104109 ;123      ; 224 ; 104109 ;56789:10 ;29.10.17 ; Московская 208      ; БЦ "Брест Деловой", отдельные трубостойки            ; 52.096452; 23.742622;G
$;4;R  ;BR.; Брест               ;;     ;       ;         ;; 223 ; 104247 ;123      ; 223 ; 104247 ;5 78 :10 ;11.10.17 ; Сябровская 88/1     ; котельная, мачта МТС                                 ; 52.065926; 23.723846;G
$;4;R  ;BR.; Брест               ;;     ;       ;         ;; 223 ; 104358 ; 2       ;     ;        ;         ;07.12.16 ; Гвардейская 6А      ; аптека, мачта МТС?                                   ; 52.056045; 23.738659;G*
$;4;R  ;BR.; Брест               ;;     ;       ;         ;; 224 ; 104702 ;123      ; 224 ; 104702 ;56 89    ;20.02.17 ; Московская 267/3    ; общежитие, триподы МТС                               ; 52.094461; 23.760083;G
$;4;R  ;BR.; Брест               ;;     ;       ;         ;; 224 ; 104703 ;123      ;     ;        ;         ;23.12.16 ; Московская 123      ; ЦМТ, триподы МТС                                     ; 52.090317; 23.730567;G
$;4;R  ;BR.; Брест              ;v;     ;       ;         ;; 224 ; 104703 ;:51:52   ;     ;        ;         ;23.12.16 ; Московская 123      ; ЦМТ, триподы МТС                                     ; 52.090317; 23.730567;G
$;4;R  ;BR.; Брест               ;;     ;       ;         ;; 224 ; 104704 ;1        ;     ;        ;         ;23.12.16 ; Калинина 65         ; РУП "Брестская обл.контора пчеловодства", мачта МТС? ; 52.100618; 23.717275;G*
$;4;R  ;BR.; Брест              ;v;     ;       ;         ;; 224 ; 104704 ;:51      ;     ;        ;         ;23.12.16 ; Калинина 65         ; РУП "Брестская обл.контора пчеловодства", мачта МТС? ; 52.100618; 23.717275;G*
$;4;R  ;BR.; Брест               ;;     ;       ;         ;; 220 ; 104705 ;123      ;     ;        ;         ;17.03.17 ; Скрипникова 3       ; база N1 ТПРДУП "Желдорсервис", мачта МТС             ; 52.104197; 23.695711;G
$;4;R  ;BR.; Брест              ;v;     ;       ;         ;; 220 ; 104705 ;:51   :53;     ;        ;         ;17.03.17 ; Скрипникова 3       ; база N1 ТПРДУП "Желдорсервис", мачта МТС             ; 52.104197; 23.695711;G
$;4;R  ;BR.; Брест               ;;     ;       ;         ;; 224 ; 104706 ;123      ;     ;        ;         ;19.12.16 ; Янки Купалы 98      ; УП "Брестская СПМК-132", мачта МТС                   ; 52.110647; 23.751820;G
$;4;R  ;BR.; Брест              ;v;     ;       ;         ;; 224 ; 104706 ;:51      ;     ;        ;         ;19.12.16 ; Янки Купалы 98      ; УП "Брестская СПМК-132", мачта МТС                   ; 52.110647; 23.751820;G
$;4;R  ;BR.; Брест               ;;     ;       ;         ;; 220 ; 104707 ;123      ; 220 ; 104707 ;5  8     ;23.12.16 ; Пригородная 27      ; Брестский гос.проф.лицей строителей, мачта МТС       ; 52.098414; 23.652858;G
$;4;R  ;BR.; Брест               ;;     ;       ;         ;; 223 ; 104709 ;123      ;     ;        ;         ;07.12.16 ; 28 июля 20          ; ЧУП "Промбрис", мачта МТС                            ; 52.075972; 23.736436;G
$;4;R  ;BR.; Брест              ;v;     ;       ;         ;; 223 ; 104709 ;:51      ;     ;        ;         ;07.12.16 ; 28 июля 20          ; ЧУП "Промбрис", мачта МТС                            ; 52.075972; 23.736436;G
$;4;R  ;BR.; Брест               ;;     ;       ;         ;; 224 ; 104711 ;123      ;     ;        ;         ;20.02.07 ; Орловская 41/1      ; ЖЭС-7, мачта МТС                                     ; 52.104405; 23.779283;G
$;4;R  ;BR.; Брест               ;;     ;       ;         ;; 227 ; 104712 ; 23      ; 227 ; 104712 ;5 78 :10 ;03.11.17 ; Пушкинская 65       ; ж/д колледж, мачта МТС                               ; 52.099533; 23.701581;G
$;4;R  ;BR.; Брест               ;;     ;       ;         ;; 224 ; 104713 ;123      ;     ;        ;         ;11.04.17 ; Гаврилова 39        ; ЦТП-3-17, мачта МТС                                  ; 52.111022; 23.774579;G
$;4;R  ;BR.; Брест               ;;     ;       ;         ;; 227 ; 104715 ;123      ;     ;        ;         ;12.12.16 ; Дзержинского 25     ; СДЮШОР-3, трипод МТС                                 ; 52.088297; 23.693825;G
$;4;R  ;BR.; Брест               ;;     ;       ;         ;; 220 ; 104716 ;123      ;     ;        ;         ;10.02.17 ; Лейтенанта Рябцева 110/2; СООО "Осттаможсервис", мачта МТС?                ; 52.144092; 23.681822;G*
$;4;R  ;BR.; Брест               ;;     ;       ;         ;; 224 ; 104719 ;123      ;     ;        ;         ;23.02.17 ; Янки Купалы 110     ; База ОПС, мачта МТС                                  ; 52.114185; 23.769930;G
$;4;R  ;BR.; Брест              ;v;     ;       ;         ;; 224 ; 104719 ;:51      ;     ;        ;         ;19.12.16 ; Янки Купалы 110     ; База ОПС, мачта МТС                                  ; 52.114185; 23.769930;G
$;4;R  ;BR.; Брест               ;;     ;       ;         ;; 223 ; 104021 ; 2       ;     ;        ;         ;11.05.19 ; Защитников Отечества 10А; АТС, мачта МТС                                   ; 52.055913; 23.731826;G
$;4;R  ;BR.; Брест               ;;     ;       ;         ;; 224 ; 104727 ;123      ;     ;        ;         ;20.12.16 ; Московская 332/3    ; столб МТС                                            ; 52.100968; 23.761143;G
$;4;R  ;BR.; Брест               ;;     ;       ;         ;; 227 ; 104728 ;123      ; 227 ; 104728 ;56789:10 ;19.04.19 ; Брестская крепость  ; Госпитальный остров, опорная мачта МТС               ; 52.081781; 23.661229;G
$;4;R  ;BR.; Брест               ;;     ;       ;         ;; 223 ; 104729 ;123      ;     ;        ;         ;07.12.16 ; Ковельская 73       ; напротив трактира "На Ковельской", столб МТС?        ; 52.064412; 23.687632;G*
$;4;R  ;BR.; Брест               ;;     ;       ;         ;; 220 ; 104760 ;123      ;     ;        ;         ;23.12.16 ; Красногвардейская 120; магазин N17 ТПРДУП "Желдорсервис", мачта МТС?       ; 52.129485; 23.694976;G*
$;4;R  ;BR.; Брест               ;;     ;       ;         ;; 220 ; 104776 ; 2       ;     ;        ;         ;20.12.17 ; Солнечная 86        ; ПМК N5, мачта МТС                                    ; 52.112178; 23.644800;G
$;4;R  ;BR.; Брест               ;;     ;       ;         ;; 224 ; 105019 ;  3      ;     ;        ;         ;19.04.19 ; Вычулки 109         ; мкр-н Вычулки, мачта МТС?                            ; 52.096064; 23.808853;G*
$;4;R  ;BR.; Брест               ;;     ;       ;         ;; 223 ; 105052 ;123      ; 223 ; 105052 ;  7  :10 ;24.04.17 ; Краснознаменная     ; светодиодный экран                                   ; 52.076366; 23.720118;G
$;4;R  ;BR.; Брест               ;;     ;       ;         ;; 224 ; 105053 ;123      ; 224 ; 105053 ;5  8     ;16.12.16 ; Высокая 22/1        ; общежитие, трипод МТС                                ; 52.098093; 23.723240;G
$;4;R  ;BR.; Брест              ;v;     ;       ;         ;; 224 ; 105053 ;:51      ;     ;        ;         ;16.12.16 ; Высокая 22/1        ; общежитие, трипод МТС                                ; 52.098093; 23.723240;G
$;4;R  ;BR.; Брест               ;;     ;       ;         ;; 223 ; 105109 ;1 3      ;     ;        ;         ;20.11.17 ; мкр-н Вулька        ; вещевой рынок "Варшавский", мачта МТС7               ; 52.076535; 23.728349;G*
$;4;R  ;BR.; Брест               ;;     ;       ;         ;; 220 ; 105111 ;123      ;     ;        ;         ;17.03.17 ; Фортечная 79        ; магазин, мачта МТС                                   ; 52.115162; 23.691793;G
$;4;R  ;BR.; Брест               ;;     ;       ;         ;; 224 ; 105112 ;1 3      ;     ;        ;         ;13.02.17 ; Вишневая 28А        ; ЦТП, мачта МТС?                                      ; 52.095540; 23.717564;G*
$;4;R  ;BR.; Брест               ;;     ;       ;         ;; 224 ; 105116 ;12       ;     ;        ;         ;13.02.17 ; Московская 323/1    ; мкр-н Восток-6, мачта МТС                            ; 52.101890; 23.785765;G
$;4;R  ;BR.; Брест               ;;     ;       ;         ;; 224 ; 105117 ;1 3      ;     ;        ;         ;20.02.17 ; Гоздецкого 20       ; филиал СУ-116, мачта МТС?                            ; 52.120379; 23.782739;G*
$;4;R  ;BR.; Брест              ;v;     ;       ;         ;; 224 ; 105117 ;      :53;     ;        ;         ;20.02.17 ; Гоздецкого 20       ; филиал СУ-116, мачта МТС?                            ; 52.120379; 23.782739;G*
$;4;R  ;BR.; Брест               ;;     ;       ;         ;; 224 ; 105118 ;123      ; 224 ; 105118 ;5 78 :10 ;20.02.17 ; Янки Купалы 5   ; РУП "Брестская фабрика сувениров "Славянка", мачта МТС?  ; 52.103195; 23.739622;G*
$;4;R  ;BR.; Брест               ;;     ;       ;         ;; 223 ; 105129 ;123      ; 223 ; 105129 ;5 78 :10 ;09.12.16 ; Рябиновая 34/1      ; совм.башня 40м                                       ; 52.070333; 23.733784;G
$;4;R  ;BR.; Брест              ;v;     ;       ;         ;; 223 ; 105129 ;:51   :53;     ;        ;         ;09.12.16 ; Рябиновая 34/1      ; совм.башня 40м                                       ; 52.070333; 23.733784;G
$;4;R  ;BR.; Брест               ;;     ;       ;         ;; 227 ; 105130 ;123      ;     ;        ;         ;17.03.17 ; Горького 31         ; объединение "БрестОблСельСтрой", мачта МТС           ; 52.099839; 23.697672;G
$;4;R  ;BR.; Брест               ;;     ;       ;         ;; 220 ; 105135 ;123      ;     ;        ;         ;20.12.17 ; Дубровская 8/1      ; ЦТП-5-5, мачта МТС                                   ; 52.125658; 23.653386;G
$;4;R  ;BR.; Брест               ;;     ;       ;         ;; 223 ; 105155 ;123      ;     ;        ;         ;20.11.17 ; Ковельское шоссе 90 ; г/к "Южный", башня МТС 40м                           ; 52.054132; 23.741399;G
$;4;R  ;BR.; Брест               ;;     ;       ;         ;; 223 ; 105172 ;123      ; 223 ; 105172 ; 67 9:10 ;19.01.18 ; Республики пр.      ; башня МТС 40м?                                       ; 52.084596; 23.773443;G*
$;4;R  ;BR.; Брест               ;;     ;       ;         ;; 224 ; 105175 ;123      ;     ;        ;         ;16.12.16 ; Плоска 17           ; психиатр.стационар, столб МТС?                       ; 52.129140; 23.718337;G*
$;4;R  ;BR.; Брест               ;;     ;       ;         ;; 223 ; 105191 ;123      ; 223 ; 105191 ;56 89    ;11.10.17 ; Варшавское шоссе    ; башня МТС 40м?                                       ; 52.075649; 23.708207;G*
$;4;R  ;BR.; Брест               ;;     ;       ;         ;; 227 ; 105434 ;123      ;     ;        ;         ;19.01.18 ; Гоголя 5            ; гаражи, мачта МТС?                                   ; 52.088982; 23.679173;G*
$;4;R  ;BR.; Брест               ;;     ;       ;         ;; 224 ; 105481 ;123      ;     ;        ;         ;29.10.17 ; Парковая            ; мкр-н Задворцы, мачта МТС                            ; 52.123707; 23.756657;G
$;4;R  ;BR.; Брест              ;v;     ;       ;         ;; 224 ; 105481 ;   :52   ;     ;        ;         ;29.10.17 ; Парковая            ; мкр-н Задворцы, мачта МТС                            ; 52.123707; 23.756657;G
$;4;R  ;BR.; Брест               ;;     ;       ;         ;; 220 ; 105678 ;123      ;     ;        ;         ;07.12.16 ; ПКиО 1 мая          ; диско-бар, башня МТС                                 ; 52.096190; 23.679850;G
$;4;R  ;BR.; Брест              ;v;     ;       ;         ;; 220 ; 105678 ;:51      ;     ;        ;         ;07.12.16 ; ПКиО 1 мая          ; диско-бар, башня МТС                                 ; 52.096190; 23.679850;G
$;4;R  ;BR.; Брест               ;;     ;       ;         ;; 223 ; 105681 ;123      ;     ;        ;         ;24.04.17 ; Суворова 103А       ; столб МТС                                            ; 52.069431; 23.759209;G
$;4;R  ;BR.; Брест              ;v;     ;       ;         ;; 223 ; 105681 ;:51:52:53;     ;        ;         ;24.04.17 ; Суворова 103А       ; столб МТС                                            ; 52.069431; 23.759209;G
$;4;R  ;BR.; Брест               ;;     ;       ;         ;; 227 ; 105690 ;123      ;     ;        ;         ;09.12.16 ; Карбышева 41        ; Брестский областной агропромышленный союз, мачта МТС ; 52.095273; 23.695573;G
$;4;R  ;BR.; Брест               ;;     ;       ;         ;; 224 ; 105700 ;123      ; 224 ; 105700 ; 6  9    ;29.10.17 ; Орловская 50        ; магазин "Брусничка", мачта МТС                       ; 52.109356; 23.781055;G
$;4;R  ;BR.; Брест               ;;     ;       ;         ;; 227 ; 105702 ;123      ; 227 ; 105702 ; 6  9    ;13.12.16 ; Карла Маркса 37     ; здание быв. кинотеатра "Смена", трубостойки МТС      ; 52.091464; 23.688823;G
$;4;R  ;BR.; Брест               ;;     ;       ;         ;; 223 ; 105703 ;123      ;     ;        ;         ;30.12.16 ; Окт. Революции 2    ; здание гребного канала, трубостойки МТС              ; 52.082237; 23.741510;G
$;4;R  ;BR.; Брест              ;v;     ;       ;         ;; 223 ; 105703 ;   :52:53;     ;        ;         ;30.12.16 ; Окт. Революции 2    ; здание гребного канала, трубостойки МТС              ; 52.082237; 23.741510;G
$;4;R  ;BR.; Брест               ;;     ;       ;         ;; 223 ; 105705 ;123      ; 223 ; 105705 ;5  8     ;14.06.18 ; мкр-н Южный         ; территория ЦТП N1 БКХ, опорная мачта МТС             ; 52.061736; 23.728475;G
$;4;R  ;BR.; Брест               ;;     ;       ;         ;; 227 ; 105706 ;123      ;     ;        ;         ;08.12.16 ; Машерова пр. 17     ; ЦУМ, отдельные трубостойки                           ; 52.085545; 23.694734;G
$;4;R  ;BR.; Брест               ;;     ;       ;         ;; 223 ; 105708 ;123      ; 223 ; 105708 ;  7      ;20.11.17 ; мкр-н Ковалево      ; рынок стройматериалов, мачта МТС                     ; 52.064274; 23.760623;G
$;4;R  ;BR.; Брест              ;v;     ;       ;         ;; 223 ; 105708 ;:51:52:53;     ;        ;         ;20.11.17 ; мкр-н Ковалево      ; рынок стройматериалов, мачта МТС                     ; 52.064274; 23.760623;G
$;4;R  ;BR.; Брест               ;;     ;       ;         ;; 224 ; 105709 ;123      ; 224 ; 105709 ;5  8     ;28.12.16 ; Московская 336/5    ; столб МТС                                            ; 52.104791; 23.763971;G
$;4;R  ;BR.; Брест               ;;     ;       ;         ;; 224 ; 105710 ;12       ; 224 ; 105710 ; 6  9    ;28.12.16 ; Московская 202      ; ТЦ "Европа", трипод МТС?                             ; 52.095234; 23.736103;G*
$;4;R  ;BR.; Брест               ;;     ;       ;         ;; 224 ; 105711 ;123      ;     ;        ;         ;30.01.17 ; Сов. Конституции 21 ; магазин птицефабрики "Медно", мачта МТС              ; 52.106437; 23.753537;G
$;4;R  ;BR.; Брест               ;;     ;       ;         ;; 224 ; 105713 ;123      ;     ;        ;         ;10.02.17 ; Новосельская 21     ; столб МТС                                            ; 52.118957; 23.718162;G
$;4;R  ;BR.; Брест               ;;     ;       ;         ;; 227 ; 105714 ;123      ;     ;        ;         ;09.11.17 ; Набережная 34       ; столб МТС                                            ; 52.085314; 23.713402;G
$;4;R  ;BR.; Брест               ;;     ;       ;         ;; 227 ; 105722 ;123      ; 227 ; 105722 ; 6  9    ;21.12.16 ; Карбышева 25        ; магазин "Сад и огород", мачта МТС                    ; 52.097666; 23.691280;G
$;4;R  ;BR.; Брест               ;;     ;       ;         ;; 227 ; 105723 ;12       ;     ;        ;         ;29.10.17 ; б-р Космонавтов 99А ; ЦТП-1-36, мачта МТС                                  ; 52.088749; 23.701289;G
$;4;R  ;BR.; Брест               ;;     ;       ;         ;; 220 ; 105725 ;123      ;     ;        ;         ;20.12.16 ; пер.Брестских див.6Б; столб МТС                                            ; 52.104915; 23.673713;G
$;4;R  ;BR.; Брест               ;;     ;       ;         ;; 223 ; 105726 ;123      ; 223 ; 105726 ;56789:10 ;09.11.17 ; Волгоградская 19    ; рынок "Ковалево", столб МТС                          ; 52.077479; 23.756027;G
$;4;R  ;BR.; Брест              ;v;     ;       ;         ;; 223 ; 105726 ;:51      ;     ;        ;         ;09.11.17 ; Волгоградская 19    ; рынок "Ковалево", столб МТС                          ; 52.077479; 23.756027;G
$;4;R  ;BR.; Брест               ;;     ;       ;         ;; 220 ; 105761 ;1 3      ;     ;        ;         ;17.03.17 ; Адамковская 58      ; здание ОПС-14, мачта МТС                             ; 52.104927; 23.652958;G
$;4;R  ;BR.; Брест               ;;     ;       ;         ;; 224 ; 105766 ;1 3      ;     ;        ;         ;13.02.17 ; Скрипникова 123     ; Евроопт, мачта МТС                                   ; 52.108529; 23.725699;G
$;4;R  ;BR.; Брест              ;v;     ;       ;         ;; 226 ; 105766 ;:51   :53;     ;        ;         ;13.02.17 ; Скрипникова 123     ; Евроопт, мачта МТС                                   ; 52.108529; 23.725699;G
$;4;R  ;BR.; Брест               ;;     ;       ;         ;; 227 ; 105776 ;123      ;     ;        ;         ;13.12.16 ; Карла Маркса 19     ; Областное объединение профсоюзов, мачта МТС          ; 52.095185; 23.685218;G
$;4;R  ;BR.; Брест               ;;     ;       ;         ;; 220 ; 105777 ;1 3      ;     ;        ;         ;25.01.17 ; Катин Бор 111Б      ; СП "ЕвроТрейд", опорная мачта 40м МТС                ; 52.141706; 23.656198;G
$;4;R  ;BR.; Брест               ;;     ;       ;         ;; 220 ; 105958 ; 2       ; 220 ; 105958 ;5  8     ;20.12.17 ; Комбинатовская 11   ; гаражно-потребительский кооператив, столб МТС?       ; 52.099425; 23.642572;G*
$;4;R  ;BR.; Брест               ;;     ;       ;         ;; 220 ; 105960 ;12       ;     ;        ;         ;20.12.17 ; Смирнова-Клейниковская; башня МТС 40м?                                     ; 52.124423; 23.626481;G*


/;Брестская область
 ;4;R  ;BRO;                     ;;     ;       ;         ;; 2   ; 10     ;         ;     ;        ;         ;  .  .18 ;                     ;                                                      ;          ;          ;

$;4;R  ;BRO; Барановичи          ;;     ;       ;         ;; 222 ; 100700 ; 23      ; 222 ; 100700 ;5  8     ;28.01.17 ; Бадака 19А          ; гараж ПМК-1, мачта МТС?                              ; 53.121757; 25.947593;G*
$;4;R  ;BRO; Барановичи         ;v;     ;       ;         ;; 222 ; 100700 ;:51      ;     ;        ;         ;28.01.17 ; Бадака 19А          ; гараж ПМК-1, мачта МТС?                              ; 53.121757; 25.947593;G*
$;4;R  ;BRO; Кобрин              ;;     ;       ;         ;; 221 ; 100725 ;123      ; 221 ; 100725 ;56 89    ;12.03.17 ; Пролетарская 127    ; завод "СИТОМО", труба                                ; 52.220150; 24.338490;G
$;4;R  ;BRO; Кобрин             ;v;     ;       ;         ;; 221 ; 100725 ;:51:52:53;     ;        ;         ;12.03.17 ; Пролетарская 127    ; завод "СИТОМО", труба                                ; 52.220150; 24.338490;G
$;4;R  ;BRO; Пружаны             ;;     ;       ;         ;; 225 ; 100735 ;12       ;     ;        ;         ;12.03.17 ; Красноармейская 81  ; Завод радиодеталей, мачта МТС?                       ; 52.563920; 24.480470;G*
$;4;R  ;BRO; Каменец             ;;     ;       ;         ;; 221 ; 100737 ;1 3      ;     ;        ;         ;07.09.17 ; Ленина 14           ; столб МТС?                                           ; 52.403423; 23.821037;G*
$;4;R  ;BRO; Ивацевичи           ;;     ;       ;         ;; 225 ; 100742 ;123      ;     ;        ;         ;07.09.17 ; Заводская 33        ; приборостроительный завод, труба                     ; 52.702238; 25.351351;G
$;4;R  ;BRO; Ивацевичи          ;v;     ;       ;         ;; 225 ; 100742 ;:51:52:53;     ;        ;         ;07.09.17 ; Заводская 33        ; приборостроительный завод, труба                     ; 52.702238; 25.351351;G
$;4;R  ;BRO; Ляховичи            ;;     ;       ;         ;; 222 ; 100747 ; 2       ;     ;        ;         ;28.01.17 ; Ленина 64           ; Ляховичский аграрный колледж, мачта МТС?             ; 53.033051; 26.266238;G*
$;4;R  ;BRO; Жабинка             ;;     ;       ;         ;; 224 ; 100750 ;123      ; 224 ; 100750 ;5  8     ;29.10.17 ; Школьная 4          ; Жабинковская дистанция пути, мачта МТС               ; 52.195970; 24.009440;G
$;4;R  ;BRO; Жабинка            ;v;     ;       ;         ;; 224 ; 100750 ;:51   :53;     ;        ;         ;29.10.17 ; Школьная 4          ; Жабинковская дистанция пути, мачта МТС               ; 52.195970; 24.009440;G
$;4;R  ;BRO; Барановичи          ;;     ;       ;         ;; 222 ; 100752 ;123      ; 222 ; 100752 ; 67 9:10 ;28.01.17 ; Промышленная 33     ; Завод автоматических линий, трипод МТС?              ; 53.160699; 26.019208;G*
$;4;R  ;BRO; Барановичи         ;v;     ;       ;         ;; 222 ; 100752 ;:51      ;     ;        ;         ;28.01.17 ; Промышленная 33     ; Завод автоматических линий, трипод МТС?              ; 53.160699; 26.019208;G*
$;4;R  ;BRO; Барановичи          ;;     ;       ;         ;; 222 ; 100753 ;123      ; 222 ; 100753 ;  7  :10 ;28.01.17 ; Советская 82        ; гостиница "Горизонт", трубостойки МТС                ; 53.132498; 26.015598;G
$;4;R  ;BRO; Барановичи          ;;     ;       ;         ;; 222 ; 100754 ;123      ; 222 ; 100754 ;56789:10 ;11.06.17 ; Ленина 30           ; общежитие РУПП "Баравчанка", мачта МТС               ; 53.132341; 26.036396;G
$;4;R  ;BRO; Барановичи         ;v;     ;       ;         ;; 222 ; 100754 ;:51:52:53;     ;        ;         ;11.06.17 ; Ленина 30           ; общежитие РУПП "Баравчанка", мачта МТС               ; 53.132341; 26.036396;G
$;4;R  ;BRO; Барановичи          ;;     ;       ;         ;; 222 ; 100755 ;123      ; 222 ; 100755 ;    9    ;28.01.17 ; Фабричная 7         ; БПХО, трубостойки МТС?                               ; 53.147600; 26.045140;G*
$;4;R  ;BRO; Барановичи         ;v;     ;       ;         ;; 222 ; 100755 ;:51:52:53;     ;        ;         ;28.01.17 ; Фабричная 7         ; БПХО, трубостойки МТС?                               ; 53.147600; 26.045140;G*
$;4;R  ;BRO; Барановичи          ;;     ;       ;         ;; 222 ; 100758 ;123      ; 222 ; 100758 ;  7  :10 ;28.01.17 ; Циолковского 4      ; общежитие ГАП-4, мачта МТС                           ; 53.133648; 26.06781 ;G
$;4;R  ;BRO; Барановичи         ;v;     ;       ;         ;; 222 ; 100758 ;:51:52:53;     ;        ;         ;28.01.17 ; Циолковского 4      ; общежитие ГАП-4, мачта МТС                           ; 53.133648; 26.06781 ;G
$;4;R  ;BRO; Кобрин              ;;     ;       ;         ;; 221 ; 100775 ;123      ; 221 ; 100775 ;  7  :10 ;12.03.17 ; Ленина 6            ; швейная фирма "ЛОНА", мачта МТС                      ; 52.211823; 24.357273;G
$;4;P  ;BRO; Малорита            ;;     ;       ;         ;; 221 ; 100782 ;         ;     ;        ;         ;07.09.17 ;                     ; *сайт МТС*                                           ;          ;          ;
$;4;R  ;BRO; Дрогичин            ;;     ;       ;         ;; 221 ; 100783 ;123      ;     ;        ;         ;14.03.18 ; Ленина 204          ; РУПП "Экзон-Глюкоза", труба?                         ; 52.176760; 25.183410;G*
$;4;R  ;BRO; Дрогичин           ;v;     ;       ;         ;; 221 ; 100783 ;      :53;     ;        ;         ;14.03.18 ; Ленина 114          ; столовая-ресторан "Ивушка", мачта МТС? *питон*       ; 52.186285; 25.152180;G*w
$;4;P  ;BRO; Малорита            ;;     ;       ;         ;; 221 ; 100784 ;         ;     ;        ;         ;07.09.17 ;                     ; *сайт МТС*                                           ;          ;          ;
$;4;R  ;BRO; Иваново             ;;     ;       ;         ;; 226 ; 100785 ;1        ;     ;        ;         ;10.04.17 ;                     ; РТПС возле ст. Янов-Полесский                        ; 52.121095; 25.565425;G
$;4;R  ;BRO; Иваново             ;;     ;       ;         ;; 226 ; 100793 ;12       ;     ;        ;         ;14.03.18 ; Ленина 11           ; дом быта, мачта МТС?                                 ; 52.144607; 25.534435;G*
$;4;R  ;BRO; Дрогичин            ;;     ;       ;         ;; 221 ; 100796 ;123      ; 221 ; 100796 ;  7  :10 ;14.03.18 ; Ленина 114          ; столовая-ресторан "Ивушка", мачта МТС? *питон*       ; 52.186285; 25.152180;G*w
$;4;R  ;BRO; Дрогичин           ;v;     ;       ;         ;; 221 ; 100796 ;:51:52:53;     ;        ;         ;14.03.18 ; Ленина 114          ; столовая-ресторан "Ивушка", мачта МТС? *питон*       ; 52.186285; 25.152180;G*w
$;4;R  ;BRO; Ганцевичи           ;;     ;       ;         ;; 225 ; 100799 ;12       ;     ;        ;         ;14.03.18 ; Октябрьская 10      ; дом быта, мачта МТС?                                 ; 52.761793; 26.425502;G*
$;4;R  ;BRO; Пинск               ;;     ;       ;         ;; 226 ; 100932 ; 2       ; 226 ; 100932 ; 67  :10 ;10.04.17 ; Первомайская 191    ; больница, мачта МТС                                  ; 52.146080; 26.091470;G
$;4;R  ;BRO; Пинск               ;;     ;       ;         ;; 226 ; 100933 ; 23      ;     ;        ;         ;10.04.17 ; Калиновского 18     ; труба КСИ                                            ; 52.128790; 26.038460;G
$;4;R  ;BRO; Пинск              ;v;     ;       ;         ;; 226 ; 100933 ;      :53;     ;        ;         ;10.04.17 ; Калиновского 18     ; труба КСИ                                            ; 52.128790; 26.038460;G
$;4;R  ;BRO; Пинск               ;;     ;       ;         ;; 226 ; 100934 ;  3      ;     ;        ;         ;24.06.17 ; Заслонова 15        ; РУЭC, констр.?                                       ; 52.115550; 26.108950;G*w
$;4;R  ;BRO; Пинск              ;v;     ;       ;         ;; 226 ; 100934 ;   :52   ;     ;        ;         ;24.06.17 ; Заслонова 15        ; РУЭC, констр.?                                       ; 52.115550; 26.108950;G*w
$;4;R  ;BRO; Лунинец             ;;     ;       ;         ;; 226 ; 100937 ;123      ; 226 ; 100937 ;5  8     ;14.03.18 ; Красная 1           ; райисполком, мачта МТС                               ; 52.245660; 26.797430;G
$;4;R  ;BRO; Лунинец            ;v;     ;       ;         ;; 226 ; 100937 ;:51      ;     ;        ;         ;10.04.17 ; Красная 1           ; райисполком, мачта МТС                               ; 52.245660; 26.797430;G
$;4;R  ;BRO; Пинск               ;;     ;       ;         ;; 226 ; 100939 ;123      ;     ;        ;         ;10.04.17 ; Базовая 16          ; Нефтебаза, мачта МТС?                                ; 52.129950; 26.128915;G*
$;4;R  ;BRO; Пинск              ;v;     ;       ;         ;; 226 ; 100939 ;      :53;     ;        ;         ;10.04.17 ; Базовая 16          ; Нефтебаза, мачта МТС?                                ; 52.129950; 26.128915;G*
$;4;R  ;BRO; Дрогичин            ;;     ;       ;         ;; 221 ; 101121 ;123      ;     ;        ;         ;12.03.17 ; Ленина 2            ; столб МТС?                                           ; 52.188608; 25.125572;G
$;4;R  ;BRO; Дрогичин           ;v;     ;       ;         ;; 221 ; 101121 ;:51:52:53;     ;        ;         ;12.03.17 ; Ленина 2            ; столб МТС?                                           ; 52.188608; 25.125572;G
$;4;P  ;BRO; Малорита            ;;     ;       ;         ;; 221 ; 101132 ;         ;     ;        ;         ;07.09.17 ;                     ; *сайт МТС*                                           ;          ;          ;
$;4;R  ;BRO; Ляховичи            ;;     ;       ;         ;; 222 ; 101141 ;1 3      ;     ;        ;         ;28.01.17 ; Орловского, 6А      ; СТО, мачта МТС                                       ; 53.041842; 26.245619;G
$;4;R  ;BRO; Ляховичи           ;v;     ;       ;         ;; 222 ; 101141 ;:51   :53;     ;        ;         ;28.01.17 ; Орловского, 6А      ; СТО, мачта МТС                                       ; 53.041842; 26.245619;G
$;4;R  ;BRO; Ивацевичи           ;;     ;       ;         ;; 225 ; 101216 ;         ;     ;        ;         ;07.09.17 ; М.Танка 13          ; опорная мачта МТС                                    ; 52.708510; 25.317250;Y
$;4;R  ;BRO; Ивацевичи          ;v;     ;       ;         ;; 225 ; 101216 ;   :52   ;     ;        ;         ;07.09.17 ; М.Танка 13          ; опорная мачта МТС                                    ; 52.708510; 25.317250;Y
$;4;R  ;BRO; Кобрин              ;;     ;       ;         ;; 221 ; 101249 ;123      ;     ;        ;         ;12.03.17 ; Дзержинского 78/Х   ; промышленное здание, мачта МТС                       ; 52.193301; 24.333328;G
$;4;R  ;BRO; Барановичи          ;;     ;       ;         ;; 222 ; 101286 ;12       ; 222 ; 101286 ;5  8     ;05.05.18 ; Фестивальная 16А    ; магазин Златка, мачта МТС                            ; 53.125080; 26.062818;G
$;4;R  ;BRO; Барановичи         ;v;     ;       ;         ;; 222 ; 101286 ;:51   :53;     ;        ;         ;28.01.17 ; Фестивальная 16А    ; магазин Златка, мачта МТС                            ; 53.125080; 26.062818;G
$;4;R  ;BRO; Ивацевичи           ;;     ;       ;         ;; 225 ; 101319 ;         ;     ;        ;         ;07.09.17 ; Клютко 14           ; Барановичхлебпродукт, Ивацевичский ПУ, столб МТС?    ; 52.711330; 25.351400;G
$;4;R  ;BRO; Ивацевичи          ;v;     ;       ;         ;; 225 ; 101319 ;   :52   ;     ;        ;         ;07.09.17 ; Клютко 14           ; Барановичхлебпродукт, Ивацевичский ПУ, столб МТС?    ; 52.711330; 25.351400;G
$;4;R  ;BRO; Барановичи          ;;     ;       ;         ;; 222 ; 101487 ;123      ; 222 ; 101487 ;  789:10 ;28.01.17 ; Фроленкова, 7в      ; почта, мачта МТС                                     ; 53.128241; 26.043906;Y
$;4;R  ;BRO; Барановичи         ;v;     ;       ;         ;; 222 ; 101487 ;:51      ;     ;        ;         ;28.01.17 ; Фроленкова, 7в      ; почта, мачта МТС                                     ; 53.128241; 26.043906;Y
$;4;R  ;BRO; Жабинка             ;;     ;       ;         ;; 224 ; 101758 ;123      ;     ;        ;         ;29.10.17 ; Калинина 1          ; Сахарный завод, трипод МТС                           ; 52.186417; 23.975500;G
$;4;R  ;BRO; Жабинка            ;v;     ;       ;         ;; 224 ; 101758 ;   :52:53;     ;        ;         ;29.10.17 ; Калинина 1          ; Сахарный завод, трипод МТС                           ; 52.186417; 23.975500;G
$;4;R  ;BRO; Ляховичи            ;;     ;       ;         ;; 222 ; 101987 ;         ;     ;        ;         ;28.01.17 ; ?                   ; новая БС в центре города?                            ;          ;          ;
$;4;R  ;BRO; Ляховичи           ;v;     ;       ;         ;; 222 ; 101987 ;      :53;     ;        ;         ;28.01.17 ; ?                   ; новая БС в центре города?                            ;          ;          ;
$;4;R  ;BRO; Кобрин              ;;     ;       ;         ;; 221 ; 102727 ; 23      ;     ;        ;         ;12.03.17 ; Штабная 6           ; военный городок, общежитие, мачта МТС                ; 52.231262; 24.379017;G
$;4;R  ;BRO; Кобрин              ;;     ;       ;         ;; 221 ; 102729 ;123      ; 221 ; 102729 ;5 78 :10 ;24.04.17 ; Дзержинского 83     ; мачта МТС?                                           ; 52.198536; 24.343675;G*
$;4;R  ;BRO; Пружаны             ;;     ;       ;         ;; 225 ; 102731 ; 2       ;     ;        ;         ;12.03.17 ; Советская 8         ; Дворец культуры, мачта МТС?                          ; 52.559115; 24.457245;G*
$;4;R  ;BRO; Береза              ;;     ;       ;         ;; 225 ; 102740 ;123      ; 225 ; 102740 ; 6 89:10 ;07.09.17 ; Ленина 61           ; ресторан "Береза", мачта МТС                         ; 52.534075; 24.984750;G 
$;4;R  ;BRO; Береза             ;v;     ;       ;         ;; 225 ; 102740 ;:51   :53;     ;        ;         ;07.09.17 ; Ленина 61           ; ресторан "Береза", мачта МТС                         ; 52.534075; 24.984750;G 
$;4;R  ;BRO; Ивацевичи           ;;     ;       ;         ;; 225 ; 102744 ; 23      ; 225 ; 102744 ;    9:10 ;07.09.17 ; Ленина 57           ; Дом культуры, мачта МТС                              ; 52.713062; 25.342938;G
$;4;R  ;BRO; Ивацевичи          ;v;     ;       ;         ;; 225 ; 102744 ;   :52:53;     ;        ;         ;07.09.17 ; Ленина 57           ; Дом культуры, мачта МТС                              ; 52.713062; 25.342938;G
$;4;R  ;BRO; Барановичи          ;;     ;       ;         ;; 222 ; 102750 ;123      ; 222 ; 102750 ;56 89    ;28.01.17 ; Глинки 44           ; почта, мачта МТС                                     ; 53.136482; 25.982717;G
$;4;R  ;BRO; Барановичи         ;v;     ;       ;         ;; 222 ; 102750 ;   :52   ;     ;        ;         ;28.01.17 ; Глинки 44           ; почта, мачта МТС                                     ; 53.136482; 25.982717;G
$;4;R  ;BRO; Барановичи          ;;     ;       ;         ;; 222 ; 102751 ;123      ;     ;        ;         ;28.01.17 ; Чкалова 2           ; детская поликлиника, мачта МТС                       ; 53.130123; 26.025018;G
$;4;R  ;BRO; Барановичи         ;v;     ;       ;         ;; 222 ; 102751 ;:51      ;     ;        ;         ;28.01.17 ; Чкалова 2           ; детская поликлиника, мачта МТС                       ; 53.130123; 26.025018;G
$;4;R  ;BRO; Барановичи          ;;     ;       ;         ;; 222 ; 102752 ; 23      ;     ;        ;         ;07.03.17 ; Жукова 16           ; Белтелеком, ПКП-4, мачта МТС                         ; 53.152124; 26.002042;G
$;4;R  ;BRO; Барановичи         ;v;     ;       ;         ;; 222 ; 102752 ;      :53;     ;        ;         ;07.03.17 ; Жукова 16           ; Белтелеком, ПКП-4, мачта МТС                         ; 53.152124; 26.002042;G
$;4;R  ;BRO; Барановичи          ;;     ;       ;         ;; 222 ; 102753 ;123      ; 222 ; 102753 ;     :10 ;03.06.17 ; Брестская 284/2     ; мкр-н Тексер, мачта МТС                              ; 53.110137; 25.969636;G
$;4;R  ;BRO; Барановичи         ;v;     ;       ;         ;; 222 ; 102753 ;   :52:53;     ;        ;         ;03.06.17 ; Брестская 284/2     ; мкр-н Тексер, мачта МТС                              ; 53.110137; 25.969636;G
$;4;R  ;BRO; Барановичи          ;;     ;       ;         ;; 222 ; 102754 ; 23      ; 222 ; 102754 ;    9    ;28.01.17 ; 50 лет ВЛКСМ 9      ; Горсанэпиднадзор, мачта МТС                          ; 53.114166; 26.028811;G
$;4;R  ;BRO; Барановичи         ;v;     ;       ;         ;; 222 ; 102754 ;:51:52:53;     ;        ;         ;28.01.17 ; 50 лет ВЛКСМ 9      ; Горсанэпиднадзор, мачта МТС                          ; 53.114166; 26.028811;G
$;4;R  ;BRO; Барановичи          ;;     ;       ;         ;; 222 ; 102756 ;1        ;     ;        ;         ;10.02.17 ; Тельмана 183А       ; универсам "Усход", мачта МТС                         ; 53.132206; 26.076490;G
$;4;R  ;BRO; Барановичи         ;v;     ;       ;         ;; 222 ; 102756 ;:51:52   ;     ;        ;         ;28.01.17 ; Тельмана 183А       ; универсам "Усход", мачта МТС                         ; 53.132206; 26.076490;G
$;4;R  ;BRO; Барановичи          ;;     ;       ;         ;; 222 ; 102757 ;123      ; 222 ; 102757 ;5 78 :10 ;28.01.17 ; Доватора 7          ; Локомотивное депо, мачта МТС                         ; 53.121046; 25.975960;G
$;4;R  ;BRO; Барановичи         ;v;     ;       ;         ;; 222 ; 102757 ;:51   :53;     ;        ;         ;28.01.17 ; Доватора 7          ; Локомотивное депо, мачта МТС                         ; 53.121046; 25.975960;G
$;4;R  ;BRO; Кобрин              ;;     ;       ;         ;; 221 ; 102767 ;123      ;     ;        ;         ;24.04.17 ; Дружбы 4            ; мачта МТС?                                           ; 52.194680; 24.342627;G*
$;4;R  ;BRO; Барановичи          ;;     ;       ;         ;; 222 ; 102768 ;12       ;     ;        ;         ;28.01.17 ; Куйбышева 96        ; КУПП "Цветы", мачта МТС                              ; 53.118218; 26.013168;G
$;4;R  ;BRO; Барановичи         ;v;     ;       ;         ;; 222 ; 102768 ;   :52   ;     ;        ;         ;28.01.17 ; Куйбышева 96        ; КУПП "Цветы", мачта МТС                              ; 53.118218; 26.013168;G
$;4;R  ;BRO; Барановичи          ;;     ;       ;         ;; 222 ; 102769 ;  3      ;     ;        ;         ;28.01.17 ; Парковая 37         ; ТД "Для дома", мачта МТС                             ; 53.141735; 26.068755;G
$;4;R  ;BRO; Барановичи          ;;     ;       ;         ;; 222 ; 102773 ;123      ; 222 ; 102773 ;  7  :10 ;28.01.17 ; Пионерская 53       ; ПЧУП "Блик", мачта МТС                               ; 53.12827 ; 25.999027;G
$;4;R  ;BRO; Барановичи         ;v;     ;       ;         ;; 222 ; 102773 ;      :53;     ;        ;         ;28.01.17 ; Пионерская 53       ; ПЧУП "Блик", мачта МТС                               ; 53.12827 ; 25.999027;G
$;4;R  ;BRO; Береза              ;;     ;       ;         ;; 225 ; 102774 ;123      ; 225 ; 102774 ;     :10 ;07.09.17 ; Любарского 32       ; ТЦ "Северный", мачта МТС                             ; 52.546565; 24.981995;G 
$;4;R  ;BRO; Береза             ;v;     ;       ;         ;; 225 ; 102774 ;      :53;     ;        ;         ;07.09.17 ; Любарского 32       ; ТЦ "Северный", мачта МТС                             ; 52.546565; 24.981995;G 
$;4;R  ;BRO; Кобрин              ;;     ;       ;         ;; 221 ; 102775 ;123      ;     ;        ;         ;12.03.17 ; Советская 119/1     ; общежитие ЖКХ, мачта МТС?                            ; 52.206500; 24.335650;Y*
$;4;R  ;BRO; Лунинец             ;;     ;       ;         ;; 226 ; 102790 ;123      ;     ;        ;         ;24.06.17 ; Первомайская 14     ; промышленное здание, мачта МТС?                      ; 52.258810; 26.799310;G*
$;4;R  ;BRO; Лунинец            ;v;     ;       ;         ;; 226 ; 102790 ;   :52:53;     ;        ;         ;24.06.17 ; Первомайская 14     ; промышленное здание, мачта МТС?                      ; 52.258810; 26.799310;G*
$;4;R  ;BRO; Пружаны             ;;     ;       ;         ;; 225 ; 102793 ;1        ;     ;        ;         ;12.03.17 ; Ширмы 30            ; Белинвестбанк, мачта МТС?                            ; 52.554070; 24.464660;G*w
$;4;R  ;BRO; Пинск               ;;     ;       ;         ;; 226 ; 102931 ; 23      ; 226 ; 102931 ; 6  9    ;24.06.17 ; Пушкина 21          ; общежитие N4 ПГАТК, констр.?                         ; 52.121235; 26.113905;G*w
$;4;R  ;BRO; Пинск               ;;     ;       ;         ;; 226 ; 102932 ;1 3      ; 226 ; 102932 ;5  8     ;24.06.17 ; Революционная 12    ; Пинский учебный центр, мачта МТС?                    ; 52.116565; 26.070815;G*
$;4;R  ;BRO; Пинск               ;;     ;       ;         ;; 226 ; 102939 ;123      ;     ;        ;         ;24.06.17 ; Брестская 153       ; общежитие лицея строителей, мачта МТС?               ; 52.111530; 26.047370;G*
$;4;R  ;BRO; Пинск               ;;     ;       ;         ;; 226 ; 104183 ; 2       ;     ;        ;         ;27.08.17 ; Ольховских 22       ; Аграрный технологический колледж, триподы МТС?       ; 52.118330; 26.113390;G*
$;4;R  ;BRO; Пинск               ;;     ;       ;         ;; 226 ; 104184 ; 23      ; 226 ; 104184 ;567  :10 ;24.06.17 ; Рокоссовского 15А   ; башня 72м ВГТРК "Варяг"                              ; 52.130075; 26.110065;G
$;4;R  ;BRO; Пинск              ;v;     ;       ;         ;; 226 ; 104184 ;   :52:53;     ;        ;         ;24.06.17 ; Рокоссовского 15А   ; башня 72м ВГТРК "Варяг"                              ; 52.130075; 26.110065;G
$;4;R  ;BRO; Пинск               ;;     ;       ;         ;; 226 ; 104294 ;  3      ; 226 ; 104294 ;         ;24.06.17 ; Первомайская 61А    ; ТЦ "Реал", мачта МТС? *питон*                        ; 52.120070; 26.100370;G
$;4;R  ;BRO; Пинск              ;v;     ;       ;         ;; 226 ; 104294 ;      :53;     ;        ;         ;24.06.17 ; Первомайская 61А    ; ТЦ "Реал", мачта МТС? *питон*                        ; 52.120070; 26.100370;G
$;4;R  ;BRO; Новоселки           ;;     ;       ;         ;; 225 ; 104087 ; 23      ;     ;        ;         ;07.09.17 ; Березовский р-н     ; гостиница Охотничья усадьба, мачта МТС               ; 52.510419; 24.977835;Y
$;4;R  ;BRO; Новоселки          ;v;     ;       ;         ;; 225 ; 104087 ;   :52:53;     ;        ;         ;07.09.17 ; Березовский р-н     ; гостиница Охотничья усадьба, мачта МТС               ; 52.510419; 24.977835;Y
$;4;R  ;BRO; Барановичи          ;;     ;       ;         ;; 222 ; 104352 ;123      ; 222 ; 104352 ;   8     ;28.01.17 ; Брестская 270Д      ; магазин "Остров чистоты", мачта МТС *питон*          ; 53.113465; 25.967880;G
$;4;R  ;BRO; Барановичи         ;v;     ;       ;         ;; 222 ; 104352 ;      :53;     ;        ;         ;28.01.17 ; Брестская 270Д      ; магазин "Остров чистоты", мачта МТС *питон*          ; 53.113465; 25.967880;G
$;4;R  ;BRO; Береза              ;;     ;       ;         ;; 225 ; 104366 ; 23      ;     ;        ;         ;07.09.17 ; Свердлова 165А      ; ООО "Добрыня", мачта МТС?                            ; 52.549065; 24.930544;G*
$;4;R  ;BRO; Береза             ;v;     ;       ;         ;; 225 ; 104366 ;:51:52:53;     ;        ;         ;07.09.17 ; Свердлова 165А      ; ООО "Добрыня", мачта МТС?                            ; 52.549065; 24.930544;G* 
$;4;R  ;BRO; Кобрин              ;;     ;       ;         ;; 221 ; 104725 ;123      ;     ;        ;         ;12.03.17 ; Первомайская 106    ; бывший льнозавод, мачта МТС?                         ; 52.211270; 24.386335;G*
$;4;R  ;BRO; Кобрин             ;v;     ;       ;         ;; 221 ; 104725 ;:51   :53;     ;        ;         ;12.03.17 ; Первомайская 106    ; бывший льнозавод, мачта МТС?                         ; 52.211270; 24.386335;G*
$;4;R  ;BRO; Кобрин              ;;     ;       ;         ;; 221 ; 104726 ;123      ; 221 ; 104726 ;  7      ;28.10.17 ; Ленина 87           ; ОАО "Брестхлебопродукт", мачта МТС                   ; 52.221297; 24.363237;G
$;4;R  ;BRO; Кобрин             ;v;     ;       ;         ;; 221 ; 104726 ;:51   :53;     ;        ;         ;28.10.17 ; Ленина 87           ; ОАО "Брестхлебопродукт", мачта МТС                   ; 52.221297; 24.363237;G
$;4;R  ;BRO; Береза              ;;     ;       ;         ;; 225 ; 104734 ;123      ; 225 ; 104734 ;  78 :10 ;07.09.17 ; Ленина 97/А         ; баня, мачта МТС                                      ; 52.529079; 24.976383;G 
$;4;R  ;BRO; Береза             ;v;     ;       ;         ;; 225 ; 104734 ;:51:52   ;     ;        ;         ;07.09.17 ; Ленина 97/А         ; баня, мачта МТС                                      ; 52.529079; 24.976383;G 
$;4;R  ;BRO; Дрогичин            ;;     ;       ;         ;; 221 ; 104736 ;123      ; 221 ; 104736 ; 6 89    ;24.06.17 ; 9 мая 40?           ; ЦРБ, мачта МТС?                                      ; 52.192655; 25.162910;G*w
$;4;R  ;BRO; Дрогичин           ;v;     ;       ;         ;; 221 ; 104736 ;:51:52:53;     ;        ;         ;24.06.17 ; 9 мая 40?           ; ЦРБ, мачта МТС?                                      ; 52.192655; 25.162910;G*w
$;4;R  ;BRO; Ивацевичи           ;;     ;       ;         ;; 225 ; 104740 ;123      ;     ;        ;         ;07.09.17 ; Депутатская 41А     ; магазин, мачта МТС                                   ; 52.712123; 25.328345;G
$;4;R  ;BRO; Ляховичи            ;;     ;       ;         ;; 222 ; 104747 ;123      ;     ;        ;         ;11.10.17 ; Титовича 2          ; Ляховичское РайПО, мачта МТС *питон*                 ; 53.039760; 26.260710;G
$;4;R  ;BRO; Ляховичи           ;v;     ;       ;         ;; 222 ; 104747 ;   :52:53;     ;        ;         ;11.10.17 ; Титовича 2          ; Ляховичское РайПО, мачта МТС *питон*                 ; 53.039760; 26.260710;G
$;4;R  ;BRO; Барановичи          ;;     ;       ;         ;; 222 ; 104752 ;         ; 222 ; 104752 ;   8     ;07.03.17 ; Пролетарская 40     ; Завод станкопринадлежностей, мачта МТС?              ; 53.148209; 26.017675;G
$;4;R  ;BRO; Барановичи         ;v;     ;       ;         ;; 222 ; 104752 ;   :52   ;     ;        ;         ;07.03.17 ; Пролетарская 40     ; Завод станкопринадлежностей, мачта МТС?              ; 53.148209; 26.017675;G
$;4;R  ;BRO; Барановичи          ;;     ;       ;         ;; 222 ; 104754 ; 23      ; 222 ; 104754 ; 6  9    ;28.01.17 ; Текстильная 24      ; хлебозавод, мачта МТС                                ; 53.141976; 26.036643;G
$;4;R  ;BRO; Барановичи         ;v;     ;       ;         ;; 222 ; 104754 ;   :52:53;     ;        ;         ;28.01.17 ; Текстильная 24      ; хлебозавод, мачта МТС                                ; 53.141976; 26.036643;G
$;4;R  ;BRO; Барановичи          ;;     ;       ;         ;; 222 ; 104755 ;123      ; 222 ; 104755 ;5 7  :10 ;28.01.17 ; Ленина 5            ; технологический колледж, мачта МТС                   ; 53.133242; 26.021199;G
$;4;R  ;BRO; Барановичи         ;v;     ;       ;         ;; 222 ; 104755 ;:51      ;     ;        ;         ;28.01.17 ; Ленина 5            ; технологический колледж, мачта МТС                   ; 53.133242; 26.021199;G
$;4;R  ;BRO; Жабинка             ;;     ;       ;         ;; 224 ; 104758 ;123      ;     ;        ;         ;29.10.17 ; Кирова 91           ; дом культуры, мачта МТС                              ; 52.194135; 24.021060;G
$;4;R  ;BRO; Барановичи          ;;     ;       ;         ;; 222 ; 104771 ;123      ; 222 ; 104771 ;   8     ;28.01.17 ; Чурилина 15         ; комб.пищ.продуктов, мачта МТС                        ; 53.116394; 26.046658;G
$;4;R  ;BRO; Барановичи         ;v;     ;       ;         ;; 222 ; 104771 ;      :53;     ;        ;         ;28.01.17 ; Чурилина 15         ; комб.пищ.продуктов, мачта МТС                        ; 53.116394; 26.046658;G
$;4;R  ;BRO; Жабинка             ;;     ;       ;         ;; 224 ; 104758 ;123      ;     ;        ;         ;29.10.17 ; Кирова 91           ; дом культуры, мачта МТС                              ; 52.194135; 24.021060;G
$;4;R  ;BRO; Жабинка            ;v;     ;       ;         ;; 224 ; 104758 ;:51      ;     ;        ;         ;29.10.17 ; Кирова 91           ; дом культуры, мачта МТС                              ; 52.194135; 24.021060;G
$;4;R  ;BRO; Ганцевичи           ;;     ;       ;         ;; 225 ; 104795 ;12       ;     ;        ;         ;28.01.17 ; Строителей 2        ; Автопарк N7                                          ; 52.750741; 26.423814;+
$;4;R  ;BRO; Барановичи          ;;     ;       ;         ;; 222 ; 104915 ;1        ;     ;        ;         ;07.03.17 ; Ф.Скорины 4А        ; магазин "Армтек", мачта МТС                          ; 53.109910; 25.994840;G
$;4;R  ;BRO; Барановичи         ;v;     ;       ;         ;; 222 ; 104915 ;:51:52:53;     ;        ;         ;07.03.17 ; Ф.Скорины 4А        ; магазин "Армтек", мачта МТС                          ; 53.109910; 25.994840;G
$;4;R  ;BRO; Пинск               ;;     ;       ;         ;; 226 ; 104916 ;1 3      ; 226 ; 104916 ;         ;24.06.17 ; Железнодорожная 56  ; дом быта, мачта МТС                                  ; 52.120941; 26.090845;G
$;4;R  ;BRO; Пинск              ;v;     ;       ;         ;; 226 ; 104916 ;:51   :53;     ;        ;         ;24.06.17 ; Железнодорожная 56  ; дом быта, мачта МТС                                  ; 52.120941; 26.090845;G
$;4;R  ;BRO; Кобрин              ;;     ;       ;         ;; 221 ; 105107 ; 23      ;     ;        ;         ;12.03.17 ; Дзержинского 54     ; политехнический колледж, мачта МТС?                  ; 52.204504; 24.338555;Y*
$;4;R  ;BRO; Кобрин              ;;     ;       ;         ;; 221 ; 105119 ;123      ;     ;        ;         ;12.03.17 ; Северная 99         ; ОАО "Кобринская птицефабрика", мачта МТС             ; 52.229535; 24.310670;G
$;4;R  ;BRO; Кобрин             ;v;     ;       ;         ;; 221 ; 105119 ;   :52   ;     ;        ;         ;12.03.17 ; Северная 99         ; ОАО "Кобринская птицефабрика", мачта МТС             ; 52.229535; 24.310670;G
$;4;R  ;BRO; Барановичи          ;;     ;       ;         ;; 222 ; 105136 ;1        ;     ;        ;         ;29.01.17 ; Федько 12А          ; башня МТС 40м                                        ; 53.126203; 26.0319972;G
$;4;R  ;BRO; Барановичи         ;v;     ;       ;         ;; 222 ; 105136 ;:51:52   ;     ;        ;         ;28.01.17 ; Федько 12А          ; башня МТС 40м                                        ; 53.126203; 26.0319972;G
$;4;R  ;BRO; Жабинка             ;;     ;       ;         ;; 224 ; 105150 ;123      ;     ;        ;         ;29.10.17 ; Центральная 7       ; котельная N3, мачта МТС                              ; 52.192139; 24.030016;G
$;4;R  ;BRO; Жабинка            ;v;     ;       ;         ;; 224 ; 105150 ;:51      ;     ;        ;         ;29.10.17 ; Центральная 7       ; котельная N3, мачта МТС                              ; 52.192139; 24.030016;G
$;4;R  ;BRO; Барановичи          ;;     ;       ;         ;; 222 ; 105152 ;123      ; 222 ; 105152 ;    9    ;29.01.17 ; Наконечникова       ; гаражи, опорная мачта МТС                            ; 53.159191; 26.004864;G
$;4;R  ;BRO; Барановичи         ;v;     ;       ;         ;; 222 ; 105152 ;:51   :53;     ;        ;         ;29.01.17 ; Наконечникова       ; гаражи, опорная мачта МТС                            ; 53.159191; 26.004864;G
$;4;R  ;BRO; Барановичи          ;;     ;       ;         ;; 222 ; 105178 ;12       ; 222 ; 105178 ;     :10 ;29.01.17 ; мкр-н Боровки       ; Домейко, башня МТС 40м                               ; 53.102560; 25.989200;G
$;4;R  ;BRO; Барановичи         ;v;     ;       ;         ;; 222 ; 105178 ;:51:52   ;     ;        ;         ;29.01.17 ; мкр-н Боровки       ; Домейко, башня МТС 40м                               ; 53.102560; 25.989200;G
$;4;R  ;BRO; Барановичи          ;;     ;       ;         ;; 222 ; 105187 ;123      ;     ;        ;         ;28.01.17 ; Мицкевича 11        ; стомат. поликлиника, мачта МТС                       ; 53.128521; 26.015877;G
$;4;R  ;BRO; Барановичи          ;;     ;       ;         ;; 222 ; 105391 ;123      ; 222 ; 105391 ;5  8     ;29.01.17 ; Вильчковского 180   ; ДСУ-22, мачта МТС                                    ; 53.133410; 25.956737;G
$;4;R  ;BRO; Барановичи         ;v;     ;       ;         ;; 222 ; 105391 ;   :52:53;     ;        ;         ;28.01.17 ; Вильчковского 180   ; ДСУ-22, мачта МТС                                    ; 53.133410; 25.956737;G
$;4;R  ;BRO; Барановичи          ;;     ;       ;         ;; 222 ; 105645 ;  3      ; 222 ; 105645 ;  7  :10 ;29.07.17 ; Защитная 13         ; мастерская "Брестторгтехника", мачта МТС             ; 53.131120; 26.056010;G
$;4;R  ;BRO; Барановичи         ;v;     ;       ;         ;; 222 ; 105645 ;:51:52:53;     ;        ;         ;07.03.17 ; Защитная 13         ; мастерская "Брестторгтехника", мачта МТС             ; 53.131120; 26.056010;G
$;4;R  ;BRO; Барановичи          ;;     ;       ;         ;; 222 ; 105646 ;123      ; 222 ; 105646 ;   8     ;28.01.17 ; Войкова 23          ; склады, мачта МТС                                    ; 53.122891; 26.041637;G 
$;4;R  ;BRO; Барановичи         ;v;     ;       ;         ;; 222 ; 105646 ;:51:52:53;     ;        ;         ;07.03.17 ; Войкова 23          ; склады, мачта МТС                                    ; 53.122891; 26.041637;G 
$;4;R  ;BRO; Кобрин/Борисово     ;;     ;       ;         ;; 221 ; 105674 ; 23      ; 221 ; 105674 ;  7  :10 ;24.04.17 ; Кобринский р-н      ; М1, 60 км, АЗС N42, опорная мачта МТС *питон*        ; 52.183555; 24.366020;G
$;4;R  ;BRO; Барановичи          ;;     ;       ;         ;; 222 ; 105687 ;1 3      ;     ;        ;         ;29.07.17 ; Советская 144       ; котельная, мачта                                     ; 53.120157; 26.024723;G
$;4;R  ;BRO; Барановичи         ;v;     ;       ;         ;; 222 ; 105687 ;      :53;     ;        ;         ;07.03.17 ; Советская 144       ; котельная, мачта                                     ; 53.120157; 26.024723;G
$;4;R  ;BRO; Барановичи          ;;     ;       ;         ;; 222 ; 105688 ;12       ; 222 ; 105688 ;    9    ;28.01.17 ; Наконечникова       ; ЦТП N1 СМР, мачта МТС?                               ; 53.151937; 26.0129  ;G*
$;4;R  ;BRO; Барановичи         ;v;     ;       ;         ;; 222 ; 105688 ;   :52   ;     ;        ;         ;28.01.17 ; Наконечникова       ; ЦТП N1 СМР, мачта МТС?                               ; 53.151937; 26.0129  ;G*
$;4;R  ;BRO; Барановичи          ;;     ;       ;         ;; 222 ; 105689 ;123      ; 222 ; 105689 ;   8     ;29.01.17 ; Слонимское шоссе 4  ; онкологический диспансер, мачта МТС?                 ; 53.111686; 25.954578;G*
$;4;R  ;BRO; Барановичи         ;v;     ;       ;         ;; 222 ; 105689 ;:51:52   ;     ;        ;         ;29.01.17 ; Слонимское шоссе 4  ; онкологический диспансер, мачта МТС?                 ; 53.111686; 25.954578;G*
$;4;R  ;BRO; Кобрин              ;;     ;       ;         ;; 221 ; 105729 ;123      ;     ;        ;         ;24.04.17 ; 700-летия Кобрина 1 ; ЦТП-11, мачта МТС?                                   ; 52.197254; 24.350165;G*
$;4;R  ;BRO; Береза              ;;     ;       ;         ;; 225 ; 105730 ;123      ; 225 ; 105730 ;5  8     ;07.09.17 ; Комсомольская 16    ; мотороремонтный завод, мачта МТС                     ; 52.524533; 24.961672;Y
$;4;R  ;BRO; Береза             ;v;     ;       ;         ;; 225 ; 105730 ;   :52:53;     ;        ;         ;07.09.17 ; Комсомольская 16    ; мотороремонтный завод, мачта МТС                     ; 52.524533; 24.961672;Y
$;4;R  ;BRO; Каменец             ;;     ;       ;         ;; 221 ; 105737 ; 2       ;     ;        ;         ;07.09.17 ; Брестская 58        ; универсам "Любава", мачта МТС?                       ; 52.395888; 23.824343;G*
$;4;R  ;BRO; Кобрин              ;;     ;       ;         ;; 221 ; 105739 ;123      ;     ;        ;         ;12.03.17 ; Интернациональная 30; Белтелеком, мачта МТС?                               ; 52.207571; 24.356682;G*
$;4;R  ;BRO; Ивацевичи           ;;     ;       ;         ;; 225 ; 105740 ;123      ;     ;        ;         ;07.09.17 ; Базарная            ; гаражи райисполкома, столб МТС                       ; 52.707667; 25.339575;G
$;4;R  ;BRO; Береза              ;;     ;       ;         ;; 225 ; 105747 ;123      ;     ;        ;         ;07.09.17 ; Юбилейная 30        ; магазин, мачта МТС?                                  ; 52.527617; 24.986774;G*
$;4;R  ;BRO; Береза             ;v;     ;       ;         ;; 225 ; 105747 ;   :52   ;     ;        ;         ;07.09.17 ; Юбилейная 30        ; магазин, мачта МТС?                                  ; 52.527617; 24.986774;G*
$;4;R  ;BRO; Жабинка             ;;     ;       ;         ;; 224 ; 105750 ;123      ;     ;        ;         ;29.10.17 ; Титова 9            ; опорная мачта МТС                                    ; 52.194255; 23.987775;G
$;4;R  ;BRO; Жабинка            ;v;     ;       ;         ;; 224 ; 105750 ;:51:52   ;     ;        ;         ;29.10.17 ; Титова 9            ; опорная мачта МТС                                    ; 52.194255; 23.987775;G
$;4;R  ;BRO; Ивацевичи           ;;     ;       ;         ;; 225 ; 105751 ;123      ; 225 ; 105751 ; 6 89    ;07.09.17 ; Механизаторов 7     ; общежитие лицея сельхозпроизводства, мачта МТС       ; 52.714607; 25.323138;G
$;4;R  ;BRO; Ивацевичи          ;v;     ;       ;         ;; 225 ; 105751 ;:51:52   ;     ;        ;         ;07.09.17 ; Механизаторов 7     ; общежитие лицея сельхозпроизводства, мачта МТС       ; 52.714607; 25.323138;G
$;4;R  ;BRO; Барановичи          ;;     ;       ;         ;; 222 ; 105754 ;  3      ;     ;        ;         ;29.01.17 ; Мичурина 30         ; ОАО Белсвязь, филиал N5, опорная мачта МТС           ; 53.113520; 25.993500;G
$;4;R  ;BRO; Барановичи          ;;     ;       ;         ;; 222 ; 105755 ;123      ;     ;        ;         ;29.01.17 ; Минский тупик       ; столб МТС около ж/д                                  ; 53.140452; 26.022337;G
$;4;R  ;BRO; Барановичи         ;v;     ;       ;         ;; 222 ; 105755 ;:51:52:53;     ;        ;         ;29.01.17 ; Слонимское шоссе 4  ; онкологический диспансер, мачта МТС?                 ; 53.111686; 25.954578;G*
$;4;R  ;BRO; Барановичи          ;;     ;       ;         ;; 222 ; 105757 ; 23      ; 222 ; 105757 ;  7  :10 ;11.06.17 ; Грицевца 5          ; Отдел ремонта и ТО средств измерений, мачта МТС      ; 53.135180; 26.009046;G
$;4;R  ;BRO; Барановичи         ;v;     ;       ;         ;; 222 ; 105757 ;      :53;     ;        ;         ;11.06.17 ; Грицевца 5          ; Отдел ремонта и ТО средств измерений, мачта МТС      ; 53.135180; 26.009046;G
$;4;R  ;BRO; Береза              ;;     ;       ;         ;; 225 ; 105764 ;12       ; 225 ; 105764 ;    9    ;07.09.17 ; Свердлова 62А       ; магазин "Техника", мачта МТС?                        ; 52.540980; 24.979316;G*
$;4;R  ;BRO; Береза             ;v;     ;       ;         ;; 225 ; 105764 ;:51:52   ;     ;        ;         ;07.09.17 ; Свердлова 62А       ; магазин "Техника", мачта МТС?                        ; 52.540980; 24.979316;G*
$;4;R  ;BRO; Барановичи          ;;     ;       ;         ;; 222 ; 105768 ;123      ;     ;        ;         ;28.01.17 ; 50 лет ВЛКСМ 38     ; напротив общежития "Торгмаш", опорная мачта МТС      ; 53.113721; 26.017701;G
$;4;R  ;BRO; Барановичи         ;v;     ;       ;         ;; 222 ; 105768 ;:51   :53;     ;        ;         ;07.03.17 ; 50 лет ВЛКСМ 38     ; напротив общежития "Торгмаш", опорная мачта МТС      ; 53.113721; 26.017701;G
$;4;R  ;BRO; Барановичи          ;;     ;       ;         ;; 222 ; 105770 ;123      ;     ;        ;         ;28.01.17 ; Гаевая              ; ост. санаторий "Магистральный", опорная мачта МТС    ; 53.152172; 26.058245;G
$;4;R  ;BRO; Береза              ;;     ;       ;         ;; 225 ; 105774 ;         ; 225 ; 105774 ;   89    ;07.09.17 ; Северный городок 51 ; бывшая водонапорная башня                            ; 52.541663; 24.986600;G
$;4;R  ;BRO; Береза             ;v;     ;       ;         ;; 225 ; 105774 ;:51:52:53;     ;        ;         ;07.09.17 ; Северный городок 51 ; бывшая водонапорная башня                            ; 52.541663; 24.986600;G
$;4;R  ;BRO; Пружаны             ;;     ;       ;         ;; 225 ; 105793 ; 2       ;     ;        ;         ;12.03.17 ; Мицкевича 22        ; трансформатор, мачта МТС                             ; 52.564310; 24.471360;G
$;4;R  ;BRO; Пинск               ;;     ;       ;         ;; 226 ; 105955 ;         ;     ;        ;         ;10.04.17 ; Солнечная 72        ; башня МТС 40м                                        ; 52.140730; 26.067800;G
$;4;R  ;BRO; Пинск              ;v;     ;       ;         ;; 226 ; 105955 ;   :52   ;     ;        ;         ;10.04.17 ; Солнечная 72        ; башня МТС 40м                                        ; 52.140730; 26.067800;G
$;4;R  ;BRO; Иваново             ;;     ;       ;         ;; 226 ; 105795 ;123      ;     ;        ;         ;24.06.17 ; Комарова            ; промышленное здание, мачта МТС? *питон*              ; 52.136190; 25.547505;G*w
$;4;R  ;BRO; Иваново            ;v;     ;       ;         ;; 226 ; 105795 ;   :52   ;     ;        ;         ;24.06.17 ; Комарова            ; промышленное здание, мачта МТС? *питон*              ; 52.136190; 25.547505;G*w
$;4;R  ;BRO; Пинск               ;;     ;       ;         ;; 226 ; 105986 ;         ; 226 ; 105986 ;   8     ;24.06.17 ; Брестская 48        ; бетонный столб МТС на спичечной фабрике?             ; 52.113510; 26.091270;G*
$;4;R  ;BRO; Иваново             ;;     ;       ;         ;; 226 ; 105996 ; 23      ;     ;        ;         ;24.06.17 ; ?                   ; в р-не стадиона на Советской-К.Маркса *питон*        ;          ;          ;
$;4;R  ;BRO; Лунинец             ;;     ;       ;         ;; 226 ; 111321 ;1 3      ;     ;        ;         ;10.04.17 ; Пинская 6           ; РУЭС, мачта A1                                       ; 52.250080; 26.801910;G
$;4;R  ;BRO; Пинск              ;v;     ;       ;         ;; 226 ; 111321 ;:51   :53;     ;        ;         ;10.04.17 ; Пинская 6           ; РУЭС, мачта A1                                       ; 52.250080; 26.801910;G
$;4;R  ;BRO; Пинск               ;;     ;       ;         ;; 226 ; 111358 ; 2       ;     ;        ;         ;10.04.17 ; Центральная 2       ; двор жилого дома, мачта A1                           ; 52.139050; 26.118240;G
$;4;R  ;BRO; Пинск              ;v;     ;       ;         ;; 226 ; 111358 ;   :52   ;     ;        ;         ;10.04.17 ; Центральная 2       ; двор жилого дома, мачта A1                           ; 52.139050; 26.118240;G
$;4;R  ;BRO; Пинск               ;;     ;       ;         ;; 226 ; 111360 ;         ;     ;        ;         ;10.04.17 ; Брестская 72        ; опытно-механический завод, мачта A1                  ; 52.113460; 26.083150;G
$;4;R  ;BRO; Пинск              ;v;     ;       ;         ;; 226 ; 111360 ;:51      ;     ;        ;         ;10.04.17 ; Брестская 72        ; опытно-механический завод, мачта A1                  ; 52.113460; 26.083150;G
$;4;R  ;BRO; Пинск               ;;     ;       ;         ;; 226 ; 111368 ; 2       ;     ;        ;         ;10.04.17 ; Индустриальная 3    ; Хлебозавод, триподы A1                               ; 52.115185; 26.052925;G
$;4;R  ;BRO; Пинск              ;v;     ;       ;         ;; 226 ; 111368 ;   :52:53;     ;        ;         ;10.04.17 ; Индустриальная 3    ; Хлебозавод, триподы A1                               ; 52.115185; 26.052925;G
$;4;R  ;BRO; Пинск               ;;     ;       ;         ;; 226 ; 111371 ;  3      ;     ;        ;         ;10.04.17 ; ИПД 61              ; Гидросельмаш, мачта A1                               ; 52.126145; 26.126465;G*w
$;4;R  ;BRO; Пинск              ;v;     ;       ;         ;; 226 ; 111371 ;         ;     ;        ;         ;10.04.17 ; ИПД 61              ; Гидросельмаш, мачта A1                               ; 52.126145; 26.126465;G*w
$;4;R  ;BRO; Пинск               ;;     ;       ;         ;; 226 ; 111376 ;123      ;     ;        ;         ;10.04.17 ; Железнодорожная 13  ; узел связи, мачта A1                                 ; 52.121630; 26.083035;G
$;4;R  ;BRO; Пинск              ;v;     ;       ;         ;; 226 ; 111376 ;:51:52:53;     ;        ;         ;10.04.17 ; Железнодорожная 13  ; узел связи, мачта A1                                 ; 52.121630; 26.083035;G
$;4;R  ;BRO; Пинск               ;;     ;       ;         ;; 226 ; 111379 ;1        ;     ;        ;         ;10.04.17 ; Днепровской флотилии 31; гостиница "Припять", триподы A1                   ; 52.114820; 26.114470;G
$;4;R  ;BRO; Пинск              ;v;     ;       ;         ;; 226 ; 111379 ;:51      ;     ;        ;         ;10.04.17 ; Днепровской флотилии 31; гостиница "Припять", триподы A1                   ; 52.114820; 26.114470;G
$;4;R  ;BRO; Пинск               ;;     ;       ;         ;; 226 ; 111382 ; 23      ;     ;        ;         ;10.04.17 ; Сосновая 5          ; башня A1 40м                                         ; 52.127510; 26.064070;G
$;4;R  ;BRO; Пинск              ;v;     ;       ;         ;; 226 ; 111382 ;   :52   ;     ;        ;         ;10.04.17 ; Сосновая 5          ; башня A1 40м                                         ; 52.127510; 26.064070;G
$;4;R  ;BRO; Пинск               ;;     ;       ;         ;; 226 ; 112248 ;1        ;     ;        ;         ;10.04.17 ; Островского 14      ; магазин "Купеческий", мачта A1                       ; 52.140470; 26.110510;G
$;4;R  ;BRO; Пинск              ;v;     ;       ;         ;; 226 ; 112248 ;:51      ;     ;        ;         ;10.04.17 ; Островского 14      ; магазин "Купеческий", мачта A1                       ; 52.140470; 26.110510;G
$;4;R  ;BRO; Пинск               ;;     ;       ;         ;; 226 ; 114040 ;1        ;     ;        ;         ;10.04.17 ; Интернациональная 53; продовольственная база, столб A1                     ; 52.127120; 26.108605;G
$;4;R  ;BRO; Пинск              ;v;     ;       ;         ;; 226 ; 114040 ;:51      ;     ;        ;         ;10.04.17 ; Интернациональная 53; продовольственная база, столб A1                     ; 52.127120; 26.108605;G
$;4;R  ;BRO; Пинск               ;;     ;       ;         ;; 226 ; 114042 ;1        ;     ;        ;         ;10.04.17 ; Шапошника 7         ; столб A1                                             ; 52.137925; 26.069210;G
$;4;R  ;BRO; Пинск              ;v;     ;       ;         ;; 226 ; 114042 ;:51      ;     ;        ;         ;10.04.17 ; Шапошника 7         ; столб A1                                             ; 52.137925; 26.069210;G
$;4;R  ;BRO; Пинск              ;v;     ;       ;         ;; 226 ; 114517 ;      :53;     ;        ;         ;10.04.17 ; Центральная 23      ; Супермаркет "Алми", мачта A1                         ; 52.135785; 26.099345;G
$;4;R  ;BRO; Пинск               ;;     ;       ;         ;; 226 ; 114539 ;1        ;     ;        ;         ;10.04.17 ; Первомайская 61А    ; ТЦ "Реал", мачта A1                                  ; 52.120150; 26.100360;G
$;4;R  ;BRO; Пинск              ;v;     ;       ;         ;; 226 ; 114539 ;:51      ;     ;        ;         ;10.04.17 ; Первомайская 61А    ; ТЦ "Реал", мачта A1                                  ; 52.120150; 26.100360;G
$;4;R  ;BRO; Пинск               ;;     ;       ;         ;; 226 ; 114706 ; 2       ;     ;        ;         ;10.04.17 ; ИПД 36              ; ТЦ "Москва", триподы A1                              ; 52.118995; 26.117545;G
$;4;R  ;BRO; Пинск              ;v;     ;       ;         ;; 226 ; 114706 ;   :52   ;     ;        ;         ;10.04.17 ; ИПД 36              ; ТЦ "Москва", триподы A1                              ; 52.118995; 26.117545;G
$;4;R  ;BRO; Пинск              ;v;     ;       ;         ;; 226 ; 115256 ;   :52   ;     ;        ;         ;10.04.17 ; Степная 21          ; адм.здание ОАО "Полесье", мачта A1? *питон*          ; 52.136560; 26.091430;G*
$;4;R  ;BRO; Пинск               ;;     ;       ;         ;; 226 ; 115989 ;123      ;     ;        ;         ;10.04.17 ; 60 лет Октября 11а  ; столб A1                                             ; 52.113932; 26.061955;G
$;4;R  ;BRO; Пинск              ;v;     ;       ;         ;; 226 ; 115989 ;:51   :53;     ;        ;         ;10.04.17 ; 60 лет Октября 11а  ; столб A1                                             ; 52.113932; 26.061955;G
$;4;R  ;BRO; Пинск               ;;     ;       ;         ;; 226 ; 116805 ;12       ;     ;        ;         ;10.04.17 ; Козубовского 27     ; СПМК № 35, УСП ОАО Пинсксовхозстрой, мачта? A1       ; 52.120741; 26.020478;G
$;4;R  ;BRO; Пинск              ;v;     ;       ;         ;; 226 ; 116805 ;:51:52   ;     ;        ;         ;10.04.17 ; Козубовского 27     ; СПМК № 35, УСП ОАО Пинсксовхозстрой, мачта? A1       ; 52.120741; 26.020478;G

$;4;P  ;BRO; Столин              ;;     ;       ;         ;; 226 ;        ;         ;     ;        ;         ;07.09.17 ;                     ; *сайт МТС*                                           ;          ;          ;
