KIND;OPR;STAT;AREA;CITY;CB;LAC;CID;GSM;DCS;3G L; 3G C;  3G S   ;U-L;U900;U-S;DATE; ADDR             ; REM                                                  ;  OZIN    ;  OZIE    ;LOCK

/;Могилев
$;4;R  ;MO.; Могилев             ;;     ;       ;         ;; 160 ; 600600 ; 123     ;     ;        ;         ;03.06.17 ; Первомайская 29       ; ресторан "Днепр", мачта МТС                          ; 53.900779; 30.335660;G
$;4;R  ;MO.; Могилев            ;v;     ;       ;         ;; 160 ; 600600 ;:51:52:53;     ;        ;         ;03.06.17 ; Первомайская 29       ; ресторан "Днепр", мачта МТС                          ; 53.900779; 30.335660;G
$;4;R  ;MO.; Могилев             ;;     ;       ;         ;; 160 ; 600650 ; 123     ;     ;        ;         ;01.04.17 ; Юбилейный б-р 21      ; ООП-5 Ленинского РОВД, мачта МТС?                    ; 53.903981; 30.357327;G*
$;4;R  ;MO.; Могилев            ;v;     ;       ;         ;; 160 ; 600650 ;      :53;     ;        ;         ;01.04.17 ; Юбилейный б-р 21      ; ООП-5 Ленинского РОВД, мачта МТС?                    ; 53.903981; 30.357327;G*
$;4;R  ;MO.; Могилев             ;;     ;       ;         ;; 160 ; 600651 ; 123     ; 160 ; 600651 ; 67 9:10 ;01.04.17 ; Пионерская 27         ; МГТС, отдельные трубостойки                          ; 53.900779; 30.342322;G
$;4;R  ;MO.; Могилев            ;v;     ;       ;         ;; 160 ; 600651 ;:51:52:53;     ;        ;         ;01.04.17 ; Пионерская 27         ; МГТС, отдельные трубостойки                          ; 53.900779; 30.342322;G
$;4;R  ;MO.; Могилев             ;;     ;       ;         ;; 160 ; 600652 ; 123     ; 160 ; 600652 ;56789:10 ;13.12.16 ; Шмидта пр. 3          ; МГУП, трубостойки МТС?                               ; 53.874234; 30.317017;G*
$;4;R  ;MO.; Могилев            ;v;     ;       ;         ;; 160 ; 600652 ;:51      ;     ;        ;         ;13.12.16 ; Шмидта пр. 3          ; МГУП, трубостойки МТС?                               ; 53.874234; 30.317017;G*
$;4;R  ;MO.; Могилев             ;;     ;       ;         ;; 163 ; 600653 ; 123     ; 163 ; 600653 ; 6       ;23.12.16 ; 30 лет Победы 18      ; проф. лицей N1, мачта МТС                            ; 53.932662; 30.361701;G
$;4;R  ;MO.; Могилев             ;;     ;       ;         ;; 160 ; 600654 ; 123     ; 160 ; 600654 ;5 78 :10 ;03.07.18 ; Пушкинский пр. 6      ; г-ца "Турист", трипод МТС?                           ; 53.883266; 30.335751;G*
$;4;R  ;MO.; Могилев            ;v;     ;       ;         ;; 160 ; 600654 ;:51:52:53;     ;        ;         ;03.07.18 ; Пушкинский пр. 6      ; г-ца "Турист", трипод МТС?                           ; 53.883266; 30.335751;G*
$;4;R  ;MO.; Могилев             ;;     ;       ;         ;; 163 ; 600655 ;  23     ; 163 ; 600655 ;         ;23.12.16 ; Авиаторов 13          ; ЧТУП "АгроТоргЗапчасть", мачта МТС                   ; 53.934073; 30.267870;G
$;4;R  ;MO.; Могилев            ;v;     ;       ;         ;; 163 ; 600655 ;   :52:53;     ;        ;         ;23.12.16 ; Авиаторов 13          ; ЧТУП "АгроТоргЗапчасть", мачта МТС                   ; 53.934073; 30.267870;G
$;4;R  ;MO.; Могилев             ;;     ;       ;         ;; 160 ; 600656 ; 123     ; 160 ; 600656 ;56 89    ;03.07.18 ; Чайковского 8         ; швейная фабрика, мачта МТС                           ; 53.877383; 30.333866;G
$;4;R  ;MO.; Могилев            ;v;     ;       ;         ;; 160 ; 600656 ;:51:52:53;     ;        ;         ;03.07.18 ; Чайковского 8         ; швейная фабрика, мачта МТС                           ; 53.877383; 30.333866;G
$;4;R  ;MO.; Могилев             ;;     ;       ;         ;; 163 ; 600657 ; 123     ; 163 ; 600657 ;5 78 :10 ;03.12.16 ; Космонавтов 13        ; общежитие строит.колледжа, трубостойки МТС?          ; 53.910677; 30.313820;G*
$;4;R  ;MO.; Могилев            ;v;     ;       ;         ;; 163 ; 600657 ;:51:52:53;     ;        ;         ;03.12.16 ; Космонавтов 13        ; общежитие строит.колледжа, трубостойки МТС?          ; 53.910677; 30.313820;G*
$;4;R  ;MO.; Могилев             ;;     ;       ;         ;; 160 ; 600658 ; 123     ; 160 ; 600658 ;  7  :10 ;26.12.16 ; Гомельское ш. 3       ; АП N1 управление, трубостойки МТС                    ; 53.863262; 30.357482;G
$;4;R  ;MO.; Могилев             ;;     ;       ;         ;; 163 ; 600659 ; 123     ; 163 ; 600659 ;5  8     ;26.12.16 ; Белинского 9          ; общежитие, трубостойки МТС?                          ; 53.930267; 30.347550;G*
$;4;R  ;MO.; Могилев            ;v;     ;       ;         ;; 163 ; 600659 ;:51:52   ;     ;        ;         ;26.12.16 ; Белинского 9          ; общежитие, трубостойки МТС?                          ; 53.930267; 30.347550;G*
$;4;R  ;MO.; Могилев             ;;     ;       ;         ;; 160 ; 600660 ; 123     ; 160 ; 600660 ;5        ;01.04.17 ; Симонова 51           ; общежитие, мачта МТС                                 ; 53.864400; 30.310250;G
$;4;R  ;MO.; Могилев             ;;     ;       ;         ;; 160 ; 600661 ; 123     ; 160 ; 600661 ; 6       ;13.12.16 ; Королева 8            ; з-д Электродвигатель, трубостойки МТС?               ; 53.906537; 30.366035;G*
$;4;R  ;MO.; Могилев             ;;     ;       ;         ;; 160 ; 600662 ; 123     ; 160 ; 600662 ;56789:10 ;01.03.17 ; Первомайская 71       ; облисполком, трубостойки МТС                         ; 53.909916; 30.343256;G
$;4;R  ;MO.; Могилев            ;v;     ;       ;         ;; 160 ; 600662 ;:51:52:53;     ;        ;         ;01.03.17 ; Первомайская 71       ; облисполком, трубостойки МТС                         ; 53.909916; 30.343256;G
$;4;R  ;MO.; Могилев             ;;     ;       ;         ;; 163 ; 600663 ; 123     ; 163 ; 600663 ; 67 9:10 ;03.07.18 ; Челюскинцев 84        ; ОАО "Желатиновый завод", мачта МТС?                  ; 53.890620; 30.287562;G*
$;4;R  ;MO.; Могилев            ;v;     ;       ;         ;; 163 ; 600663 ;:51:52:53;     ;        ;         ;03.07.18 ; Челюскинцев 84        ; ОАО "Желатиновый завод", мачта МТС?                  ; 53.890620; 30.287562;G*
$;4;R  ;MO.; Могилев             ;;     ;       ;         ;; 160 ; 600667 ;         ;     ;        ;         ;29.01.17 ; Крупской 176          ; поликлиника N10, мачта МТС?                          ; 53.949550; 30.356400;G*
$;4;R  ;MO.; Могилев            ;v;     ;       ;         ;; 160 ; 600667 ;:51:52:53;     ;        ;         ;29.01.17 ; Крупской 176          ; поликлиника N10, мачта МТС?                          ; 53.949550; 30.356400;G*
$;4;R  ;MO.; Могилев             ;;     ;       ;         ;; 160 ; 600668 ; 123     ; 160 ; 600668 ; 67 9:10 ;01.03.17 ; Мира пр. 6            ; г-ца "Могилев", трубостойки МТС                      ; 53.910117; 30.333150;G
$;4;R  ;MO.; Могилев            ;v;     ;       ;         ;; 160 ; 600668 ;:51:52:53;     ;        ;         ;01.03.17 ; Мира пр. 6            ; г-ца "Могилев", трубостойки МТС                      ; 53.910117; 30.333150;G
$;4;R  ;MO.; Могилев             ;;     ;       ;         ;; 160 ; 600669 ; 123     ; 160 ; 600669 ;56789:10 ;09.06.18 ; Мовчанского 53        ; ТЦ Континент, мачта МТС                              ; 53.877628; 30.374278;G
$;4;R  ;MO.; Могилев            ;v;     ;       ;         ;; 160 ; 600669 ;:51:52:53;     ;        ;         ;09.06.18 ; Мовчанского 53        ; ТЦ Континент, мачта МТС                              ; 53.877628; 30.374278;G
$;4;R  ;MO.; Могилев             ;;     ;       ;         ;; 160 ; 600670 ; 1 3     ; 160 ; 600670 ;  7  :10 ;01.04.17 ; Калужская 44          ; котел. N1 Могилевэнерго, труба                       ; 53.917047; 30.368774;G
$;4;R  ;MO.; Могилев             ;;     ;       ;         ;; 163 ; 600672 ; 123     ; 163 ; 600672 ;  7  :10 ;27.10.17 ; Первомайская 152      ; проф. лицей N9, мачта МТС                            ; 53.938418; 30.332098;G
$;4;R  ;MO.; Могилев            ;v;     ;       ;         ;; 163 ; 600672 ;      :53;     ;        ;         ;27.10.17 ; Первомайская 152      ; проф. лицей N9, мачта МТС                            ; 53.938418; 30.332098;G
$;4;R  ;MO.; Могилев             ;;     ;       ;         ;; 163 ; 600684 ; 123     ; 163 ; 600684 ; 6  9    ;23.12.16 ; Нижн.Карабановская 90 ; областной госпиталь ИОВ, мачта МТС                   ; 53.927221; 30.316754;G
$;4;R  ;MO.; Могилев            ;v;     ;       ;         ;; 163 ; 600684 ;:51:52:53;     ;        ;         ;23.12.16 ; Нижн.Карабановская 90 ; областной госпиталь ИОВ, мачта МТС                   ; 53.927221; 30.316754;G
$;4;R  ;MO.; Могилев             ;;     ;       ;         ;; 160 ; 600686 ; 123     ; 160 ; 600686 ;5 78 :10 ;27.12.16 ; Димитрова 35          ; общежитие автобусного парка N1, мачта МТС?           ; 53.871521; 30.372690;G*
$;4;R  ;MO.; Могилев             ;;     ;       ;         ;; 160 ; 600687 ; 123     ;     ;        ;         ;27.12.16 ; Гришина 102           ; общежитие з-да Техноприбор, трубостойки МТС?         ; 53.905100; 30.380650;G*
$;4;R  ;MO.; Могилев             ;;     ;       ;         ;; 163 ; 600688 ; 123     ; 163 ; 600688 ; 67 9:10 ;13.12.16 ; Плеханова 27          ; общежитие, мачта МТС                                 ; 53.899390; 30.322427;G
$;4;R  ;MO.; Могилев            ;v;     ;       ;         ;; 163 ; 600688 ;:51:52:53;     ;        ;         ;13.12.16 ; Плеханова 27          ; общежитие, мачта МТС                                 ; 53.899390; 30.322427;G
$;4;R  ;MO.; Могилев             ;;     ;       ;         ;; 163 ; 601149 ; 1 3     ;     ;        ;         ;11.07.18 ; Крупской 232          ; админ. "Могилевтрансмаш", трипод МТС?                ; 53.967240; 30.346150;G*
$;4;R  ;MO.; Могилев            ;v;     ;       ;         ;; 163 ; 601149 ;      :53;     ;        ;         ;11.07.18 ; Крупской 232          ; админ. "Могилевтрансмаш", трипод МТС?                ; 53.967240; 30.346150;G*
$;4;R  ;MO.; Могилев             ;;     ;       ;         ;; 160 ; 601283 ; 123     ;     ;        ;         ;12.12.16 ; Непокоренных б-р 75   ; магазин Огонек, мачта МТС                            ; 53.867350; 30.337710;G
$;4;R  ;MO.; Могилев             ;;     ;       ;         ;; 160 ; 601484 ;  23     ;     ;        ;         ;12.12.16 ; К.Маркса 23           ; ОАО "Ольса", мачта МТС                               ; 53.899101; 30.344026;G
$;4;R  ;MO.; Могилев            ;v;     ;       ;         ;; 160 ; 601484 ;   :52:53;     ;        ;         ;12.12.16 ; К.Маркса 23           ; ОАО "Ольса", мачта МТС                               ; 53.899101; 30.344026;G
$;4;R  ;MO.; Могилев             ;;     ;       ;         ;; 160 ; 601635 ;  23     ; 160 ; 601635 ;  7  :10 ;26.12.16 ; Витебский пр-т, 52    ; общежитие №2, трипод МТС                             ; 53.885403; 30.415120;G
$;4;R  ;MO.; Могилев            ;v;     ;       ;         ;; 160 ; 601635 ;   :52:53;     ;        ;         ;26.12.16 ; Витебский пр-т, 52    ; общежитие №2, трипод МТС                             ; 53.885403; 30.415120;G
$;4;R  ;MO.; Могилев             ;;     ;       ;         ;; 160 ; 602612 ; 123     ; 160 ; 602612 ; 6       ;26.12.16 ; Тимирязевская 11      ; общ. облсельстроя, трубостойки МТС?                  ; 53.911233; 30.351783;G*
$;4;R  ;MO.; Могилев            ;v;     ;       ;         ;; 160 ; 602612 ;      :53;     ;        ;         ;26.12.16 ; Тимирязевская 11      ; общ. облсельстроя, трубостойки МТС?                  ; 53.911233; 30.351783;G*
$;4;R  ;MO.; Могилев             ;;     ;       ;         ;; 163 ; 602614 ; 123     ; 163 ; 602614 ;  7  :10 ;26.12.16 ; Циолковского 11       ; ЧУП Тифлос, мачта МТС                                ; 53.909714; 30.319301;G
$;4;R  ;MO.; Могилев            ;v;     ;       ;         ;; 163 ; 602614 ;:51:52:53;     ;        ;         ;26.12.16 ; Циолковского 11       ; ЧУП Тифлос, мачта МТС                                ; 53.909714; 30.319301;G
$;4;R  ;MO.; Могилев             ;;     ;       ;         ;; 163 ; 602650 ; 123     ;     ;        ;         ;12.03.17 ; Профсоюзная 15А       ; жилой дом, пристройка, мачта МТС                     ; 53.929260; 30.260145;G
$;4;R  ;MO.; Могилев            ;v;     ;       ;         ;; 163 ; 602650 ;:51:52:53;     ;        ;         ;12.03.17 ; Профсоюзная 15А       ; жилой дом, пристройка, мачта МТС                     ; 53.929260; 30.260145;G
$;4;R  ;MO.; Могилев             ;;     ;       ;         ;; 160 ; 602651 ; 123     ; 160 ; 602651 ; 6  9    ;26.12.16 ; Пожарный пер. 16      ; гл. статуправление Мог.области, триподы МТС          ; 53.898050; 30.338333;G
$;4;R  ;MO.; Могилев            ;v;     ;       ;         ;; 160 ; 602651 ;:51:52:53;     ;        ;         ;26.12.16 ; Пожарный пер. 16      ; гл. статуправление Мог.области, триподы МТС          ; 53.898050; 30.338333;G
$;4;R  ;MO.; Могилев             ;;     ;       ;         ;; 163 ; 602655 ; 123     ;     ;        ;         ;01.04.17 ; Строителей 13А        ; общежитие N5 стройтеста N12, мачта МТС               ; 53.905340; 30.293049;G
$;4;R  ;MO.; Могилев            ;v;     ;       ;         ;; 163 ; 602655 ;:51:52:53;     ;        ;         ;01.04.17 ; Строителей 13А        ; общежитие N5 стройтеста N12, мачта МТС               ; 53.905340; 30.293049;G
$;4;R  ;MO.; Могилев             ;;     ;       ;         ;; 160 ; 602656 ; 123     ; 160 ; 602656 ;5  8     ;13.12.16 ; Пушкинский пр. 71     ; общежитие N13 ОАО"МогилевХимВолокно", мачта МТС      ; 53.871152; 30.344635;G
$;4;R  ;MO.; Могилев             ;;     ;       ;         ;; 160 ; 602658 ; 123     ; 160 ; 602658 ;5  8     ;01.04.17 ; Островского 1         ; кинотеатр "Ветразь", мачта МТС                       ; 53.871045; 30.326844;G
$;4;R  ;MO.; Могилев             ;;     ;       ;         ;; 163 ; 602659 ; 123     ; 163 ; 602659 ;5 7      ;02.01.17 ; Турова 1              ; АТС N24, мачта МТС                                   ; 53.944074; 30.363463;G
$;4;R  ;MO.; Могилев             ;;     ;       ;         ;; 163 ; 602671 ; 123     ; 163 ; 602671 ; 67 9:10 ;03.07.18 ; Челюскинцев 56А       ; общежитие, трубостойки МТС?                          ; 53.894333; 30.311717;G*
$;4;R  ;MO.; Могилев            ;v;     ;       ;         ;; 163 ; 602671 ;:51:52:53;     ;        ;         ;03.07.18 ; Челюскинцев 56А       ; общежитие, трубостойки МТС?                          ; 53.894333; 30.311717;G*
$;4;R  ;MO.; Могилев             ;;     ;       ;         ;; 163 ; 602674 ; 123     ; 163 ; 602674 ;56 89    ;08.12.16 ; Первомайская 66       ; ОАО "АгроМашСервис", мачта МТС                       ; 53.916200; 30.341572;G
$;4;R  ;MO.; Могилев            ;v;     ;       ;         ;; 163 ; 602674 ;:51:52:53;     ;        ;         ;08.12.16 ; Первомайская 66       ; ОАО "АгроМашСервис", мачта МТС                       ; 53.916200; 30.341572;G
$;4;R  ;MO.; Могилев             ;;     ;       ;         ;; 160 ; 604031 ; 123     ; 160 ; 604031 ; 6  9    ;27.12.16 ; Павлова 2             ; УО "Мог.больница N1", трипод МТС?                    ; 53.865470; 30.385520;G*
$;4;R  ;MO.; Могилев            ;v;     ;       ;         ;; 160 ; 604031 ;   :52:53;     ;        ;         ;27.12.16 ; Павлова 2             ; УО "Мог.больница N1", трипод МТС?                    ; 53.865470; 30.385520;G*
$;4;R  ;MO.; Могилев             ;;     ;       ;         ;; 163 ; 604154 ; 123     ;     ;        ;         ;09.06.18 ; Краснозвездная 56А    ; маг. "Плюс", мачта МТС                               ; 53.932600; 30.252539;G
$;4;R  ;MO.; Могилев            ;v;     ;       ;         ;; 163 ; 604154 ;:51:52:53;     ;        ;         ;09.06.18 ; Краснозвездная 56А    ; маг. "Плюс", мачта МТС                               ; 53.932600; 30.252539;G
$;4;R  ;MO.; Могилев             ;;     ;       ;         ;; 163 ; 604197 ; 123     ;     ;        ;         ;09.06.18 ; Ямницкая 83Б          ; склад оптовой базы, мачта МТС                        ; 53.899086; 30.264785;G
$;4;R  ;MO.; Могилев            ;v;     ;       ;         ;; 163 ; 604197 ;:51:52:53;     ;        ;         ;09.06.18 ; Ямницкая 83Б          ; склад оптовой базы, мачта МТС                        ; 53.899086; 30.264785;G
$;4;R  ;MO.; Могилев             ;;     ;       ;         ;; 160 ; 604241 ;  23     ;     ;        ;         ;27.12.16 ; Курако 28             ; металлургический завод, трипод МТС                   ; 53.917470; 30.353650;G
$;4;R  ;MO.; Могилев            ;v;     ;       ;         ;; 160 ; 604241 ;   :52:53;     ;        ;         ;27.12.16 ; Курако 28             ; металлургический завод, трипод МТС                   ; 53.917470; 30.353650;G
$;4;R  ;MO.; Могилев             ;;     ;       ;         ;; 163 ; 604246 ; 123     ; 163 ; 604246 ; 67  :10 ;17.01.17 ; Каштановая 4          ; ТЦ "Стрелец", мачта МТС                              ; 53.949770; 30.361660;G
$;4;R  ;MO.; Могилев             ;;     ;       ;         ;; 163 ; 604255 ; 123     ;     ;        ;         ;10.02.17 ; Белинского 35         ; ОАО "МогилевТоргТехника", мачта МТС?                 ; 53.929448; 30.356225;G*
$;4;R  ;MO.; Могилев             ;;     ;       ;         ;; 160 ; 604258 ; 123     ;     ;        ;         ;10.02.17 ; Пушкинский пр. 36А    ; магазин "Соседи", мачта МТС                          ; 53.871230; 30.350040;G
$;4;R  ;MO.; Могилев            ;v;     ;       ;         ;; 160 ; 604258 ;:51:52:53;     ;        ;         ;10.02.17 ; Пушкинский пр. 36А    ; магазин "Соседи", мачта МТС                          ; 53.871230; 30.350040;G
$;4;R  ;MO.; Могилев             ;;     ;       ;         ;; 163 ; 604260 ;   3     ;     ;        ;         ;10.02.17 ; Челюскинцев 140       ; ОАО "Могил.ремонтный з-д", мачта МТС                 ; 53.885383; 30.266500;G
$;4;R  ;MO.; Могилев            ;v;     ;       ;         ;; 163 ; 604260 ;      :53;     ;        ;         ;10.02.17 ; Челюскинцев 140       ; ОАО "Могил.ремонтный з-д", мачта МТС                 ; 53.885383; 30.266500;G
$;4;R  ;MO.; Могилев             ;;     ;       ;         ;; 160 ; 604261 ; 1 3     ;     ;        ;         ;10.02.17 ; Гончарная 3           ; склад, мачта МТС                                     ; 53.881500; 30.326700;G
$;4;R  ;MO.; Могилев            ;v;     ;       ;         ;; 160 ; 604261 ;:51   :53;     ;        ;         ;10.02.17 ; Гончарная 3           ; склад, мачта МТС                                     ; 53.881500; 30.326700;G
$;4;R  ;MO.; Могилев             ;;     ;       ;         ;; 163 ; 604357 ;   3     ;     ;        ;         ;10.02.17 ; Транспортный пер.     ; магазин, столб МТС                                   ; 53.944309; 30.334605;G
$;4;R  ;MO.; Могилев            ;v;     ;       ;         ;; 163 ; 604357 ;      :53;     ;        ;         ;10.02.17 ; Транспортный пер.     ; магазин, столб МТС                                   ; 53.944309; 30.334605;G
$;4;R  ;MO.; Могилев             ;;     ;       ;         ;; 160 ; 604495 ; 12      ;     ;        ;         ;10.02.17 ; Королева              ; опора освещения (юг)                                 ; 53.881000; 30.381900;G
$;4;R  ;MO.; Могилев            ;v;     ;       ;         ;; 160 ; 604495 ;:51:52   ;     ;        ;         ;10.02.17 ; Королева              ; опора освещения (юг)                                 ; 53.881000; 30.381900;G
$;4;R  ;MO.; Могилев             ;;     ;       ;         ;; 160 ; 604495 ;   3     ; 160 ; 604495 ;  7  :10 ;10.02.17 ; Королева              ; опора освещения (север)                              ; 53.881700; 30.381500;G
$;4;R  ;MO.; Могилев            ;v;     ;       ;         ;; 160 ; 604495 ;      :53;     ;        ;         ;10.02.17 ; Королева              ; опора освещения (север)                              ; 53.881700; 30.381500;G
$;4;R  ;MO.; Могилев             ;;     ;       ;         ;; 163 ; 604651 ; 123     ; 163 ; 604651 ;5  8     ;19.01.17 ; Космонавтов 25        ; общежитие дор.-строит. треста, трипод МТС?           ; 53.906070; 30.305898;G*
$;4;R  ;MO.; Могилев            ;v;     ;       ;         ;; 163 ; 604651 ;:51:52:53;     ;        ;         ;19.01.17 ; Космонавтов 25        ; общежитие дор.-строит. треста, трипод МТС?           ; 53.906070; 30.305898;G*
$;4;R  ;MO.; Могилев             ;;     ;       ;         ;; 163 ; 604652 ; 123     ; 163 ; 604652 ; 6  9    ;26.12.16 ; Якубовского 20        ; ОАО "Обувь", мачта МТС                               ; 53.917682; 30.306461;G
$;4;R  ;MO.; Могилев            ;v;     ;       ;         ;; 163 ; 604652 ;:51:52:53;     ;        ;         ;26.12.16 ; Якубовского 20        ; ОАО "Обувь", мачта МТС                               ; 53.917682; 30.306461;G
$;4;R  ;MO.; Могилев             ;;     ;       ;         ;; 163 ; 604654 ; 123     ; 163 ; 604654 ;  7      ;26.12.16 ; Гришина 82            ; обл.центр гигиены и эпидем., мачта МТС               ; 53.925550; 30.361000;G
$;4;R  ;MO.; Могилев            ;v;     ;       ;         ;; 163 ; 604654 ;      :53;     ;        ;         ;26.12.16 ; Гришина 82            ; обл.центр гигиены и эпидем., мачта МТС               ; 53.925550; 30.361000;G
$;4;R  ;MO.; Могилев             ;;     ;       ;         ;; 160 ; 604655 ; 123     ;     ;        ;         ;12.12.16 ; Гагарина 52А          ; проектный отдел ОАО Химволокно, мачта МТС            ; 53.878333; 30.318050;G
$;4;R  ;MO.; Могилев            ;v;     ;       ;         ;; 160 ; 604655 ;:51   :53;     ;        ;         ;12.12.16 ; Гагарина 52А          ; проектный отдел ОАО Химволокно, мачта МТС            ; 53.878333; 30.318050;G
$;4;R  ;MO.; Могилев             ;;     ;       ;         ;; 160 ; 604659 ;   3     ;     ;        ;         ;03.07.18 ; Славгородское ш.165   ; завод N7 СЖБ, мачта МТС?                             ; 53.841280; 30.386610;G*
$;4;R  ;MO.; Могилев             ;;     ;       ;         ;; 163 ; 604663 ; 123     ;     ;        ;         ;03.07.18 ; Челюскинцев 172       ; администрация АП N4, мачта МТС?                      ; 53.879161; 30.265504;G*
$;4;R  ;MO.; Могилев            ;v;     ;       ;         ;; 163 ; 604663 ;      :53;     ;        ;         ;03.07.18 ; Челюскинцев 172       ; администрация АП N4, мачта МТС?                      ; 53.879161; 30.265504;G*
$;4;R  ;MO.; Могилев             ;;     ;       ;         ;; 163 ; 604672 ; 123     ; 163 ; 604672 ;5  8     ;13.12.16 ; Вокзальная 32         ; дистанция электроснабжения, мачта МТС                ; 53.926463; 30.332039;G
$;4;R  ;MO.; Могилев            ;v;     ;       ;         ;; 163 ; 604672 ;:51   :53;     ;        ;         ;13.12.16 ; Вокзальная 32         ; дистанция электроснабжения, мачта МТС                ; 53.926463; 30.332039;G
$;4;R  ;MO.; Могилев             ;;     ;       ;         ;; 163 ; 604710 ; 123     ;     ;        ;         ;01.06.17 ; Пашковская 33         ; магазин "БелМаркет", трипод МТС                      ; 53.936862; 30.320746;G
$;4;R  ;MO.; Могилев             ;;     ;       ;         ;; 160 ; 604997 ; 123     ; 160 ; 604997 ;  7  :10 ;23.12.16 ; Тимирязевская 27А     ; управл.спорта облисполкома, трубостойки МТС          ; 53.912262; 30.336440;G
$;4;R  ;MO.; Могилев            ;v;     ;       ;         ;; 160 ; 604997 ;:51:52:53;     ;        ;         ;23.12.16 ; Тимирязевская 27А     ; управл.спорта облисполкома, трубостойки МТС          ; 53.912262; 30.336440;G
$;4;R  ;MO.; Могилев             ;;     ;       ;         ;; 160 ; 605058 ; 123     ; 160 ; 605058 ;5        ;13.12.16 ; Ленинская 63          ; технопарк, супермаркет Форум, трубостойки МТС        ; 53.904900; 30.343783;G
$;4;R  ;MO.; Могилев            ;v;     ;       ;         ;; 160 ; 605058 ;:51:52:53;     ;        ;         ;13.12.16 ; Ленинская 63          ; технопарк, супермаркет Форум, трубостойки МТС        ; 53.904900; 30.343783;G
$;4;R  ;MO.; Могилев             ;;     ;       ;         ;; 160 ; 605059 ;   3     ; 160 ; 605059 ;  7  :10 ;23.12.16 ; Южная 6               ; общ. ОАО "Агросервис", мачта МТС                     ; 53.875740; 30.384860;G
$;4;R  ;MO.; Могилев            ;v;     ;       ;         ;; 160 ; 605059 ;      :53;     ;        ;         ;23.12.16 ; Южная 6               ; общ. ОАО "Агросервис", мачта МТС                     ; 53.875740; 30.384860;G
$;4;D  ;MO.; Могилев             ;;     ;       ;         ;; 160 ; 605070 ; 123     ;     ;        ;         ;27.01.17 ; Пушкинский пр. 12     ; ТЦ "Preston", трипод МТС                             ; 53.878550; 30.339252;G
$;4;R  ;MO.; Могилев             ;;     ;       ;         ;; 163 ; 605227 ; 123     ;     ;        ;         ;10.02.17 ; Криулина 14           ; проф. лицей машиностроения, мачта МТС                ; 53.953703; 30.340105;G
$;4;R  ;MO.; Могилев             ;;     ;       ;         ;; 160 ; 605456 ;   3     ;     ;        ;         ;10.02.17 ; Непокоренных б-р 28   ; стройтрест N17, мачта МТС                            ; 53.875700; 30.331200;G
$;4;R  ;MO.; Могилев            ;v;     ;       ;         ;; 160 ; 605456 ;      :53;     ;        ;         ;10.02.17 ; Непокоренных б-р 28   ; стройтрест N17, мачта МТС                            ; 53.875700; 30.331200;G
$;4;R  ;MO.; Могилев             ;;     ;       ;         ;; 163 ; 605614 ; 12      ;     ;        ;         ;10.02.17 ; Орловского 24А        ; ДЮСШ, мачта МТС                                      ; 53.918477; 30.324150;G
$;4;R  ;MO.; Могилев            ;v;     ;       ;         ;; 163 ; 605614 ;:51:52   ;     ;        ;         ;10.02.17 ; Орловского 24А        ; ДЮСШ, мачта МТС                                      ; 53.918477; 30.324150;G
$;4;R  ;MO.; Могилев             ;;     ;       ;         ;; 160 ; 605641 ; 123     ; 160 ; 605641 ;  7  :10 ;09.06.18 ; Витебский пр. 5       ; ОАО "МоАЗ", администр. здание, мачта МТС             ; 53.882159; 30.406959;G
$;4;R  ;MO.; Могилев            ;v;     ;       ;         ;; 160 ; 605641 ;      :53;     ;        ;         ;09.06.18 ; Витебский пр. 5       ; ОАО "МоАЗ", администр. здание, мачта МТС             ; 53.882159; 30.406959;G
$;4;R  ;MO.; Могилев             ;;     ;       ;         ;; 160 ; 605651 ; 123     ;     ;        ;         ;26.12.16 ; Габровская 46А        ; магазин Бобруйскмебель, мачта МТС                    ; 53.873000; 30.359100;G
$;4;R  ;MO.; Могилев            ;v;     ;       ;         ;; 160 ; 605651 ;:51:52:53; 160 ; 605651 ; 67 9:10 ;26.12.16 ; Габровская 46А        ; магазин Бобруйскмебель, мачта МТС                    ; 53.873000; 30.359100;G
$;4;R  ;MO.; Могилев             ;;     ;       ;         ;; 160 ; 605652 ; 123     ;     ;        ;         ;26.12.16 ; Днепровский б-р 1     ; СТО, мачта МТС                                       ; 53.898439; 30.357704;G
$;4;R  ;MO.; Могилев             ;;     ;       ;         ;; 160 ; 605653 ; 123     ;     ;        ;         ;13.12.16 ; Первомайская 61       ; ЦУМ, трипод МТС                                      ; 53.904958; 30.339071;G
$;4;R  ;MO.; Могилев            ;v;     ;       ;         ;; 160 ; 605653 ;:51:52:53;     ;        ;         ;13.12.16 ; Первомайская 61       ; ЦУМ, трипод МТС                                      ; 53.904958; 30.339071;G
$;4;R  ;MO.; Могилев             ;;     ;       ;         ;; 160 ; 605654 ;   3     ; 160 ; 605654 ;    9:10 ;13.12.16 ; Симонова 8            ; общежитие, мачта МТС?                                ; 53.870913; 30.314932;G*
$;4;R  ;MO.; Могилев             ;;     ;       ;         ;; 163 ; 605655 ; 123     ; 163 ; 605655 ;    9    ;02.03.17 ; Каштановая            ; башня МТС 40м. около стоянки                         ; 53.952323; 30.369761;G
$;4;R  ;MO.; Могилев             ;;     ;       ;         ;; 160 ; 605656 ; 123     ; 160 ; 605656 ;5  8     ;13.12.16 ; Пушкинский пр. 49     ; общежитие N4 Лавсанстрой, мачта МТС                  ; 53.874917; 30.340267;G
$;4;R  ;MO.; Могилев            ;v;     ;       ;         ;; 160 ; 605656 ;:51      ;     ;        ;         ;13.12.16 ; Пушкинский пр. 49     ; общежитие N4 Лавсанстрой, мачта МТС                  ; 53.874917; 30.340267;G
$;4;R  ;MO.; Могилев             ;;     ;       ;         ;; 163 ; 605657 ; 123     ;     ;        ;         ;01.06.17 ; Кулибина 8            ; Газспецстрой, мачта МТС                              ; 53.955718; 30.355156;G
$;4;R  ;MO.; Могилев             ;;     ;       ;         ;; 160 ; 605673 ; 123     ;     ;        ;         ;08.12.16 ; Шмидта пр. 41         ; поликлиника N6, мачта МТС                            ; 53.828500; 30.334960;G
$;4;R  ;MO.; Могилев             ;;     ;       ;         ;; 163 ; 605685 ; 123     ; 163 ; 605685 ; 6  9    ;26.12.16 ; Бялыницкого-Бирули 12 ; областная больница, мачта МТС                        ; 53.914804; 30.276892;G
$;4;R  ;MO.; Могилев            ;v;     ;       ;         ;; 163 ; 605685 ;   :52:53;     ;        ;         ;26.12.16 ; Бялыницкого-Бирули 12 ; областная больница, мачта МТС                        ; 53.914804; 30.276892;G
$;4;R  ;MO.; Могилев             ;;     ;       ;         ;; 163 ; 605912 ; 123     ; 163 ; 605912 ;    9    ;10.02.17 ; Пысина                ; опорная мачта МТС                                    ; 53.917300; 30.293870;G
$;4;R  ;MO.; Могилев            ;v;     ;       ;         ;; 163 ; 605912 ;:51:52:53;     ;        ;         ;10.02.17 ; Пысина                ; опорная мачта МТС                                    ; 53.917300; 30.293870;G
$;4;R  ;MO.; Могилев             ;;     ;       ;         ;; 160 ; 605914 ; 123     ; 160 ; 605914 ;5 78 :10 ;04.07.18 ; Мовчанского 52        ; опорная мачта МТС ок. автостоянки                    ; 53.878910; 30.367429;G
$;4;R  ;MO.; Могилев             ;;     ;       ;         ;; 163 ; 605933 ; 12      ;     ;        ;         ;01.06.17 ; Космонавтов 57        ; магазин автозапчастей, мачта МТС                     ; 53.894029; 30.295540;G
$;4;R  ;MO.; Могилев            ;v;     ;       ;         ;; 163 ; 605933 ;:51:52   ;     ;        ;         ;01.06.17 ; Космонавтов 57        ; магазин автозапчастей, мачта МТС                     ; 53.894029; 30.295540;G
$;4;R  ;MO.; Могилев             ;;     ;       ;         ;; 163 ; 605934 ; 123     ; 163 ; 605934 ;5 78 :10 ;01.06.17 ; Первомайская 99       ; мебельный магазин, мачта МТС                         ; 53.924079; 30.342108;G
$;4;R  ;MO.; Могилев            ;v;     ;       ;         ;; 163 ; 605934 ;:51:52:53;     ;        ;         ;01.06.17 ; Первомайская 99       ; мебельный магазин, мачта МТС                         ; 53.924079; 30.342108;G
$;4;R  ;MO.; Могилев             ;;     ;       ;         ;; 163 ; 605997 ; 123     ; 163 ; 605997 ;5        ;10.02.17 ; Каманина 33           ; магазин ОАО "Восход", мачта МТС                      ; 53.940938; 30.349211;G
$;4;R  ;MO.; Могилев             ;;     ;       ;         ;; 163 ; 614145 ; 1       ;     ;        ;         ;01.06.17 ; Текстильщиков 11X     ; столб A1                                             ; 53.941570; 30.318910;G
$;4;R  ;MO.; Могилев            ;v;     ;       ;         ;; 163 ; 614145 ;:51      ;     ;        ;         ;01.06.17 ; Текстильщиков 11X     ; столб A1                                             ; 53.941570; 30.318910;G

$;4;D  ;MO.; Могилев             ;;     ;       ;         ;; 163 ; 600689 ;  23     ;     ;        ;         ;01.04.17 ; Шмидта пр. 80         ; фил-л БНТУ,магазин "E-MOGILEV", мачта МТС            ; 53.866900; 30.336067;G
$;4;D  ;MO.; Могилев             ;;     ;       ;         ;; 163 ; 604653 ; 123     ;     ;        ;         ;27.01.17 ; Витебский пр. 42      ; поликлиника N5, мачта МТС                            ; 53.885661; 30.413273;G


/;Могилевская область
$;4;R  ;MOO; Кличев              ;;     ;       ;         ;; 161 ; 600404 ; 1 3     ;     ;        ;         ;14.02.17 ; Красноармейская 19    ; ЦРБ, мачта МТС?                                      ; 53.487856; 29.336986;G*
$;4;R  ;MOO; Бобруйск           ;v;     ;       ;         ;; 161 ; 600404 ;      :53;     ;        ;         ;14.02.17 ; Красноармейская 19    ; ЦРБ, мачта МТС?                                      ; 53.487856; 29.336986;G*
$;4;R  ;MOO; Бобруйск            ;;     ;       ;         ;; 161 ; 600451 ; 123     ; 161 ; 600451 ; 6  9    ;14.02.17 ; Минская 21            ; РУЭС, мачта МТС                                      ; 53.148025; 29.230304;G
$;4;R  ;MOO; Бобруйск           ;v;     ;       ;         ;; 161 ; 600451 ;:51:52:53;     ;        ;         ;14.02.17 ; Минская 21            ; РУЭС, мачта МТС                                      ; 53.148025; 29.230304;G
$;4;R  ;MOO; Бобруйск            ;;     ;       ;         ;; 161 ; 600452 ; 123     ;     ;        ;         ;14.02.17 ; Чонгарская 37         ; Общество глухих УПП БелОГ                            ; 53.131553; 29.229484;G*
$;4;R  ;MOO; Бобруйск           ;v;     ;       ;         ;; 161 ; 600452 ;:51:52:53;     ;        ;         ;14.02.17 ; Чонгарская 37         ; Общество глухих УПП БелОГ                            ; 53.131553; 29.229484;G*
$;4;R  ;MOO; Бобруйск            ;;     ;       ;         ;; 161 ; 600453 ; 123     ;     ;        ;         ;03.02.17 ; Бахарова 225          ; завод ТДиА, труба                                    ; 53.126204; 29.200254;G
$;4;R  ;MOO; Бобруйск           ;v;     ;       ;         ;; 161 ; 600453 ;:51:52:53;     ;        ;         ;14.02.17 ; Бахарова 225          ; завод ТДиА, труба                                    ; 53.126204; 29.200254;G
$;4;R  ;MOO; Бобруйск            ;;     ;       ;         ;; 161 ; 600454 ; 123     ; 161 ; 600454 ;5  8     ;03.02.17 ; Гоголя 177            ; завод ТАиМ                                           ; 53.149735; 29.188383;G*
$;4;R  ;MOO; Бобруйск           ;v;     ;       ;         ;; 161 ; 600454 ;:51:52:53;     ;        ;         ;14.02.17 ; Гоголя 177            ; завод ТАиМ                                           ; 53.149735; 29.188383;G*
$;4;R  ;MOO; Бобруйск            ;;     ;       ;         ;; 161 ; 600455 ; 123     ; 161 ; 600455 ;5 78 :10 ;10.02.17 ; 50 лет ВЛКСМ 26       ; г-ца "Юбилейная", мачта МТС                          ; 53.168130; 29.191810;G
$;4;R  ;MOO; Бобруйск           ;v;     ;       ;         ;; 161 ; 600455 ;:51:52:53;     ;        ;         ;14.02.17 ; 50 лет ВЛКСМ 26       ; г-ца "Юбилейная", мачта МТС                          ; 53.168130; 29.191810;G
$;4;R  ;MOO; Бобруйск            ;;     ;       ;         ;; 161 ; 600456 ; 123     ;     ;        ;         ;10.02.17 ; Энергетиков 9         ; ТЭЦ-2, труба                                         ; 53.189393; 29.204169;G
$;4;R  ;MOO; Бобруйск           ;v;     ;       ;         ;; 161 ; 600456 ;:51:52   ;     ;        ;         ;14.02.17 ; Энергетиков 9         ; ТЭЦ-2, труба                                         ; 53.189393; 29.204169;G
$;4;R  ;MOO; Бобруйск            ;;     ;       ;         ;; 161 ; 600457 ; 123     ; 161 ; 600457 ;56789:10 ;10.02.17 ; Пролетарская 37       ; поликлиника N1, мачта МТС?                           ; 53.143746; 29.214768;G*
$;4;R  ;MOO; Бобруйск           ;v;     ;       ;         ;; 161 ; 600457 ;:51:52:53;     ;        ;         ;14.02.17 ; Пролетарская 37       ; поликлиника N1, мачта МТС?                           ; 53.143746; 29.214768;G*
$;4;R  ;MOO; Быхов               ;;     ;       ;         ;; 164 ; 600691 ; 1 3     ;     ;        ;         ;10.02.17 ; М.Богдановича 1       ; ЦРБ, леч.корпус N2                                   ; 53.530609; 30.228155;G
$;4;R  ;MOO; Осиповичи           ;;     ;       ;         ;; 161 ; 602407 ; 123     ; 161 ; 602407 ;56789:10 ;24.01.17 ; Интернациональная 5   ; почта, мачта МТС                                     ; 53.300647; 28.644450;G
$;4;R  ;MOO; Осиповичи          ;v;     ;       ;         ;; 161 ; 602407 ;:51:52:53;     ;        ;         ;03.02.17 ; Интернациональная 5   ; почта, мачта МТС                                     ; 53.300647; 28.644450;G
$;4;R  ;MOO; Осиповичи           ;;     ;       ;         ;; 165 ; 602408 ; 123     ; 165 ; 602408 ;5678 :10 ;24.01.17 ; Дмитриева 6           ; общежитие ОАО"Кровля", мачта МТС                     ; 53.308504; 28.634719;G
$;4;R  ;MOO; Осиповичи          ;v;     ;       ;         ;; 165 ; 602408 ;:51:52:53;     ;        ;         ;03.02.17 ; Дмитриева 6           ; общежитие ОАО"Кровля", мачта МТС                     ; 53.308504; 28.634719;G
$;4;R  ;MOO; Бобруйск            ;;     ;       ;         ;; 161 ; 602436 ; 123     ;     ;        ;         ;03.02.17 ; Энергетиков 26А       ; Техстройкомплект, мачта МТС                          ; 53.201349; 29.202723;G
$;4;R  ;MOO; Бобруйск           ;v;     ;       ;         ;; 161 ; 602436 ;:51:52:53;     ;        ;         ;03.02.17 ; Энергетиков 26А       ; Техстройкомплект, мачта МТС                          ; 53.201349; 29.202723;G
$;4;R  ;MOO; Бобруйск            ;;     ;       ;         ;; 161 ; 602451 ; 123     ; 161 ; 602451 ;57 8 :10 ;03.02.17 ; 50 лет ВЛКСМ 61       ; общежитие N7 стройтреста N13, мачта МТС?             ; 53.161482; 29.174717;G*
$;4;R  ;MOO; Бобруйск           ;v;     ;       ;         ;; 161 ; 602451 ;:51:52:53;     ;        ;         ;03.02.17 ; 50 лет ВЛКСМ 61       ; общежитие N7 стройтреста N13, мачта МТС?             ; 53.161482; 29.174717;G*
$;4;R  ;MOO; Бобруйск            ;;     ;       ;         ;; 161 ; 602452 ; 123     ;     ;        ;         ;01.04.17 ; пл.Ленина 1           ; горисполком                                          ; 53.146335; 29.223406;G
$;4;R  ;MOO; Бобруйск           ;v;     ;       ;         ;; 161 ; 602452 ;:51:52:53;     ;        ;         ;03.02.17 ; пл.Ленина 1           ; горисполком                                          ; 53.146335; 29.223406;G
$;4;R  ;MOO; Бобруйск            ;;     ;       ;         ;; 161 ; 602455 ; 123     ;     ;        ;         ;01.04.17 ; К.Маркса 337          ; ЧУП "Контакт-Бобруйск"                               ; 53.134993; 29.178560;G
$;4;R  ;MOO; Бобруйск           ;v;     ;       ;         ;; 161 ; 602455 ;:51:52:53;     ;        ;         ;03.02.17 ; К.Маркса 337          ; ЧУП "Контакт-Бобруйск"                               ; 53.134993; 29.178560;G
$;4;R  ;MOO; Бобруйск            ;;     ;       ;         ;; 161 ; 602456 ; 123     ;     ;        ;         ;03.02.17 ; бул.Приберезинский 21 ; ЖЭУ 12, мачта МТС                                    ; 53.192825; 29.227826;G
$;4;R  ;MOO; Бобруйск           ;v;     ;       ;         ;; 161 ; 602456 ;:51:52:53;     ;        ;         ;03.02.17 ; бул.Приберезинский 21 ; ЖЭУ 12, мачта МТС                                    ; 53.192825; 29.227826;G
$;4;R  ;MOO; Бобруйск            ;;     ;       ;         ;; 161 ; 602457 ; 123     ; 161 ; 602457 ;  7  :10 ;24.01.17 ; Социалистическая 84   ; ОАО "Славянка", мачта МТС                            ; 53.138835; 29.227300;G
$;4;R  ;MOO; Бобруйск           ;v;     ;       ;         ;; 161 ; 602457 ;:51:52:53;     ;        ;         ;14.02.17 ; Социалистическая 84   ; ОАО "Славянка", мачта МТС                            ; 53.138835; 29.227300;G
$;4;R  ;MOO; Бобруйск            ;;     ;       ;         ;; 161 ; 602458 ; 123     ;     ;        ;         ;04.02.17 ; Парковая 57           ; обувная фабрика, мачта МТС?                          ; 53.122781; 29.234171;G*
$;4;R  ;MOO; Бобруйск           ;v;     ;       ;         ;; 161 ; 602458 ;:51:52:53;     ;        ;         ;14.02.17 ; Парковая 57           ; обувная фабрика, мачта МТС?                          ; 53.122781; 29.234171;G*
$;4;R  ;MOO; Бобруйск            ;;     ;       ;         ;; 161 ; 602459 ; 123     ;     ;        ;         ;04.02.17 ; Минская 130           ; завод КПД, мачта МТС                                 ; 53.173036; 29.206369;G
$;4;R  ;MOO; Бобруйск           ;v;     ;       ;         ;; 161 ; 602459 ;:51:52:53;     ;        ;         ;14.02.17 ; Минская 130           ; завод КПД, мачта МТС                                 ; 53.173036; 29.206369;G
$;4;R  ;MOO; Бобруйск            ;;     ;       ;         ;; 161 ; 602460 ; 123     ;     ;        ;         ;10.02.17 ; пер.Шмидта 6          ; УМ-79, столб МТС?                                    ; 53.155690; 29.222880;G*
$;4;R  ;MOO; Бобруйск           ;v;     ;       ;         ;; 161 ; 602460 ;:51:52:53;     ;        ;         ;10.02.17 ; пер.Шмидта 6          ; УМ-79, столб МТС?                                    ; 53.155690; 29.222880;G*
$;4;R  ;MOO; Бобруйск            ;;     ;       ;         ;; 161 ; 602462 ; 123     ; 161 ; 602462 ;  7  :10 ;10.02.17 ; Гагарина 20           ; центральная больница                                 ; 53.175354; 29.185600;G
$;4;R  ;MOO; Бобруйск           ;v;     ;       ;         ;; 161 ; 602462 ;:51:52:53;     ;        ;         ;10.02.17 ; Гагарина 20           ; центральная больница                                 ; 53.175354; 29.185600;G
$;4;R  ;MOO; Белыничи            ;;     ;       ;         ;; 164 ; 602626 ; 123     ;     ;        ;         ;10.02.17 ; Советская 31          ; ЗАГС, мачта МТС?                                     ; 53.998563; 29.709495;G*
$;4;R  ;MOO; Горки               ;;     ;       ;         ;; 162 ; 602665 ;  23     ;     ;        ;         ;21.01.17 ; Железнодорожная 39    ; Горецкая РайАгроПромТехника, мачта МТС?              ; 54.262179; 30.985128;G*
$;4;R  ;MOO; Горки               ;;     ;       ;         ;; 162 ; 602666 ;  2      ;     ;        ;         ;21.01.17 ; Мичурина 9            ; корпус N1 БГСХА, мачта МТС?                          ; 54.296494; 30.989148;G*
$;4;R  ;MOO; Александрия         ;;     ;       ;         ;; 164 ; 604133 ; 123     ;     ;        ;         ;21.01.17 ; Шкловский р-н         ; гостиница, столб МТС                                 ; 54.330175; 30.281000;G
$;4;R  ;MOO; Александрия        ;v;     ;       ;         ;; 164 ; 604133 ;   :52:53;     ;        ;         ;21.01.17 ; Шкловский р-н         ; гостиница, столб МТС                                 ; 54.330175; 30.281000;G
$;4;R  ;MOO; Шклов               ;;     ;       ;         ;; 163 ; 604151 ; 123     ; 163 ; 604151 ;  7  :10 ;26.12.16 ; Ленинская 49          ; УКП "БытУслуги", мачта МТС                           ; 54.201581; 30.297344;G
$;4;R  ;MOO; Шклов              ;v;     ;       ;         ;; 163 ; 604151 ;   :52:53;     ;        ;         ;26.12.16 ; Ленинская 49          ; УКП "БытУслуги", мачта МТС                           ; 54.201581; 30.297344;G
$;4;R  ;MOO; Бобруйск            ;;     ;       ;         ;; 161 ; 604176 ; 123     ;     ;        ;         ;01.04.17 ; Интернациональная 37А ; КУП "БобруйскКино", мачта МТС?                       ; 53.138530; 29.217850;G*
$;4;R  ;MOO; Бобруйск           ;v;     ;       ;         ;; 161 ; 604176 ;:51:52:53;     ;        ;         ;01.04.17 ; Интернациональная 37А ; КУП "БобруйскКино", мачта МТС?                       ; 53.138530; 29.217850;G*
$;4;R  ;MOO; Бобруйск            ;;     ;       ;         ;; 161 ; 604177 ; 123     ;     ;        ;         ;01.04.17 ; Минская 102           ; ОАО"БеларусьРезиноТехника", мачта МТС?               ; 53.164920; 29.211220;G*
$;4;R  ;MOO; Бобруйск           ;v;     ;       ;         ;; 161 ; 604177 ;:51:52:53;     ;        ;         ;01.04.17 ; Минская 102           ; ОАО"БеларусьРезиноТехника", мачта МТС?               ; 53.164920; 29.211220;G*
$;4;R  ;MOO; Бобруйск            ;;     ;       ;         ;; 161 ; 604318 ; 123     ;     ;        ;         ;03.02.17 ; Черепичная            ; магазин, мачта МТС                                   ; 53.157219; 29.155301;G
$;4;R  ;MOO; Бобруйск           ;v;     ;       ;         ;; 161 ; 604318 ;:51:52:53;     ;        ;         ;14.02.17 ; Черепичная            ; магазин, мачта МТС                                   ; 53.157219; 29.155301;G
$;4;R  ;MOO; Осиповичи           ;;     ;       ;         ;; 165 ; 604319 ; 123     ;     ;        ;         ;24.01.17 ; Сташкевича 31         ; консервный з-д, склады, мачта МТС                    ; 53.315433; 28.631286;G
$;4;R  ;MOO; Осиповичи          ;v;     ;       ;         ;; 165 ; 604319 ;:51:52:53;     ;        ;         ;03.02.17 ; Сташкевича 31         ; консервный з-д, склады, мачта МТС                    ; 53.315433; 28.631286;G
$;4;R  ;MOO; Бобруйск            ;;     ;       ;         ;; 161 ; 604451 ;  23     ;     ;        ;         ;03.02.17 ; Рогачевская           ; цех завода "Керамика", мачта МТС                     ; 53.140255; 29.291761;G
$;4;R  ;MOO; Бобруйск           ;v;     ;       ;         ;; 161 ; 604451 ;   :52:53;     ;        ;         ;14.02.17 ; Рогачевская           ; цех завода "Керамика", мачта МТС                     ; 53.140255; 29.291761;G
$;4;R  ;MOO; Бобруйск            ;;     ;       ;         ;; 161 ; 604454 ; 123     ; 161 ; 604454 ;   89    ;14.02.17 ; Строителей пр. 37      ; поликлиника N7, мачта МТС                            ; 53.190459; 29.223506;G
$;4;R  ;MOO; Бобруйск           ;v;     ;       ;         ;; 161 ; 604454 ;:51:52:53;     ;        ;         ;14.02.17 ; Строителей пр. 37      ; поликлиника N7, мачта МТС                            ; 53.190459; 29.223506;G
$;4;R  ;MOO; Бобруйск            ;;     ;       ;         ;; 161 ; 604459 ; 123     ; 161 ; 604459 ;  7  :10 ;14.02.17 ; Войкова 20            ; гостиница Турист                                     ; 53.154716; 29.247106;G
$;4;R  ;MOO; Бобруйск           ;v;     ;       ;         ;; 161 ; 604459 ;:51:52:53;     ;        ;         ;14.02.17 ; Войкова 20            ; гостиница Турист                                     ; 53.154716; 29.247106;G
$;4;R  ;MOO; Бобруйск            ;;     ;       ;         ;; 161 ; 604475 ; 123     ;     ;        ;         ;10.02.17 ; Горелика 20А          ; магазин "Евроопт", мачта МТС                         ; 53.140317; 29.165118;G
$;4;R  ;MOO; Бобруйск           ;v;     ;       ;         ;; 161 ; 604475 ;:51:52:53;     ;        ;         ;14.02.17 ; Горелика 20А          ; магазин "Евроопт", мачта МТС                         ; 53.140317; 29.165118;G
$;4;R  ;MOO; Бобруйск            ;;     ;       ;         ;; 161 ; 604482 ; 123     ;     ;        ;         ;24.01.17 ; Интернациональная 72А ; общежитие, мачта МТС                                 ; 53.141060; 29.201910;G
$;4;R  ;MOO; Бобруйск           ;v;     ;       ;         ;; 161 ; 604482 ;:51:52:53;     ;        ;         ;14.02.17 ; Интернациональная 72А ; общежитие, мачта МТС                                 ; 53.141060; 29.201910;G
$;4;R  ;MOO; Бобруйск            ;;     ;       ;         ;; 161 ; 604625 ; 123     ;     ;        ;         ;10.02.17 ; Орджоникидзе 12       ; отд.образов.админ.Первомайского р-на                 ; 53.164080; 29.202780;G*
$;4;R  ;MOO; Бобруйск           ;v;     ;       ;         ;; 161 ; 604625 ;:51:52:53;     ;        ;         ;14.02.17 ; Орджоникидзе 12       ; отд.образов.админ.Первомайского р-на                 ; 53.164080; 29.202780;G*
$;4;R  ;MOO; Горки               ;;     ;       ;         ;; 162 ; 604647 ; 12      ; 162 ; 604647 ;5        ;24.01.17 ; Горького 3А           ; РУЭС, мачта МТС?                                     ; 54.288657; 30.980964;G*
$;4;R  ;MOO; Бобруйск            ;;     ;       ;         ;; 161 ; 605349 ; 123     ;     ;        ;         ;10.02.17 ; Карбышева 11          ; Бобруйск-Арена                                       ; 53.142317; 29.247008;G
$;4;R  ;MOO; Бобруйск           ;v;     ;       ;         ;; 161 ; 605349 ;:51:52:53;     ;        ;         ;14.02.17 ; Карбышева 11          ; Бобруйск-Арена                                       ; 53.142317; 29.247008;G
$;4;R  ;MOO; Бобруйск            ;;     ;       ;         ;; 161 ; 605606 ; 123     ;     ;        ;         ;10.02.17 ; Орловского 9          ; цех фабрики мягкой мебели, мачта МТС                 ; 53.125555; 29.177624;G
$;4;R  ;MOO; Бобруйск           ;v;     ;       ;         ;; 161 ; 605606 ;:51:52:53;     ;        ;         ;14.02.17 ; Орловского 9          ; цех фабрики мягкой мебели, мачта МТС                 ; 53.125555; 29.177624;G
$;4;R  ;MOO; Осиповичи           ;;     ;       ;         ;; 161 ; 605609 ; 123     ;     ;        ;         ;24.01.17 ; 60-лет Октября 4      ; поликлиника, мачта МТС                               ; 53.322923; 28.646706;G
$;4;R  ;MOO; Осиповичи          ;v;     ;       ;         ;; 161 ; 605609 ;:51:52:53;     ;        ;         ;03.02.17 ; 60-лет Октября 4      ; поликлиника, мачта МТС                               ; 53.322923; 28.646706;G
$;4;R  ;MOO; Быхов               ;;     ;       ;         ;; 164 ; 605691 ;  23     ;     ;        ;         ;10.02.17 ; пл.Красовского 6       ; дом быта                                             ; 53.517996; 30.239302;G
$;4;R  ;MOO; Бобруйск            ;;     ;       ;         ;; 161 ; 605904 ; 123     ;     ;        ;         ;10.02.17 ; М.Горького 7А         ; ТЦ "Вестер", мачта МТС                               ; 53.143154; 29.231315;G
$;4;R  ;MOO; Бобруйск           ;v;     ;       ;         ;; 161 ; 605904 ;:51:52:53;     ;        ;         ;14.02.17 ; М.Горького 7А         ; ТЦ "Вестер", мачта МТС                               ; 53.143154; 29.231315;G
$;4;R  ;MOO; Горки               ;;     ;       ;         ;; 162 ; 605947 ; 1 3     ; 162 ; 605947 ;  7      ;24.01.17 ; Заслонова 24          ; центр. котельная, низкая труба                       ; 54.283571; 30.990028;G
$;4;R  ;MOO; Горки               ;;     ;       ;         ;; 162 ; 605965 ;  23     ;     ;        ;         ;24.01.17 ; Калинина 57           ; башня 40м МТС около дома?                            ; 54.274146; 30.993479;G*
$;4;R  ;MOO; Горки               ;;     ;       ;         ;; 162 ; 605967 ; 1       ;     ;        ;         ;24.01.17 ; Мичурина 5            ; корпус N10 БГСХА, трубостойки МТС?                   ; 54.293209; 30.988896;G*
$;4;R  ;MOO; Бобруйск            ;;     ;       ;         ;; 161 ; 611501 ;123      ;     ;        ;         ;17.05.17 ; Гоголя 189            ; общежитие N8 стройтреста N13, мачта A1               ; 53.158255; 29.171317;G
$;4;R  ;MOO; Бобруйск           ;v;     ;       ;         ;; 161 ; 611501 ;:51:52:53;     ;        ;         ;17.05.17 ; Гоголя 189            ; общежитие N8 стройтреста N13, мачта A1               ; 53.158255; 29.171317;G
$;4;R  ;MOO; Бобруйск            ;;     ;       ;         ;; 161 ; 611506 ;123      ;     ;        ;         ;17.05.17 ; Советская 177         ; врачебно-физкульт. диспансер, мачта A1               ; 53.152530; 29.239270;G
$;4;R  ;MOO; Бобруйск           ;v;     ;       ;         ;; 161 ; 611506 ;:51:52:53;     ;        ;         ;17.05.17 ; Советская 177         ; врачебно-физкульт. диспансер, мачта A1               ; 53.152530; 29.239270;G
$;4;R  ;MOO; Бобруйск            ;;     ;       ;         ;; 161 ; 611508 ;123      ;     ;        ;         ;17.05.17 ; бул.Приберезенский 40 ; магазин "Копеечка", мачта A1                         ; 53.197807; 29.227611;G
$;4;R  ;MOO; Бобруйск           ;v;     ;       ;         ;; 161 ; 611508 ;:51:52:53;     ;        ;         ;17.05.17 ; бул.Приберезенский 40 ; магазин "Копеечка", мачта A1                         ; 53.197807; 29.227611;G
$;4;R  ;MOO; Бобруйск            ;;     ;       ;         ;; 161 ; 611509 ;123      ;     ;        ;         ;17.05.17 ; 50 лет ВЛКСМ 40       ; бобруйский торговый центр, мачта A1                  ; 53.166770; 29.178460;G
$;4;R  ;MOO; Бобруйск           ;v;     ;       ;         ;; 161 ; 611509 ;:51:52:53;     ;        ;         ;17.05.17 ; 50 лет ВЛКСМ 40       ; бобруйский торговый центр, мачта A1                  ; 53.166770; 29.178460;G
$;4;R  ;MOO; Бобруйск            ;;     ;       ;         ;; 161 ; 611510 ;123      ;     ;        ;         ;17.05.17 ; Советская 97          ; г-ца "Бобруйск", мачта A1                            ; 53.144682; 29.225724;G
$;4;R  ;MOO; Бобруйск           ;v;     ;       ;         ;; 161 ; 611510 ;:51:52:53;     ;        ;         ;17.05.17 ; Советская 97          ; г-ца "Бобруйск", мачта A1                            ; 53.144682; 29.225724;G
$;4;R  ;MOO; Бобруйск            ;;     ;       ;         ;; 161 ; 611511 ;123      ;     ;        ;         ;17.05.17 ; Советская 61          ; торгово-экономический колледж, мачта A1              ; 53.135210; 29.224680;G
$;4;R  ;MOO; Бобруйск           ;v;     ;       ;         ;; 161 ; 611511 ;:51:52:53;     ;        ;         ;17.05.17 ; Советская 61          ; торгово-экономический колледж, мачта A1              ; 53.135210; 29.224680;G
$;4;R  ;MOO; Бобруйск            ;;     ;       ;         ;; 161 ; 611514 ;123      ;     ;        ;         ;17.05.17 ; Первомайская 40       ; ОАО "Бобруйсктрикотаж", мачта A1                     ; 53.135942; 29.235423;G
$;4;R  ;MOO; Бобруйск           ;v;     ;       ;         ;; 161 ; 611514 ;:51:52:53;     ;        ;         ;17.05.17 ; Первомайская 40       ; ОАО "Бобруйсктрикотаж", мачта A1                     ; 53.135942; 29.235423;G
$;4;R  ;MOO; Бобруйск            ;;     ;       ;         ;; 161 ; 611517 ;123      ;     ;        ;         ;17.05.17 ; 50 лет ВЛКСМ 8        ; АТС 43/44, мачта A1                                  ; 53.170273; 29.198399;G
$;4;R  ;MOO; Бобруйск           ;v;     ;       ;         ;; 161 ; 611517 ;:51:52:53;     ;        ;         ;17.05.17 ; 50 лет ВЛКСМ 8        ; АТС 43/44, мачта A1                                  ; 53.170273; 29.198399;G
$;4;R  ;MOO; Бобруйск            ;;     ;       ;         ;; 161 ; 611518 ;123      ;     ;        ;         ;17.05.17 ; перес.Минской/Шинной  ; АО Белшина, мачта A1                                 ; 53.179495; 29.198619;G
$;4;R  ;MOO; Бобруйск           ;v;     ;       ;         ;; 161 ; 611518 ;:51:52:53;     ;        ;         ;17.05.17 ; перес.Минской/Шинной  ; АО Белшина, мачта A1                                 ; 53.179495; 29.198619;G
$;4;R  ;MOO; Бобруйск            ;;     ;       ;         ;; 161 ; 611520 ;123      ;     ;        ;         ;17.05.17 ; Кирова 139А           ; зеленхоз, мачта A1                                   ; 53.108270; 29.244900;G
$;4;R  ;MOO; Бобруйск           ;v;     ;       ;         ;; 161 ; 611520 ;:51:52:53;     ;        ;         ;17.05.17 ; Кирова 139А           ; зеленхоз, мачта A1                                   ; 53.108270; 29.244900;G
$;4;R  ;MOO; Бобруйск            ;;     ;       ;         ;; 161 ; 611521 ;123      ;     ;        ;         ;17.05.17 ; Крылова 44            ; быткомбинат, мачта A1                                ; 53.152120; 29.200930;G
$;4;R  ;MOO; Бобруйск           ;v;     ;       ;         ;; 161 ; 611521 ;:51:52:53;     ;        ;         ;17.05.17 ; Крылова 44            ; быткомбинат, мачта A1                                ; 53.152120; 29.200930;G
$;4;R  ;MOO; Бобруйск            ;;     ;       ;         ;; 161 ; 611523 ;123      ;     ;        ;         ;17.05.17 ;                       ; склад Белшина,ок.рынка Еловики, трипод A1            ; 53.192372; 29.182123;G
$;4;R  ;MOO; Бобруйск           ;v;     ;       ;         ;; 161 ; 611523 ;:51:52:53;     ;        ;         ;17.05.17 ;                       ; склад Белшина,ок.рынка Еловики, трипод A1            ; 53.192372; 29.182123;G
$;4;R  ;MOO; Воловцы             ;; 162 ; 611536;      :23;;     ;        ;         ;     ;        ;         ;17.05.17 ; Горецкий р-н          ; башня A1 70м                                         ; 54.411182; 30.709206;G
$;4;R  ;MOO; Ореховка            ;; 165 ; 611618;   :22   ;;     ;        ;         ;     ;        ;         ;17.05.17 ; Кличевский р-н        ; башня A1 70м                                         ; 53.497551; 29.142485;G
$;4;R  ;MOO; Осиповичи           ;;     ;       ;         ;; 161 ; 611619 ;123      ;     ;        ;         ;17.05.17 ; Проектируемая 10      ; труба мини-ТЭЦ                                       ; 53.315139; 28.664972;G
$;4;R  ;MOO; Осиповичи          ;v;     ;       ;         ;; 161 ; 611619 ;:51:52:53;     ;        ;         ;17.05.17 ; Проектируемая 10      ; труба мини-ТЭЦ                                       ; 53.315139; 28.664972;G
$;4;R  ;MOO; Осиповичи           ;;     ;       ;         ;; 161 ; 611622 ;123      ;     ;        ;         ;17.05.17 ; Раб.-Крестьянская 20  ; мол.-подрост. центр Ровесник, мачта A1               ; 53.294561; 28.641097;G
$;4;R  ;MOO; Осиповичи          ;v;     ;       ;         ;; 161 ; 611622 ;:51:52:53;     ;        ;         ;17.05.17 ; Раб.-Крестьянская 20  ; мол.-подрост. центр Ровесник, мачта A1               ; 53.294561; 28.641097;G
$;4;R  ;MOO; Осиповичи           ;;     ;       ;         ;; 161 ; 611624 ;123      ;     ;        ;         ;17.05.17 ; Советский, Лесная 17  ; котельная N11 УКП ЖКХ, мачта A1                      ; 53.317453; 28.598726;G
$;4;R  ;MOO; Осиповичи          ;v;     ;       ;         ;; 161 ; 611624 ;:51:52:53;     ;        ;         ;17.05.17 ; Советский, Лесная 17  ; котельная N11 УКП ЖКХ, мачта A1                      ; 53.317453; 28.598726;G
$;4;R  ;MOO; Шклов               ;;     ;       ;         ;; 163 ; 601668 ;  23     ;     ;        ;         ;26.12.16 ; Колхозная 20          ; комбикормовый завод, мачта A1                        ; 54.223374; 30.281734;G
$;4;R  ;MOO; Шклов              ;v;     ;       ;         ;; 163 ; 601668 ;   :52:53;     ;        ;         ;26.12.16 ; Колхозная 20          ; комбикормовый завод, мачта A1                        ; 54.223374; 30.281734;G
$;4;R  ;MOO; Бобруйск            ;;     ;       ;         ;; 161 ; 612429 ;123      ;     ;        ;         ;17.05.17 ; Глинки 44             ; столб A1, 14-е почтовое отделение                    ; 53.180750; 29.233520;G
$;4;R  ;MOO; Бобруйск           ;v;     ;       ;         ;; 161 ; 612429 ;:51:52:53;     ;        ;         ;17.05.17 ; Глинки 44             ; столб A1, 14-е почтовое отделение                    ; 53.180750; 29.233520;G
$;4;R  ;MOO; Бобруйск            ;;     ;       ;         ;; 161 ; 612431 ;123      ;     ;        ;         ;17.05.17 ; Орджоникидзе 54       ; комбинат ЖБИ                                         ; 53.158310; 29.187310;G
$;4;R  ;MOO; Бобруйск           ;v;     ;       ;         ;; 161 ; 612431 ;:51:52:53;     ;        ;         ;17.05.17 ; Орджоникидзе 54       ; комбинат ЖБИ                                         ; 53.158310; 29.187310;G
$;4;R  ;MOO; Осиповичи           ;;     ;       ;         ;; 161 ; 612658 ;123      ;     ;        ;         ;17.05.17 ; Потоцкого 11А         ; магазин N17 ОАО"ЖелДорСервис", мачта A1              ; 53.309628; 28.615123;G
$;4;R  ;MOO; Осиповичи          ;v;     ;       ;         ;; 161 ; 612658 ;:51:52:53;     ;        ;         ;17.05.17 ; Потоцкого 11А         ; магазин N17 ОАО"ЖелДорСервис", мачта A1              ; 53.309628; 28.615123;G
$;4;R  ;MOO; Осиповичи           ;;     ;       ;         ;; 161 ; 612771 ;123      ;     ;        ;         ;17.05.17 ; Голанта               ; столб A1                                             ; 53.291827; 28.623049;G
$;4;R  ;MOO; Осиповичи          ;v;     ;       ;         ;; 161 ; 612771 ;:51:52:53;     ;        ;         ;17.05.17 ; Голанта               ; столб A1                                             ; 53.291827; 28.623049;G
$;4;R  ;MOO; Бобруйск            ;;     ;       ;         ;; 161 ; 613060 ;123      ;     ;        ;         ;17.05.17 ; Ленина 92             ; общежитие ОАО "Фандок", мачта A1  	     			; 53.160960; 29.233700;G
$;4;R  ;MOO; Бобруйск           ;v;     ;       ;         ;; 161 ; 613060 ;:51:52:53;     ;        ;         ;17.05.17 ; Ленина 92             ; общежитие ОАО "Фандок", мачта A1  					; 53.160960; 29.233700;G
$;4;R  ;MOO; Бобруйск            ;;     ;       ;         ;; 161 ; 613375 ;123      ;     ;        ;         ;17.05.17 ; Горелика 339          ; мачта A1                                             ; 53.143363; 29.153198;G
$;4;R  ;MOO; Бобруйск           ;v;     ;       ;         ;; 161 ; 613375 ;:51:52:53;     ;        ;         ;17.05.17 ; Горелика 339          ; мачта A1                                             ; 53.143363; 29.153198;G
$;4;R  ;MOO; Бобруйск            ;;     ;       ;         ;; 161 ; 613436 ;123      ;     ;        ;         ;17.05.17 ; Гагарина 46           ; райотдел МЧС, пож.часть, мачта A1					; 53.169627; 29.169139;G
$;4;R  ;MOO; Бобруйск           ;v;     ;       ;         ;; 161 ; 613436 ;:51:52:53;     ;        ;         ;17.05.17 ; Гагарина 46           ; райотдел МЧС, пож.часть, мачта A1					; 53.169627; 29.169139;G
$;4;R  ;MOO; Бобруйск            ;;     ;       ;         ;; 161 ; 614258 ;123      ;     ;        ;         ;17.05.17 ; пер.Привокзальный     ; товарная контора ст.Березина, мачта A1               ; 53.131285; 29.247869;G
$;4;R  ;MOO; Бобруйск           ;v;     ;       ;         ;; 161 ; 614258 ;:51:52:53;     ;        ;         ;17.05.17 ; пер.Привокзальный     ; товарная контора ст.Березина, мачта A1               ; 53.131285; 29.247869;G
$;4;R  ;MOO; Осиповичи           ;;     ;       ;         ;; 161 ; 614263 ;123      ;     ;        ;         ;17.05.17 ; Юбилейная 45          ; автопарк N19, мачта A1                               ; 53.309070; 28.655919;G
$;4;R  ;MOO; Осиповичи          ;v;     ;       ;         ;; 161 ; 614263 ;:51:52:53;     ;        ;         ;17.05.17 ; Юбилейная 45          ; автопарк N19, мачта A1                               ; 53.309070; 28.655919;G
$;4;R  ;MOO; Бобруйск            ;;     ;       ;         ;; 161 ; 614579 ;123      ;     ;        ;         ;17.05.17 ; Чехова 35             ; завод сборного железобетона N2                       ; 53.164830; 29.217380;G
$;4;R  ;MOO; Бобруйск           ;v;     ;       ;         ;; 161 ; 614579 ;:51:52:53;     ;        ;         ;17.05.17 ; Чехова 35             ; завод сборного железобетона N2                       ; 53.164830; 29.217380;G
$;4;R  ;MOO; Бобруйск            ;;     ;       ;         ;; 161 ; 614592 ;123      ;     ;        ;         ;17.05.17 ; Сосновый пер. 40      ; межрайонный онкодиспансер, мачта A1                  ; 53.145271; 29.168146;G
$;4;R  ;MOO; Бобруйск           ;v;     ;       ;         ;; 161 ; 614592 ;:51:52:53;     ;        ;         ;17.05.17 ; Сосновый пер. 40      ; межрайонный онкодиспансер, мачта A1                  ; 53.145271; 29.168146;G
$;4;R  ;MOO; Бобруйск            ;;     ;       ;         ;; 161 ; 615047 ;123      ;     ;        ;         ;17.05.17 ; К.Маркса 115          ; ЧПУП"Дизайн Комфорт Мебель", мачта A1                ; 53.131405; 29.216056;G
$;4;R  ;MOO; Бобруйск           ;v;     ;       ;         ;; 161 ; 615047 ;:51:52:53;     ;        ;         ;17.05.17 ; К.Маркса 115          ; ЧПУП"Дизайн Комфорт Мебель", мачта A1                ; 53.131405; 29.216056;G
$;4;R  ;MOO; Бобруйск            ;;     ;       ;         ;; 161 ; 615048 ;123      ;     ;        ;         ;17.05.17 ; Ковзана 5             ; СТО "СитиГрандСервис", мачта A1                      ; 53.113630; 29.230320;G
$;4;R  ;MOO; Бобруйск           ;v;     ;       ;         ;; 161 ; 615048 ;:51:52:53;     ;        ;         ;17.05.17 ; Ковзана 5             ; СТО "СитиГрандСервис", мачта A1                      ; 53.113630; 29.230320;G
$;4;R  ;MOO; Бобруйск            ;;     ;       ;         ;; 161 ; 615444 ;123      ;     ;        ;         ;17.05.17 ; Кирова 25             ; воен.городок N9, столб A1                            ; 53.121350; 29.251140;G
$;4;R  ;MOO; Бобруйск           ;v;     ;       ;         ;; 161 ; 615444 ;:51:52:53;     ;        ;         ;17.05.17 ; Кирова 25             ; воен.городок N9, столб A1                            ; 53.121350; 29.251140;G
$;4;R  ;MOO; Бобруйск            ;;     ;       ;         ;; 161 ; 615561 ;123      ;     ;        ;         ;17.05.17 ; Ново-шоссейная 2      ; Бобруйск-мебель, мачта A1                            ; 53.130900; 29.203080;G
$;4;R  ;MOO; Бобруйск           ;v;     ;       ;         ;; 161 ; 615561 ;:51:52:53;     ;        ;         ;17.05.17 ; Ново-шоссейная 2      ; Бобруйск-мебель, мачта A1                            ; 53.130900; 29.203080;G
$;4;R  ;MOO; Бобруйск            ;;     ;       ;         ;; 161 ; 615969 ;123      ;     ;        ;         ;17.05.17 ; Еловики 33            ; Белсвязьстрой, Бобруйский участок, мачта A1          ; 53.181847; 29.187565;G
$;4;R  ;MOO; Бобруйск           ;v;     ;       ;         ;; 161 ; 615969 ;:51:52:53;     ;        ;         ;17.05.17 ; Еловики 33            ; Белсвязьстрой, Бобруйский участок, мачта A1          ; 53.181847; 29.187565;G
$;4;R  ;MOO; Бобруйск            ;;     ;       ;         ;; 161 ; 615970 ;123      ;     ;        ;         ;17.05.17 ; Западная 19           ; ОАО"БСТМ-1", столб A1                                ; 53.166681; 29.172345;G
$;4;R  ;MOO; Бобруйск           ;v;     ;       ;         ;; 161 ; 615970 ;:51:52:53;     ;        ;         ;17.05.17 ; Западная 19           ; ОАО"БСТМ-1", столб A1                                ; 53.166681; 29.172345;G
$;4;R  ;MOO; Бобруйск            ;;     ;       ;         ;; 161 ; 615972 ;123      ;     ;        ;         ;17.05.17 ; 50 лет ВЛКСМ 33А      ; столб A1 за ТЦ "Корона"                              ; 53.164777; 29.188900;G
$;4;R  ;MOO; Бобруйск           ;v;     ;       ;         ;; 161 ; 615972 ;:51:52:53;     ;        ;         ;17.05.17 ; 50 лет ВЛКСМ 33А      ; столб A1 за ТЦ "Корона"                              ; 53.164777; 29.188900;G
$;4;R  ;MOO; Бобруйск            ;;     ;       ;         ;; 161 ; 615973 ;123      ;     ;        ;         ;17.05.17 ; Интернациональная 48  ; Филиал БНТУ "БГАК"/Модельный центр, мачта A1         ; 53.140192; 29.210135;G
$;4;R  ;MOO; Бобруйск           ;v;     ;       ;         ;; 161 ; 615973 ;:51:52:53;     ;        ;         ;17.05.17 ; Интернациональная 48  ; Филиал БНТУ "БГАК"/Модельный центр, мачта A1         ; 53.140192; 29.210135;G
$;4;R  ;MOO; Бобруйск            ;;     ;       ;         ;; 161 ; 615985 ;123      ;     ;        ;         ;17.05.17 ; 10-й съезд Советов    ; столб A1                                             ; 53.121993; 29.208215;G
$;4;R  ;MOO; Бобруйск           ;v;     ;       ;         ;; 161 ; 615985 ;:51:52:53;     ;        ;         ;17.05.17 ; 10-й съезд Советов    ; столб A1                                             ; 53.121993; 29.208215;G
$;4;R  ;MOO; Бобруйск            ;;     ;       ;         ;; 161 ; 616679 ;123      ;     ;        ;         ;17.05.17 ; Звездный пр. 1        ; заготовительный пункт, столб A1                      ; 53.186931; 29.230661;G
$;4;R  ;MOO; Бобруйск           ;v;     ;       ;         ;; 161 ; 616679 ;:51:52:53;     ;        ;         ;17.05.17 ; Звездный пр. 1        ; заготовительный пункт, столб A1                      ; 53.186931; 29.230661;G
$;4;R  ;MOO; Бобруйск            ;;     ;       ;         ;; 161 ; 616683 ;123      ;     ;        ;         ;17.05.17 ; Минская 111           ; гипермаркет Евроопт, столб A1                        ; 53.166340; 29.207112;G
$;4;R  ;MOO; Бобруйск           ;v;     ;       ;         ;; 161 ; 616683 ;:51:52:53;     ;        ;         ;17.05.17 ; Минская 111           ; гипермаркет Евроопт, столб A1                        ; 53.166340; 29.207112;G
$;4;R  ;MOO; Бобруйск            ;;     ;       ;         ;; 161 ; 616684 ;123      ;     ;        ;         ;17.05.17 ; Бахарова 267в         ; магазин Пинскдрев, мачта A1                          ; 53.126364; 29.230549;G
$;4;R  ;MOO; Бобруйск           ;v;     ;       ;         ;; 161 ; 616684 ;:51:52:53;     ;        ;         ;17.05.17 ; Бахарова 267в         ; магазин Пинскдрев, мачта A1                          ; 53.126364; 29.230549;G
$;4;R  ;MOO; Бобруйск            ;;     ;       ;         ;; 161 ; 616685 ;123      ;     ;        ;         ;17.05.17 ; Красноармейская 55    ; ТЦ "На Красноармейской", трипод A1                   ; 53.151847; 29.227481;G
$;4;R  ;MOO; Бобруйск           ;v;     ;       ;         ;; 161 ; 616685 ;:51:52:53;     ;        ;         ;17.05.17 ; Красноармейская 55    ; ТЦ "На Красноармейской", трипод A1                   ; 53.151847; 29.227481;G
$;4;R  ;MOO; Бобруйск            ;;     ;       ;         ;; 161 ; 616705 ;123      ;     ;        ;         ;17.05.17 ; Кирова 215            ; магазин Сябар, мачта A1                              ; 53.095235; 29.241793;G
$;4;R  ;MOO; Бобруйск           ;v;     ;       ;         ;; 161 ; 616705 ;:51:52:53;     ;        ;         ;17.05.17 ; Кирова 215            ; магазин Сябар, мачта A1                              ; 53.095235; 29.241793;G
$;4;R  ;MOO; Бобруйск            ;;     ;       ;         ;; 161 ; 616750 ;123      ;     ;        ;         ;17.05.17 ; 5-й км Минского шоссе ; ИП Барро, мачта A1                                   ; 53.199341; 29.184001;G
$;4;R  ;MOO; Бобруйск           ;v;     ;       ;         ;; 161 ; 616750 ;:51:52:53;     ;        ;         ;17.05.17 ; 5-й км Минского шоссе ; ИП Барро, мачта A1                                   ; 53.199341; 29.184001;G
$;4;R  ;MOO; Бобруйск            ;;     ;       ;         ;; 161 ; 616817 ;123      ;     ;        ;         ;17.05.17 ; Станционная, 5        ; автовокзал, триподы A1                               ; 53.139447; 29.193801;G
$;4;R  ;MOO; Бобруйск           ;v;     ;       ;         ;; 161 ; 616817 ;:51:52:53;     ;        ;         ;17.05.17 ; Станционная, 5        ; автовокзал, триподы A1                               ; 53.139447; 29.193801;G
$;4;R  ;MOO; Бобруйск            ;;     ;       ;         ;; 161 ; 616889 ;123      ;     ;        ;         ;17.05.17 ; Минское шоссе, 1      ; санаторий Шинник, мачта A1                           ; 53.179307; 29.168725;G
$;4;R  ;MOO; Бобруйск           ;v;     ;       ;         ;; 161 ; 616889 ;:51:52:53;     ;        ;         ;17.05.17 ; Минское шоссе, 1      ; санаторий Шинник, мачта A1                           ; 53.179307; 29.168725;G
$;4;R  ;MOO; Бобруйск            ;;     ;       ;         ;; 161 ; 617126 ;123      ;     ;        ;         ;17.05.17 ; Киселевичская         ; башня A1 50м                                         ; 53.158754; 29.142995;Y
$;4;R  ;MOO; Бобруйск           ;v;     ;       ;         ;; 161 ; 617126 ;:51:52:53;     ;        ;         ;17.05.17 ; Киселевичская         ; башня A1 50м                                         ; 53.158754; 29.142995;Y

$;4;S  ;MOO; Круглое             ;;     ;       ;         ;;     ; 600612 ;         ;     ;        ;         ;24.01.17 ; Советская 83          ;ОАО"Агропромтехснаб", мачта МТС?                      ; 54.256228; 29.794434;G*
$;4;S  ;MOO; Кричев              ;;     ;       ;         ;;     ; 600698 ;         ;     ;        ;         ;24.01.17 ; Артиллерийская 7      ;общежитие БелЖД, мачта МТС?                           ; 53.740416; 31.705122;G*
$;4;S  ;MOO; Кричев              ;;     ;       ;         ;;     ; 604076 ;         ;     ;        ;         ;24.01.17 ; мкрн. Сож             ;котельная, мачта МТС?                                 ; 53.713295; 31.721255;G*
