KIND;OPR;STAT;AREA;CITY ;CB  ;LAC; CID ; GSM ; DCS;3G L; 3G C;  3G S   ;U-L; U900 ;U-S ;DATE; ADDR ; REM                    ;  OZIN     ;  OZIE  ;LOCK
/;Витебск
$;4;R;VI.; Витебск ;;;;;;240; 200551 ; 123     ;;;;13.12.16; Черняховского 19    ; облтелеком                          ; 55.175144; 30.199447;G
$;4;R;VI.; Витебск ;;;;;;245; 200552 ; 123     ;;;;17.04.18; Правды 30           ; управл. РУП "Витебскэнерго"         ; 55.187857; 30.216334;G
$;4;R;VI.; Витебск ;;;;;;245; 200553 ; 123     ;;;;03.11.17; Софьи Панковой 6    ; ТЭЦ, труба                          ; 55.190660; 30.259600;G
$;4;R;VI.; Витебск ;;;;;;240; 200554 ; 123     ;;;;13.12.16; П. Бровки 13А       ; завод "Витязь", триподы МТС?        ; 55.167496; 30.239121;G
$;4;R;VI.; Витебск ;;;;;;246; 200556 ; 123     ;;;;08.07.18; Бумагина 21         ; ОАО "Керамин", склад, мачта МТC     ; 55.196297; 30.180576;G
$;4;R;VI.; Витебск ;;;;;;246; 200557 ; 123     ;;;;08.01.17; Ленинградская 217 ;ОАО "Витебский райагросервис",отдельные труб-ки;55.224434; 30.122216;G
$;4;R;VI.; Витебск ;;;;;;246; 200558 ; 1 3     ;;;;12.08.18; Революционная 30    ; элеватор, трубостойки МТС?          ;55.202628; 30.189099;G
$;4;R;VI.; Витебск ;;;;;;245; 200559 ; 123     ;;;;21.12.16; пр. Людникова 11    ; общежитие ОАО "Красный Октябрь"     ; 55.202490; 30.217016;G
$;4;R;VI.; Витебск ;;;;;;245; 200560 ; 123     ;;;;29.06.18; Гагарина 189        ; котельная "Северная", труба         ; 55.229160; 30.274935;G
$;4;R;VI.; Витебск ;;;;;;240; 200561 ; 123     ;;;;30.11.16; Московский пр. 29   ; общежитие, мачта МТС                ; 55.175863; 30.221082;G
$;4;R;VI.; Витебск ;;;;;;246; 200562 ; 123     ;;;;08.11.17; Зеньковой 1         ; БЦ "Капитал"                        ; 55.191437; 30.189105;G
$;4;R;VI.; Витебск ;;;;;;240; 200563 ; 123     ;;;;03.02.17; Чкалова 36/2        ; общежитие, мачта МТС                ; 55.166529; 30.215093;G
$;4;R;VI.; Витебск ;;;;;;245; 200564 ; 123     ;;;;03.02.17; Лазо 88А            ; общ. завода "Мегом", мачта МТС?     ; 55.201045; 30.249546;G
$;4;R;VI.; Витебск ;;;;;;240; 200565 ; 123     ;;;;23.12.16; Воинов-интернац. 1/2; жилой дом, мачта МТС                ; 55.161965; 30.202784;G
$;4;R;VI.; Витебск ;;;;;;246; 200566 ; 123     ;;;;06.11.17; 14-я Полоцкая 35А   ; отдел мат.-техн. снабж. "Белтелеком"; 55.191478; 30.154262;G
$;4;R;VI.; Витебск ;;;;;;245; 200567 ; 123     ;;;;13.12.16; Марка Шагала 8А     ; университет "МИТСО", трубостойки    ; 55.189183; 30.204667;G
$;4;R;VI.; Витебск ;;;;;;245; 200568 ;  23     ;;;;30.06.18; Смоленская 11А      ; фабрика полуфабрикатов, триподы МТС?; 55.187105; 30.236073;G	
$;4;R;VI.; Витебск ;;;;;;246; 200569 ; 123     ;;;;24.12.16; М. Горького 62      ;комбинат шёлковых тканей, трипод МТС?; 55.172654; 30.153021;G
$;4;R;VI.; Витебск ;;;;;;240; 201109 ; 123     ;;;;09.05.17; Московский пр. 130-1; гипермаркет "Евроопт", трубостойки  ; 55.174350; 30.266900;G
$;4;R;VI.; Витебск ;;;;;;240; 201109 ;    4    ;;;;09.05.17; Московский пр. 130-1; гипермаркет "Евроопт", внутри       ; 55.174910; 30.266379;G
$;4;R;VI.; Витебск ;;;;;;246; 201137 ; 123     ;;;;23.11.17; Бешенковичское ш. 50; Витебскэнергоспецремонт, мачта МТС? ; 55.147020; 30.123691;G
$;4;R;VI.; Витебск ;;;;;;246; 201178 ; 123     ;;;;07.01.17; Бешенковичское ш. 40А; ЧПУП "Иртранс", мачта МТС          ; 55.150000; 30.140300;G
$;4;R;VI.; Витебск ;;;;;;240; 201257 ; 1       ;;;;29.06.18; Актёров Ерёменко(север);опора освещения (север)           ; 55.169866; 30.278676;G
$;4;R;VI.; Витебск ;;;;;;240; 201257 ;  2      ;;;;29.06.18; Актёров Ерёменко(север);опора освещения (север)           ; 55.169866; 30.278676;G*
$;4;R;VI.; Витебск ;;;;;;245; 201507 ; 1       ;;;;15.04.18; Терешковой 17А      ; авторынок, трубостойки МТС?         ; 55.185692; 30.251541;G
$;4;R;VI.; Витебск ;;;;;;246; 202550 ;  23     ;;;;08.07.18; К. Маркса 53        ; магазин "Евроопт", мачта 	       ; 55.186341; 30.168108;G
$;4;R;VI.; Витебск ;;;;;;246; 202552 ; 123     ;;;;08.07.18; Академика Павлова 23; общежитие N2 ОАО "КИМ", трубостойки МТС?; 55.186341; 30.168108;G
$;4;R;VI.; Витебск ;;;;;;245; 202554 ; 123     ;;;;23.12.16; Фрунзе 44           ; ресторан "Зелёная Гура", мачта МТС  ; 55.194471; 30.233415;G
$;4;R;VI.; Витебск ;;;;;;240; 202556 ; 123     ;;;;23.12.16; пр. Победы 40       ; гор. центр гигиены и эпидемиологии  ; 55.158946; 30.220647;G
$;4;R;VI.; Витебск ;;;;;;246; 202557 ; 123     ;;;;08.08.18; 3-я Чепинская 37А 	 ; СТО, мачта                          ; 55.210089; 30.133315;G
$;4;R;VI.; Витебск ;;;;;;240; 202558 ; 123     ;;;;23.12.16; Чкалова 17-1        ; общежитие, трипод МТС?              ; 55.174349; 30.210702;G
$;4;R;VI.; Витебск ;;;;;;245; 202559 ; 123     ;;;;03.02.17; Гагарина 68         ; ОАО "АТП N1", мачта МТС             ; 55.214730; 30.230070;G
$;4;R;VI.; Витебск ;;;;;;240; 202560 ; 123     ;;;;23.12.16; пр. Победы 7        ; общежитие, трубостойки МТС?         ; 55.171034; 30.223727;G
$;4;R;VI.; Витебск ;;;;;;240; 202561 ; 123     ;;;;23.12.16; Московский пр. 51А  ; СК по Витебской области             ; 55.174815; 30.245807;G
$;4;R;VI.; Витебск ;;;;;;246; 202562 ; 123     ;;;;30.11.16; Московский пр. 10   ; облпочта, мачта МТС                 ; 55.182476; 30.206544;G
$;4;R;VI.; Витебск ;;;;;;245; 202563 ; 123     ;;;;30.11.16; Замковая 4          ; горисполком, мачта МТС              ; 55.192885; 30.205450;G
$;4;R;VI.; Витебск ;;;;;;240; 202564 ; 123     ;;;;24.06.18; Московский пр. 46   ; центр бытового обслуживания, мачта  ; 55.181952; 30.217917;G
$;4;R;VI.; Витебск ;;;;;;246; 202565 ; 123     ;;;;11.07.18; М. Горького 148 	 ; общежитие "Витебскдрев", мачта МТС  ; 55.164309; 30.122508;G
$;4;R;VI.; Витебск ;;;;;;246; 202566 ; 123     ;;;;06.11.17; Ленинградская 155А  ; СТО, мачта МТС?                     ; 55.206512; 30.157149;G
$;4;R;VI.; Витебск ;;;;;;246; 202567 ; 123     ;;;;14.12.16; Белорусская 6А      ; КУПП "Витебчанка", триподы МТС      ; 55.196198; 30.191100;G
$;4;R;VI.; Витебск ;;;;;;240; 202570 ; 123     ;;;;21.12.16; Московский пр. 72   ; уч.-лаб. корпус ВГТУ, труб-ки МТС?  ; 55.177710; 30.236923;G
$;4;R;VI.; Витебск ;;;;;;245; 202571 ; 123     ;;;;15.06.18; Терешковой 16 к. 2  ; общежитие завода "Витязь",триподы МТС;55.183285; 30.245265;G
$;4;R;VI.; Витебск ;;;;;;240; 202573 ; 123     ;;;;07.08.18; П. Бровки 50        ; СЭЗ "Витебск", трубостойки МТС      ; 55.158093; 30.235214;G
$;4;R;VI.; Витебск ;;;;;;246; 202574 ; 123     ;;;;13.12.16; Демитрова 1         ; завод "Вистан", трубостойки МТС?    ; 55.185511; 30.191519;G
$;4;R;VI.; Витебск ;;;;;;246; 202575 ; 123     ;;;;21.04.18; 39-ой Армии         ; клуб "Корона", мачта МТС?           ; 55.171025; 30.126521;G
$;4;R;VI.; Витебск ;;;;;;245; 202576 ; 123     ;;;;30.11.16; Фрунзе 77           ; завод "Белунифарм", мачта МТС       ; 55.195410; 30.252772;G
$;4;R;VI.; Витебск ;;;;;;246; 202577 ; 123     ;;;;30.11.16; Чкалова 7/1         ; жилой дом, трубостойки и трипод МТС ; 55.178892; 30.210911;G
$;4;R;VI.; Витебск ;;;;;;245; 202578 ; 123     ;;;;21.12.16; Краснофлотская 1А   ; общ. работников БСМП, триподы МТС?  ; 55.192496; 30.243376;G
$;4;R;VI.; Витебск ;;;;;;246; 204011 ; 123     ;;;;21.04.18; 2-я Заречная        ; ЦТП, столб МТС                      ; 55.160190; 30.145197;G
$;4;R;VI.; Витебск ;;;;;;240; 204033 ; 123     ;;;;21.12.16;Московский пр. 21 к.4; общ. РУП "Витебский ДСК", трипод МТС; 55.177413; 30.219709;G
$;4;R;VI.; Витебск ;;;;;;246; 204034 ; 123     ;;;;08.07.18; 8-я Свердлова 6     ; общ. СМП-715, трипод                ; 55.191762; 30.177547;G
$;4;R;VI.; Витебск ;;;;;;245; 204049 ;  23     ;;;;30.06.18; Володаского 96      ; СТО "Вираж", мачта                  ; 55.214232; 30.218453;G
$;4;R;VI.; Витебск ;;;;;;245; 204228 ; 123     ;;;;30.11.16; Чапаева 32          ; ДОСААФ, трипод МТС                  ; 55.199664; 30.237449;G
$;4;R;VI.; Витебск ;;;;;;246; 204232 ; 123     ;;;;08.07.18; К. Маркса 106       ; общежитие ПТУ N29, мачта МТС	       ; 55.179964; 30.152589;G
$;4;R;VI.; Витебск ;;;;;;246; 204233 ; 123     ;;;;04.02.17; Горбачевского 26А   ; общ. N1 Витоблсельстроя, мачта МТС  ; 55.181722; 30.188182;G
$;4;R;VI.; Витебск ;;;;;;246; 204236 ;  23     ;;;;21.04.18; Золотогорская Х     ; столб                               ; 55.173340; 30.138900;G
$;4;R;VI.; Витебск ;;;;;;245; 204244 ; 1       ;;;;12.08.18; Путна 3А            ; СШ N10, хоз. база, мачта            ; 55.201070; 30.203645;G
$;4;R;VI.; Витебск ;;;;;;246; 204252 ; 1 3     ;;;;12.08.18; 11-я Социалистическая; столб                              ; 55.165448; 30.111990;G
$;4;R;VI.; Витебск ;;;;;;245; 204497 ; 123     ;;;;14.04.18; Мира 37             ; УП "Витебскводоканал", мачта МТС    ; 55.198800; 30.247000;G
$;4;R;VI.; Витебск ;;;;;;245; 204551 ; 123     ;;;;03.02.17; 5-я Фрунзе 7А       ; трамвайное депо, мачта МТС          ; 55.191788; 30.221531;G
$;4;R;VI.; Витебск ;;;;;;245; 204552 ; 123     ;;;;21.12.16; парк им. Фрунзе 1 ;концертный зал "Витебск", отдельные труб-ки; 55.194753; 30.210597;G
$;4;R;VI.; Витебск ;;;;;;245; 204553 ; 123     ;;;;21.04.18; Я. Купалы 6         ; офисное здание, мачта МТС           ; 55.196907; 30.205737;G
$;4;R;VI.; Витебск ;;;;;;245; 204554 ; 123     ;;;;23.12.16; пр. Людникова 13    ; ГНУ "ИТА НАН РБ", мачта МТС         ; 55.196976; 30.224967;G
$;4;R;VI.; Витебск ;;;;;;245; 204555 ; 123     ;;;;30.10.17; Полярная 8          ;Витебский хладокомбинат, триподы МТС?; 55.217714; 30.253665;G
$;4;R;VI.; Витебск ;;;;;;240; 204556 ; 123     ;;;;16.03.17; Короткевича 3       ; конд. комбинат "Витьба", мачта МТС  ; 55.169640; 30.256031;G
$;4;R;VI.; Витебск ;;;;;;240; 204557 ; 123     ;;;;10.03.17; Строителей 22Б      ; маг. "Веста" N140, склад, мачта МТС ; 55.172897; 30.231607;G
$;4;R;VI.; Витебск ;;;;;;245; 204559 ; 12      ;;;;30.06.18; Суворова 46         ;пекарня N2 ПО "Витебскхлебпром", мачта; 55.204158;30.205152;G 	
$;4;R;VI.; Витебск ;;;;;;245; 204562 ; 123     ;;;;15.04.18; Фрунзе 83           ; завод "Визас", мачта МТС?           ; 55.196425; 30.263767;G
$;4;R;VI.; Витебск ;;;;;;240; 204568 ; 123     ;;;;30.11.16; Правды 77           ; химчистка, мачта МТС                ; 55.182638; 30.237814;G
$;4;R;VI.; Витебск ;;;;;;246; 204569 ; 123     ;;;;17.04.18; Ленинградская 4     ; дом быта, мачта МТС                 ; 55.200510; 30.179773;G
$;4;R;VI.; Витебск ;;;;;;240; 204570 ; 123     ;;;;30.06.18; П. Бровки 17/7 	 ; магазин "Копеечка", мачта МТС       ; 55.162271; 30.230100;G
$;4;R;VI.; Витебск ;;;;;;240; 204571 ; 123     ;;;;30.11.16; Московский пр. 33   ; ВГУ им. П.М.Машерова, трипод МТС    ; 55.177443; 30.226403;G
$;4;R;VI.; Витебск ;;;;;;245; 204572 ; 123     ;;;;14.12.16; Ильинского 41/18    ; гостиница "Двина", трубостойки МТС  ; 55.193727; 30.196990;G
$;4;R;VI.; Витебск ;;;;;;240; 204574 ; 123     ;;;;02.07.18; Офицерская 4        ; двухэтажное здание, мачта МТС 	   ; 55.182654; 30.224295;G
$;4;R;VI.; Витебск ;;;;;;240; 204959 ; 123     ;;;;03.07.18; Воинов-интернац 37  ; областная больница, трубостойки 	   ; 55.158000; 30.225700;G
$;4;R;VI.; Витебск ;;;;;;245; 205009 ; 1 3     ;;;;30.06.18; Фрунзе 27А          ; ВГМУ, трубостойки                   ; 55.191920; 30.214740;G
$;4;R;VI.; Витебск ;;;;;;246; 205010 ; 12      ;;;;08.07.18; Бешенковичское ш. 3 ; ТЦ "Корона", трубостойки МТС?	   ; 55.160590; 30.167480;G
$;4;R;VI.; Витебск ;;;;;;240; 205011 ; 12      ;;;;17.04.18; Чкалова 35          ; ТЦ "Greenцентр", трипод МТС?        ; 55.162970; 30.207360;G
$;4;R;VI.; Витебск ;;;;;;240; 205201 ; 123     ;;;;15.04.18; Новооршанское шоссе ; завод "Витязь", трипод МТС?         ; 55.167420; 30.231730;G
$;4;R;VI.; Витебск ;;;;;;240; 205214 ; 123     ;;;;18.04.18; П. Бровки 5А        ; магазин "Веста" N146, мачта МТС     ; 55.172058; 30.241633;G
$;4;R;VI.; Витебск ;;;;;;246; 205223 ; 123     ;;;;21.04.18; М. Горького 145     ; завод "Монолит", мачта МТС          ; 55.168182; 30.129522;G
$;4;R;VI.; Витебск ;;;;;;246; 205228 ; 123     ;;;;08.07.18; Титова 119          ; столб МТС                           ; 55.197663; 30.149306;G
$;4;R;VI.; Витебск ;;;;;;240; 205232 ; 123     ;;;;06.11.17; П. Бровки 35        ;обл. клинический онкодиспансер, мачта; 55.152654; 30.226044;G
$;4;R;VI.; Витебск ;;;;;;240; 205261 ; 123     ;;;;23.12.16; Богатырёва 7Б       ; стоянка, столб МТС                  ; 55.168210; 30.263614;G
$;4;R;VI.; Витебск ;;;;;;240; 205279 ; 123     ;;;;20.05.18; Богатырёва 13       ; столб                               ; 55.166380; 30.268820;G
$;4;R;VI.; Витебск ;;;;;;240; 205318 ; 123     ;;;;23.12.16; Чкалова 49          ; магазин "Евроопт", трипод МТС       ; 55.158627; 30.212150;G
$;4;R;VI.; Витебск ;;;;;;246; 205520 ; 123     ;;;;08.01.17; Черняховского 14А   ; общ. политехнического техникума     ; 55.179483; 30.203878;G
$;4;R;VI.; Витебск ;;;;;;240; 205551 ; 123     ;;;;30.11.16; Строителей 1        ; гостиница "Лучёса"                  ; 55.172549; 30.200885;G
$;4;R;VI.; Витебск ;;;;;;246; 205552 ; 123     ;;;;30.11.16; Космонавтов 10А     ; здание хранения грузов, мачта МТС   ; 55.193819; 30.185376;G
$;4;R;VI.; Витебск ;;;;;;245; 205553 ; 123     ;;;;30.11.16; 3-я Суражская       ; цех "Знамя Индустр-ции", мачта МТС  ; 55.207663; 30.223394;G
$;4;R;VI.; Витебск ;;;;;;240; 205554 ; 123     ;;;;29.06.18; пр. Победы 23Б      ; магазин "Веста" N141, мачта         ; 55.165666; 30.220926;G
$;4;R;VI.; Витебск ;;;;;;245; 205558 ; 123     ;;;;12.01.17; Баумана 20В         ; столовая ВГАВМ                      ; 55.197650; 30.217212;G
$;4;R;VI.; Витебск ;;;;;;240; 205560 ; 123     ;;;;18.12.16; Смоленская 8        ; приёмный пункт стеклотары, мачта МТС; 55.181891; 30.228678;G
$;4;R;VI.; Витебск ;;;;;;240; 205563 ; 123     ;;;;03.02.17; Чкалова 34          ; отделение почты, мачта МТС          ; 55.167921; 30.212153;G
$;4;R;VI.; Витебск ;;;;;;240; 205565 ; 123     ;;;;15.04.18; пр. Победы          ; мкрн. Юг-7, опорная мачта МТС       ; 55.153910; 30.210128;G
$;4;R;VI.; Витебск ;;;;;;245; 205576 ; 123     ;;;;30.11.16; Шрадера 1           ; стоматолог. поликлиника, мачта МТС  ; 55.186353; 30.208309;G
$;4;R;VI.; Витебск ;;;;;;245; 205637 ; 123     ;;;;14.04.18; Лазо 110            ;оптовая база ОАО "Хозторг", мачта МТС; 55.201933; 30.257936;G
$;4;R;VI.; Витебск ;;;;;;245; 205970 ; 123     ;;;;17.04.18; Журжево             ; промзона СЭЗ, мачта МТС             ; 55.249324; 30.258467;G
/;Витебская область;;;;;;;;;;;;;;;
$;4;S;VIO; Ушачи               ;;;;;;   ; 200519 ;         ;;;;07.01.18; Ленинская 25        ; РАЙПО, мачта МТС?                   ; 55.179416; 28.612257;G
$;4;R;VIO; Полоцк              ;;;;;;241; 200521 ;123      ;;;;08.02.17; Успенская           ; ОАО "ПСВ", трубостойки МТС?         ; 55.483851; 28.793085;G
$;4;R;VIO; Полоцк              ;;;;;;241; 200522 ; 23      ;;;;12.08.18; промзона            ; ОАО "ПСВ", труба                    ; 55.458912; 28.720931;G
$;4;R;VIO; Новополоцк          ;;;;;;241; 200523 ;123      ;;;;28.01.17; Молодёжная 49Б      ; общежитие ПГУ, отдельные трубостойки; 55.536211; 28.649511;G
$;4;R;VIO; Новополоцк          ;;;523;;;241;200523 ;123    ;;;;17.08.18; B20;Молодёжная 49Б  ; общежитие ПГУ, отдельные трубостойки; 55.536211; 28.649511;G
$;4;R;VIO; Новополоцк          ;;;;;;241; 200524 ;123      ;;;;27.01.17; Олимпийская 4    ;общежитие ОАО "Измеритель", трубостойки МТС;55.519554; 28.670095;G
$;4;R;VIO; Новополоцк          ;;;524;;;241;2005242 ;123   ;;;;14.08.18;B20;Олимпийская 4 ;общежитие ОАО "Измеритель", трубостойки МТС;55.519554; 28.670095;G
$;4;R;VIO; Новополоцк          ;;;;;;241; 200525 ;123      ;;;;30.10.17; Я. Коласа 14        ; РУП "Белтелеком", большой трипод МТС; 55.530134; 28.673483;G
$;4;R;VIO; Полоцк              ;;;;;;241; 200526 ;123      ;;;;16.02.17; Евфр. Полоцкой 29   ; общ. фабрики "Мона", труб-ки МТС    ; 55.495008; 28.769012;G
$;4;R;VIO; Новополоцк          ;;;;;;241; 200527 ;123      ;;;;01.02.17; промзона            ; поликлиника, башня связи "Нафтан"   ; 55.521519; 28.560476;G
$;4;R;VIO; Новополоцк          ;;;;;;241; 200528 ;123      ;;;;28.01.17; Калинина 5А         ; жилой дом, трубостойки              ; 55.531469; 28.660010;G
$;4;R;VIO; Новополоцк          ;;;528;;;241;2005282;123    ;;;;12.08.18; B20;Калинина 5А     ; жилой дом, трубостойки              ; 55.531469; 28.660010;G
$;4;S;VIO; Докшицы             ;;;;;;   ; 200534 ;         ;;;;07.01.18; Ленинская 24        ; дом быта, мачта МТС?                ; 54.890330; 27.767877;G!who?
$;4;R;VIO; Полоцк              ;;;;;;241; 200538 ;123      ;;;;08.02.17; Мариненко 18        ; РУП "Белтелеком", мачта МТС         ; 55.469030; 28.760785;G
$;4;S;VIO; Верхнедвинск        ;;;;;;   ; 200542 ;         ;;;;07.01.18; Московского 1       ; хлебзавод, мачта МТС?               ; 55.785121; 27.948068;G
$;4;R;VIO; Миоры               ;;;;;;244; 200543 ;123      ;;;;07.01.18; Свердлова           ; котельная "Северная", труба         ; 55.627695; 27.626926;G
$;4;R;VIO; Глубокое            ;;;;;;244; 200586 ;123      ;;;;14.09.17; Ленина 42           ; райисполком, мачта МТС              ; 55.139355; 27.685338;G
$;4;R;VIO; Городок             ;;;;;;243; 200593 ; 23      ;;;;23.05.18; Баграмяна 42А       ; котельная, труба                    ; 55.453848; 29.994062;G
$;4;R;VIO; Лиозно              ;;;;;;242; 200595 ;123      ;;;;29.05.18; Ленина 74           ; кафе "Ивушка", мачта МТС            ; 55.024821; 30.795506;G
$;4;R;VIO; Толочин             ;;;;;;242; 200607 ;123      ;;;;05.01.17; пл. 40 лет Октября 7; РУЭС, мачта МТС                     ; 54.409264; 29.691734;G
$;4;R;VIO; Дубровно            ;;;;;;242; 200610 ;123      ;;;;30.10.17; Красноармейская 9Б  ; ТЦ "Элегант", мачта МТС             ; 54.573330; 30.690129;G
$;4;R;VIO; Орша                ;;;;;;242; 200631 ;123      ;;;;29.12.16; Сергея Кирова 7     ; общ. ОКВГУ им. Машерова, труб-ки МТС; 54.507866; 30.414403;G
$;4;R;VIO; Орша                ;;;;;;242; 200632 ;123      ;;;;01.08.18; Владимира Ленина 238; мачта МТС;                          ; 54.548333; 30.448121;G
$;4;R;VIO; Орша                ;;;;;;242; 200633 ;123      ;;;;04.01.17; пер. Восточный 17   ; з-д "Легмаш", котельная, выс. труба ; 54.509985; 30.396040;G
$;4;R;VIO; Орша                ;;;;;;242; 200635 ;123      ;;;;08.03.17; Могилёвская 85      ; КУП ВКХ "Оршаводоканал", мачта МТС  ; 54.488993; 30.427989;G
$;4;R;VIO; Барань              ;;;;;;242; 200636 ;123      ;;;;27.05.18; Оршанский р-н       ; Набережная 1, ОАО "ТС", мачта МТС   ; 54.477021; 30.318200;G
$;4;R;VIO; Орша                ;;;;;;242; 200637 ;123      ;;;;08.03.17; Новаторов 9         ; общежитие льнокомбината, мачта МТС  ; 54.492162; 30.402561;G
$;4;R;VIO; Орша                ;;;;;;242; 200638 ;123      ;;;;28.01.17; Владимира Ленина 46 ; РУЭС, мачта МТС                     ; 54.515156; 30.431232;G
$;4;R;VIO; Орша                ;;;;;;242; 200639 ;123      ;;;;08.03.17;4-й пер. Чернышевского 4; магазин "Евроопт", мачта МТС     ; 54.524869; 30.431678;G
$;4;R;VIO; Бешенковичи         ;;;;;;243; 200685 ;123      ;;;;20.10.17; Ивана Чуклая 13     ; райисполком, мачта МТС?             ; 55.045431; 29.456533;G
$;4;R;VIO; Глубокое            ;;;;;;244; 201140 ;123      ;;;;29.06.18; Советская 240А      ; ЦРБ, мачта                          ; 55.168990; 27.679585;G
$;4;R;VIO; Новополоцк          ;;;;;;241; 201199 ;123      ;;;;22.03.18; Калинина 2А         ;общежитие з-да "Полимир", труб-ки МТС; 55.534449; 28.660058;G
$;4;R;VIO; Орша                ;;;;;;242; 201209 ;123      ;;;;22.04.18;пр. Текстильщиков 35А; столб МТС                           ; 54.499787; 30.409703;G
$;4;R;VIO; Орша                ;;;;;;242; 201210 ;123      ;;;;22.03.18; Василия Молокова 20 ; столб МТС                           ; 54.516548; 30.381087;G
$;4;R;VIO;                     ;;;;;;240; 201480 ; 23      ;;;;19.07.18; Витебский р-н       ; р-н аэропорта Витебск-Восточный     ;          ;          ;
$;4;R;VIO; Орша                ;;;;;;242; 201638 ;123      ;;;;08.03.17; Народная 1          ; центральный рынок, трипод МТС       ; 54.508703; 30.417934;G
$;4;R;VIO; Орша                ;;;;;;242; 202257 ;123      ;;;;13.01.17; Заднепровская 1     ; башня МТС 40м.                      ; 54.485076; 30.409019;G
$;4;R;VIO; Новополоцк          ;;;;;;241; 202515 ;123      ;;;;31.01.17; Молодёжная 94Б      ; хоккейный клуб "Химик", мачта МТС   ; 55.531987; 28.651960;G
$;4;R;VIO; Полоцк              ;;;;;;241; 202516 ; 23      ;;;;23.03.18; Комарова 22         ; кафе "Спасское", мачта МТС          ; 55.509290; 28.774182;G
$;4;R;VIO; Полоцк              ;;;;;;241; 202517 ;123      ;;;;12.08.18; Бабушкина           ; РТПС                                ; 55.473801; 28.828334;G
$;4;R;VIO; Новополоцк          ;;;;;;241; 202518 ;123      ;;;;31.01.17; Ктаторова 12        ; магазин "Ёлочка", мачта МТС         ; 55.537787; 28.632259;G
$;4;R;VIO; Полоцк              ;;;;;;241; 202524 ; 2       ;;;;12.08.18; Фабрициуса 30       ; Полоцкий КХП, элеватор, трубостойки?; 55.495327; 28.808802;G
$;4;R;VIO; Новополоцк          ;;;;;;241; 202525 ;123      ;;;;31.01.17; Блохина 27          ; поликлиника N1                      ; 55.532034; 28.644946;G
$;4;R;VIO; Новополоцк          ;;;;;;241; 202526 ;123      ;;;;31.01.17; Дзержинского 8      ; малосемейный дом, мачта МТС         ; 55.539604; 28.624889;G
$;4;R;VIO; Новополоцк          ;;;;;;241; 202527 ;1 3      ;;;;01.02.17; промзона            ; проходная N9 з-да "Полимир", мачта МТС; 55.502907; 28.590300;G
$;4;R;VIO; Полоцк              ;;;;;;241; 202528 ;123      ;;;;08.02.17; Ф. Скорины 14       ; "Полоцксельскстрой", мачта МТС      ; 55.487891; 28.776624;G
$;4;R;VIO; Полоцк              ;;;;;;241; 202529 ; 23      ;;;;23.03.18; Вологина, инв. N583 ; трёхэтажное здание, мачта МТС       ; 55.541069; 28.815020;G
$;4;S;VIO; Россоны             ;;;;;;   ; 202544 ;         ;;;;07.01.18; Советская 4         ; райисполком, мачта                  ; 55.903570; 28.813770;G
$;4;R;VIO; Полоцк              ;;;;;;241; 202568 ;123      ;;;;08.02.17; Зыгина 55           ; общежитие СМТ-22, мачта МТС         ; 55.495377; 28.757674;G
$;4;R;VIO; Городок             ;;;;;;243; 202581 ;  3      ;;;;23.05.18; Толкачёва 6         ; СООО "Ланатэкс", мачта МТС?         ; 55.471638; 29.975450;G
$;4;R;VIO; Глубокое            ;;;;;;244; 202584 ;123      ;;;;14.09.17; Ленина 142          ;"Глубокский комбикормовый завод", мачта МТС; 55.140167; 27.661793;G
$;4;S;VIO; Чашники             ;;;;;;   ; 202593 ;         ;;;;26.05.18; Гагарина 20         ; бумажная фабрика, мачта МТС         ; 54.843419; 29.191602;G
$;4;R;VIO; Болбасово           ;;;;;;242; 202609 ;12       ;;;;26.05.18; Оршанский р-н       ; общежитие ЖЭУ N8, мачта МТС         ; 54.420200; 30.285941;G
$;4;R;VIO; Орша                ;;;;;;242; 202631 ;123      ;;;;08.03.17; Бориса Хигрина 44   ; общежитие ОАО "ОИЗ", мачта МТС      ; 54.510567; 30.408627;G
$;4;R;VIO; Орша                ;;;;;;242; 202636 ;123      ;;;;13.01.17; Станционная 1       ; двухэтажное здание, мачта МТС       ; 54.512377; 30.365916;G
$;4;R;VIO; Орша                ;;;;;;242; 202639 ;123      ;;;;22.03.18; Мира 39А            ; ОАО "ОИЗ", трипод МТС               ; 54.519399; 30.404473;G
$;4;R;VIO; Миоры               ;;;;;;244; 204336 ;123      ;;;;07.05.18; Коммунистическая 14 ; универмаг, мачта МТС                ; 55.619551; 27.625735;G
$;4;R;VIO; Орша                ;;;;;;242; 204338 ;123      ;;;;22.03.18; 1 Мая 129А          ; ТЧУП "Сергеев В", мачта МТС         ; 54.542697; 30.430896;G
$;4;R;VIO; Новополоцк          ;;;;;;241; 204515 ;123      ;;;;01.02.17; Молодёжная 187А     ; теплоузел, мачта МТС                ; 55.513939; 28.693842;G
$;4;R;VIO; Полоцк              ;;;;;;241; 204516 ;123      ;;;;22.02.17; Мариненко 5         ; магазин, мачта МТС                  ; 55.472432; 28.754297;G
$;4;R;VIO; Новополоцк          ;;;;;;241; 204517 ;123      ;;;;20.06.17; промзона            ; хоз. цех 018 з-да "Полимир",мачта МТС;55.507468; 28.569925;G
$;4;R;VIO; Полоцк              ;;;;;;241; 204518 ; 2       ;;;;15.06.18; Осипенко 28         ; УП "Полоцкгазстрой", мачта МТС      ; 55.487415; 28.822227;G   
$;4;S;VIO; Браслав             ;;;;;;   ; 204520 ;         ;;;;07.01.18; Дзержинского 71     ; "Браславский хлебозавод", мачта МТС?; 55.648350; 27.047260;G
$;4;S;VIO; Поставы             ;;;;;;   ; 204521 ;         ;;;;07.01.18; Советская 3         ; центр соц. обслуживания, мачта МТС? ; 55.112601; 26.839117;G
$;4;R;VIO; Полоцк              ;;;;;;241; 204524 ;123      ;;;;21.04.18; Зыгина 87           ; опорная мачта МТС                   ; 55.501451; 28.747315;G
$;4;R;VIO; Полоцк              ;;;;;;241; 204525 ;123      ;;;;08.02.17; Стрелецкая 10А      ; спорткомплекс "Спартак", мачта МТС  ; 55.488875; 28.764905;G
$;4;R;VIO; Полоцк              ;;;;;;241; 204529 ;123      ;;;;08.02.17; Октябрьская 25      ; "Дионис", трипод и трубостойка МТС  ; 55.489060; 28.784805;G
$;4;R;VIO; Шумилино            ;;;;;;243; 204532 ;123      ;;;;30.10.17; Ленинская 32        ; универмаг, мачта МТС?               ; 55.301270; 29.618590;G!who?
$;4;R;VIO; Лепель              ;;;;;;243; 204535 ;123      ;;;;16.03.17; Калинина 94         ; кулинарный комбинат, мачта МТС      ; 54.882934; 28.711006;G
$;4;R;VIO; Верхнедвинск        ;;;;;;244; 204541 ;12       ;;;;23.05.17; Мира 4              ; инспекция МНС, мачта МТС            ; 55.764980; 27.940877;G
$;4;R;VIO; Орша                ;;;;;;242; 204600 ;123      ;;;;22.03.18; Красногвардейская 7А; магазин ОАО "ДорОрс" N104, мачта МТС; 54.503337; 30.368704;G
$;4;R;VIO; Глубокое            ;;;;;;244; 204618 ; 23      ;;;;14.09.17; Дзержинского 19     ; ОАО "Глубокский агросервис", мачта МТС; 55.129575; 27.683347;G
$;4;R;VIO; Толочин             ;;;;;;242; 204619 ;1 3      ;;;;04.08.18; Тракторная          ; мачта МТС                           ; 54.403758; 29.723678;G
$;4;R;VIO; Лепель              ;;;;;;243; 204620 ;123      ;;;;15.03.17; М. Горького         ; РайПО, мачта МТС                    ; 54.885944; 28.693628;G
$;4;R;VIO; Барань              ;;;;;;242; 204622 ;1        ;;;;22.04.18; Оршанский р-н       ; Сорокина, гаражи, опорная мачта МТС ; 54.485836; 30.312353;G
$;4;R;VIO; Орша                ;;;;;;242; 204633 ;123      ;;;;13.01.17; Советская 72        ; общежитие ОГМЭК, мачта МТС          ; 54.498362; 30.402549;G
$;4;R;VIO; Орша                ;;;;;;242; 204634 ;123      ;;;;08.03.17; Красноармейская 12А ; филиал льнокомбината, мачта МТС     ; 54.499716; 30.434415;G
$;4;R;VIO; Орша                ;;;;;;242; 204635 ;123      ;;;;13.01.17; Шкловская           ; ОАО "ОМКК", территория, мачта МТС   ; 54.487743; 30.385599;G
$;4;R;VIO; Орша                ;;;;;;242; 204636 ;123      ;;;;28.01.17; Якова Свердлова 7А  ; КУП "Оршатеплосети", мачта МТС      ; 54.518634; 30.437283;G
$;4;R;VIO; Орша                ;;;;;;242; 204639 ; 23      ;;;;01.08.18; Владимира Ленина 161А; АТП N8 мачта МТС                   ; 54.530322; 30.445184;G
$;4;R;VIO; Новополоцк          ;;;;;;241; 205200 ;123      ;;;;16.05.18; Комсомольская 9     ; магазин N7 ОАО "Веста", мачта МТС   ; 55.524944; 28.659720;G
$;4;R;VIO; Орша                ;;;;;;242; 205204 ;123      ;;;;28.01.17; Воз-Ан-Влен 13 к. 2 ; ЦТП, мачта МТС                      ; 54.492308; 30.433747;G
$;4;R;VIO; Орша                ;;;;;;242; 205205 ;123      ;;;;22.03.18; Мира 78             ; поликлиника N3, мачта МТС           ; 54.513820; 30.392076;G
$;4;R;VIO; Полоцк              ;;;;;;241; 205224 ; 2       ;;;;12.08.18; Ленинградская 101  ;территория ОАО "Проммашремонт", мачта ; 55.500061; 28.822130;G
$;4;R;VIO; Полоцк              ;;;;;;241; 205225 ;123      ;;;;08.02.17; Свердлова 5         ; кинотеатр "Родина", мачта МТС       ; 55.485927; 28.774282;G
$;4;R;VIO; Полоцк              ;;;;;;241; 205226 ;12       ;;;;15.11.17; Хруцкого 8          ; магазин "Евроопт", мачта МТС        ; 55.497640; 28.748093;G
$;4;R;VIO; Орша                ;;;;;;242; 205230 ;123      ;;;;22.03.18; Могилёвская 106     ; лесхоз, мачта МТС                   ; 54.486210; 30.441235;G
$;4;R;VIO; Новополоцк          ;;;;;;241; 205237 ;123      ;;;;21.04.18; Я. Коласа 46        ; гостиница "Дружба", столб МТС       ; 55.524726; 28.681524;G
$;4;R;VIO; Новополоцк          ;;;;;;241; 205275 ;123      ;;;;30.10.17; 8-й мкрн.           ; башня МТС 40м.                      ; 55.506375; 28.693092;G
$;4;R;VIO; Чашники             ;;;;;;243; 205283 ;123      ;;;;26.05.18; Советская 24        ; дом быта, мачта МТС                 ; 54.859497; 29.160948;G
$;4;R;VIO; Полоцк              ;;;;;;241; 205294 ;123      ;;;;23.03.18; Промышленная        ; мех. двор, мачта МТС                ; 55.516876; 28.771627;G
$;4;R;VIO; Орша                ;;;;;;242; 205368 ;123      ;;;;22.03.18; Минская 23          ; столб МТС                           ; 54.506361; 30.424923;G
$;4;R;VIO; Новополоцк          ;;;;;;241; 205522 ;123      ;;;;30.10.17; Подкастельцы        ; дисперческая станция, башня МТС 40м.; 55.505668; 28.708469;G
$;4;R;VIO; Новополоцк          ;;;5522;;;241;2055222;123   ;;;;12.08.18; B20;Подкастельцы   ; дисперческая станция, башня МТС 40м.; 55.505668; 28.708469;G
$;4;R;VIO; Полоцк              ;;;;;;241; 205523 ;123      ;;;;12.02.17; П. Бровки 47        ; ресторан "Былина", мачта МТС        ; 55.472691; 28.765715;G
$;4;R;VIO; Новополоцк          ;;;;;;241; 205524 ;123      ;;;;28.01.17; Молодёжная 148      ; ТЦ "Стрелецкий Олимп", мачта МТС    ; 55.524361; 28.674122;G
$;4;R;VIO; Полоцк              ;;;;;;241; 205527 ;123      ;;;;10.02.17; Пушкина 2           ; УО "ПТТК" Белкоопсоюза, трипод МТС  ; 55.483639; 28.783729;G
$;4;R;VIO; Новополоцк          ;;;;;;241; 205528 ;123      ;;;;31.01.17; Молодёжная 130    ;центр допризывной подготовки, мачта МТС; 55.527064; 28.664961;G
$;4;R;VIO; Новополоцк          ;;;;;;241; 205529 ;123      ;;;;23.05.18; Молодёжная 1В      ;больница сестринского ухода, мачта МТС; 55.544333; 28.620740;G
$;4;R;VIO; Шумилино            ;;;;;;243; 205531 ;123      ;;;;12.08.18; 70 лет БССР         ; магазин N17, мачта                  ; 55.290260; 29.626750;G
$;4;R;VIO; Новополоцк          ;;;;;;241; 205540 ;123      ;;;;30.10.17; Я. Коласа 55        ; автостоянка, опорная мачта МТС      ; 55.520618; 28.691093;G
$;4;R;VIO; Лепель              ;;;;;;243; 205545 ;123      ;;;;15.03.17; Калинина 74         ; районный военкомат, мачта МТС       ; 54.881492; 28.702279;G
$;4;R;VIO; Дубровно            ;;;;;;242; 205548 ;123      ;;;;16.04.18; Вокзальная 34       ; двухэтажное здание, мачта МТС       ; 54.582073; 30.675060;G
$;4;R;VIO; Бешенковичи         ;;;;;;243; 205573 ; 23      ;;;;11.07.18; Черняховского       ;ОАО "Бешенковичский агросервис" мачта МТС ; 55.043845; 29.475026;G
$;4;R;VIO; Городок             ;;;;;;243; 205574 ; 2       ;;;;23.05.18; Садовая 12         ;общ. охотников и рыболовов, мачта МТС?; 55.459745; 29.988904;G
$;4;S;VIO; Шарковщина          ;;;;;;   ; 205584 ;         ;;;;04.04.18; Водопьянова 12      ; КБО, мачта МТС                      ; 55.365090; 27.464849;G
$;4;R;VIO; Глубокое            ;;;;;;244; 205586 ; 23      ;;;;14.09.17; Комсомольская 31    ; общежитие ГГПЛ, мачта МТС           ; 55.147600; 27.695500;G
$;4;R;VIO; Новополоцк          ;;;;;;241; 205594 ;123      ;;;;13.05.18; Школьная 7          ; музыкальный колледж, мачта МТС      ; 55.535125; 28.640949;G
$;4;R;VIO; Орша                ;;;;;;242; 205632 ;123      ;;;;08.03.17;Владимира Ленина 214А; Оршанское РайПО, мачта МТС          ; 54.535727; 30.443129;G
$;4;R;VIO; Орша                ;;;;;;242; 205636 ;123      ;;;;25.12.16; Николая Корначёнка  ; СМП-367, столб МТС                  ; 54.521881; 30.372759;G
$;4;R;VIO; Орша                ;;;;;;242; 205639 ;123      ;;;;06.11.17; Комсомольская 2     ; больница N1 им. Семашко, мачта МТС  ; 54.511856; 30.421531;G
$;4;R;VIO; Лепель              ;;;;;;243; 205974 ;123      ;;;;11.08.18; Каштановая          ; опорная мачта МТС                   ; 54.866796; 28.669115;G
$;4;D;VIO; Орша                ;;;;;;242; 202635 ;123      ;;;;06.11.17; Василия Молокова 17 ; магазин "Флагман-1", мачта МТС      ; 54.516530; 30.377308;G
