KIND;OPR;STAT;AREA;CITY ;CB      ; LAC ; CID ;GSM ;DCS ;3G L ; 3G C ;  3G S   ;U-L; U900 ;U-S ;  DATE  ; ADDR                  ; REM                               ;   OZIN   ;   OZIE  ;LOCK
/;Минск
$;V;RVM;MI.; Минск?;             ; 107 ; 521 ;1   ;    ;     ;      ;         ;   ;      ;    ;13.06.18; ???                   ; между 14х и 45х, Маркса 13А  внутри???
$;V;S  ;MI.; Минск?;             ; 106 ; 558 ;    ;4   ;     ;      ;         ;106; 5558 ;1   ;18.04.16; ???                   ; текущая около Гикало 9, внутри???
$;V;R  ;MI.; Минск?;             ;     ;     ;    ;    ; 103 ; 3807 ;      7  ;   ;      ;    ;18.09.18; ???                   ; Шаранговича/Якубовского
$;V;R  ;MI.; Минск ; MINSK       ; 106 ;   0 ;123 ;456 ;     ;      ;         ;   ;      ;    ;05.12.13; Захарова 55           ; Белтелеком МЦК, трубостойки       ; 53.900643; 27.585443;G
$;V;RVM;MI.; Минск ;             ; 106 ;   0 ;    ;   9;     ;      ;         ;   ;      ;    ;05.12.13; Захарова 55           ; Белтелеком МЦК, внутри            ; 53.900558; 27.585572;G
$;V;R  ;MI.; Минск ; MINSK       ; 107 ;   1 ;123 ;456 ; 107 ; 3001 ;123456789;107; 5001 ;123 ;16.02.05; Победителей пр. 21    ; Дом профсоюзов, трубостойки       ; 53.911160; 27.545258;G
$;V;R  ;MI.; Минск ; MINSK       ; 107 ;   2 ;123 ;456 ; 107 ; 3002 ;123456789;107; 5002 ;123 ;21.12.05; Либкнехта 68          ; РО "Трест Промбурвод", трубостойки; 53.897130; 27.527878;G
$;V;RVO;MI.; Минск ;             ; 130 ;   2 ;   7;    ;     ;      ;         ;   ;      ;    ;22.02.13; Либкнехта 68          ; РО "Трест Промбурвод", внутри     ; 53.897130; 27.527878;G
$;V;R  ;MI.; Минск ; MINSK       ; 105 ;   3 ;123 ;456 ; 105 ; 3003 ;123456789;   ;      ;    ;31.10.14; Партизанский пр. 12   ; Белстат, трубостойки              ; 53.880296; 27.600905;G
$;V;R  ;MI.; Минск ; MINSK       ; 108 ;   4 ;123 ;456 ; 108 ; 3004 ;123456789;   ;      ;    ;09.02.05; Богдановича 155       ; НИИ ЭВМ, трубостойки              ; 53.9369  ; 27.5807  ;G
$;V;R  ;MI.; Минск ; MINSK       ; 102 ;   5 ;123 ;456 ; 102 ; 3005 ;123456789;102; 5005 ;123 ;17.03.16; Притыцкого 60/2       ; Центр "Алгоритм", трубостойки     ; 53.9087  ; 27.4664  ;G
$;V;R  ;MI.; Минск ; SOSNY       ; 112 ;   5 ;123 ;456 ; 112 ; 3531 ;123456789;112; 5005 ;123 ;03.10.05; Сосны, ак.Красина 99  ; труба котельной                   ; 53.838780; 27.789020;G
$;V;R  ;MI.; Минск ; MINSK       ; 104 ;   6 ;1237;456 ; 104 ; 3006 ;123456789;104; 5006 ;123 ;17.10.06; Казинца 62            ; БелНИИ Почвоведения, трубостойки  ; 53.849788; 27.508289;G
$;V;R  ;MI.; Минск ; MINSK       ; 105 ;   7 ;123 ;456 ; 105 ; 3007 ;123456789;105; 5007 ;123 ;01.12.04; Уборевича 77/3        ; общежитие N1 БГАА, трипод         ; 53.8404  ; 27.6596  ;G
$;V;R  ;MI.; Минск ; MINSK       ; 108 ;   8 ;123 ;456 ; 108 ; 3008 ;123456789;   ;      ;    ;04.01.06; Независимости пр. 150 ; БНТУ, корпус N15, трубостойки     ; 53.937924; 27.670364;G
$;V;R  ;MI.; Минск ; MINSK       ; 108 ;   9 ;123 ;456 ; 108 ; 3009 ;123456789;   ;      ;    ;28.12.05; Мирошниченко 21       ; жилой дом, трубостойки            ; 53.959880; 27.607740;M
$;V;R  ;MI.; Минск ; MINSK       ; 106 ;  10 ;123 ;456 ; 106 ; 3010 ;123456789;106; 5010 ;123 ;28.07.07; Долгобродская 39А     ; СЭХ КУП "Минсктранс", мачта       ; 53.887   ; 27.6196  ;G
$;V;R  ;MI.; Минск ; MINSK       ; 108 ;  11 ;123 ;456 ; 108 ; 3011 ;123456789;   ;      ;    ;21.12.05; Я.Коласа 12           ; БHТУ, корпус N8, трубостойки      ; 53.9211  ; 27.5893  ;
$;V;R  ;MI.; Минск ; MINSK       ; 102 ;  12 ;123 ;456 ; 102 ; 3012 ;123456789;102; 5012 ;123 ;09.03.06; Хоружей 29            ; Гипросельстрой, трубостойки       ; 53.9219  ; 27.5625  ;G
$;V;R  ;MI.; Минск ; MINSK-2     ; 112 ;  12 ;1237;456 ; 112 ;  574 ;123456789;112; 5012 ;123 ;10.03.12; Аэропорт "Минск-2"    ; башня упр. полетами, трубостойки  ; 53.889400; 28.033000;G
$;V;R  ;MI.; Минск ; MINSK       ; 107 ;  13 ;123 ;456 ; 107 ; 3013 ;123456789;107; 5013 ;123 ;05.03.06; Красноармейская 3     ; Дом офицеров, трипод              ; 53.9024  ; 27.5656  ;G
$;V;R  ;MI.; Минск ; MINSK       ; 107 ;  14 ;123 ;456 ; 107 ; 3014 ;123456789;107; 5014 ;123 ;21.12.05; Кирова 8/2            ; Министерство спорта, триподы      ; 53.8941  ; 27.5552  ;G
$;V;R  ;MI.; Минск ; MINSK       ; 103 ;  15 ;123 ;456 ; 103 ; 3015 ;123456789;103; 5015 ;123 ;22.02.05; Шаранговича 19        ; НПО "ЦЕНТР", трубостойки          ; 53.8861  ; 27.4517  ;G
$;V;R  ;MI.; Минск ; MINSK       ; 106 ;  16 ;123 ;456 ; 106 ; 3016 ;123456789;106; 5016 ;123 ;04.03.06; Омельянюка 4          ; ТЭЦ-3 внизу высокой трубы         ; 53.8802  ; 27.6492  ;G
$;V;R  ;MI.; Минск ; MINSK       ; 102 ;  17 ;123 ;456 ; 102 ; 3017 ;123456789;102; 5017 ;123 ;31.08.06; Победителей пр. 107   ; общежитие БГУФК, трубостойки      ; 53.936296; 27.487083;G
$;V;R  ;MI.; Минск ; MINSK       ; 108 ;  18 ;123 ;456 ; 108 ; 3018 ;123456789;108; 5018 ;123 ;14.12.05; Независимости пр. 99  ; БГАТУ, трубостойки                ; 53.9273  ; 27.6224  ;
$;V;R  ;MI.; Минск ; MINSK       ; 107 ;  19 ;123 ;456 ; 107 ;  625 ;123456789;107; 5019 ;123 ;20.01.05; Свободы пл. 17        ; трубостойки                       ; 53.9045  ; 27.5535  ;G
$;V;R  ;MI.; Минск ; MINSK       ; 106 ;  20 ;123 ;456 ; 106 ; 3020 ;123456789;106; 5020 ;123 ;14.12.05; П.Бровки 13           ; санстанция, трубостойки           ; 53.913760; 27.600800;G
$;V;R  ;MI.; Минск ; MINSK       ; 107 ;  21 ;123 ;456 ; 107 ; 3021 ;123456789;107; 5021 ;123 ;14.12.05; Мельникайте 4         ; Белхард, трубостойки              ; 53.9067  ; 27.5427  ;G
$;V;R  ;MI.; Минск ; MINSK       ; 107 ;  22 ;123 ;456 ; 107 ; 3022 ;123456789;107; 5022 ;123 ;21.12.05; Воронянского 7А       ; Комкон, трубостойки               ; 53.8784  ; 27.5429  ;G
$;V;R  ;MI.; Минск ; MINSK       ; 102 ;  23 ;123 ;456 ; 102 ; 3023 ;12345678 ;102; 5023 ;123 ;24.02.09; Одоевского 10         ; РУП "БПОВЦ", трубостойки          ; 53.9058  ; 27.5078  ;G
$;V;R  ;MI.; Минск ; MINSK       ; 102 ;  24 ;123 ;456 ; 102 ; 3024 ;123456789;102; 5024 ;123 ;03.04.05; Нововиленская 26      ; Милавица, трубостойки             ; 53.9340  ; 27.5375  ;
$;V;R  ;MI.; Минск ; MINSK       ; 108 ;  26 ;123 ;456 ; 108 ; 3026 ;123456789;108; 5026 ;123 ;17.02.05; Чернышевского 10А     ; ОАО "Стройкомплекс", трубостойки  ; 53.928334; 27.600519;G
$;V;R  ;MI.; Минск ; MINSK       ; 102 ;  27 ;123 ;456 ; 102 ; 3027 ;123456789;102; 5027 ;123 ;09.03.06; Красная 7             ; Горизонт, две трубостойки         ; 53.9132  ; 27.5719  ;G
$;V;R  ;MI.; Минск ; MINSK       ; 104 ;  28 ;123 ;456 ; 104 ; 3028 ;123456789;104; 5028 ;123 ;15.09.06; газ."Звязда" пр. 33   ; АТС 271, мачта                    ; 53.863857; 27.468829;G
$;V;R  ;MI.; Минск ; MINSK       ; 107 ;  29 ;123 ;456 ; 107 ; 3029 ;123456789;107; 5029 ;123 ;25.12.05; Гебелева 7            ; Ленинский ЛСЦ, мачта              ; 53.899   ; 27.5398  ;G
$;V;R  ;MI.; Минск ; MINSK       ; 102 ;  30 ;123 ;456 ; 102 ; 3030 ;123456789;102; 5030 ;123 ;10.04.06; Игнатенко 7           ; учебный центр БелОСТО, мачта      ; 53.9177  ; 27.5239  ;G
$;V;R  ;MI.; Минск ; MINSK       ; 107 ;  31 ;123 ;456 ; 107 ; 3031 ;123456789;107; 5031 ;123 ;21.12.05; Фабрициуса 24      ; электродепо "Московское", трубостойки; 53.8876  ; 27.5346  ;G
$;V;R  ;MI.; Минск ; SOKOL       ; 112 ;  32 ;1234;5678; 112 ; 3732 ;123456789;112; 5032 ;1234;07.08.06; Сокол, Барамзиной 16  ; узел связи, мачта                 ; 53.877   ; 27.9027  ;G
$;V;R  ;MI.; Минск ; MINSK       ; 105 ;  33 ;123 ;456 ; 105 ; 3033 ;123456789;105; 5033 ;123 ;08.01.07; Маяковского 176       ; Камвольный комбинат, трипод       ; 53.859334; 27.571131;G
$;V;R  ;MI.; Минск ; MINSK       ; 107 ;  34 ;123 ;456 ; 107 ; 3034 ;123456789;107; 5034 ;123 ;21.12.05; Могилевская 49        ; гараж, мачта                      ; 53.885732; 27.561815;G
$;V;R  ;MI.; Минск ; MINSK       ; 105 ;  35 ;123 ;456 ; 105 ; 3035 ;123456789;105; 5035 ;123 ;15.09.06; Рокоссовского пр. 134 ; поликлиника N23, мачта            ; 53.8543  ; 27.6043  ;G
$;V;R  ;MI.; Минск ; MINSK       ; 108 ;  36 ;123 ;456 ; 108 ; 3036 ;123456789;108; 5036 ;123 ;14.12.05; Кнорина 50            ; Термопласт, триподы               ; 53.9439  ; 27.6249  ;
$;V;R  ;MI.; Минск ; MINSK       ; 108 ;  37 ;123 ;456 ; 108 ; 3037 ;123456789;108; 5037 ;123 ;28.12.05; Мележа 3              ;Институт стандартизации, трубостойки;53.9396  ; 27.6001  ;G
$;V;R  ;MI.; Минск ; MINSK       ; 108 ;  38 ;123 ;456 ; 108 ; 3038 ;123456789;108; 5038 ;123 ;30.12.05; Кульман 18            ; общежитие МФЭК, трубостойки       ; 53.9221  ; 27.5791  ;
$;V;R  ;MI.; Минск ;             ; 107 ;  39 ;1   ;4   ;     ;      ;         ;   ;      ;    ;07.05.16; Дзержинского пр. 18   ; Беларусбанк, внутри               ; 53.890001; 27.521677;G
$;V;R  ;MI.; Минск ; MINSK       ; 108 ;  40 ;123 ;456 ; 108 ; 3040 ;123456789;108; 5040 ;123 ;23.12.05; Смолячкова 9          ; Селстрой, трубостойки             ; 53.9110  ; 27.5858  ;
$;V;R  ;MI.; Минск ; MINSK       ; 108 ;  41 ;123 ;456 ; 108 ; 3041 ;123456789;108; 5041 ;123 ;01.12.04; Независимости пр. 79  ; Дом Печати, трубостойки           ; 53.922520; 27.600430;G
$;V;R  ;MI.; Минск ; MINSK       ; 106 ;  42 ;123 ;456 ; 106 ; 3042 ;123456789;106; 5042 ;123 ;26.10.06; Серафимовича 11       ; УО "ИПД", трипод                  ; 53.889994; 27.587268;G
$;V;R  ;MI.; Минск ; MINSK       ; 107 ;  43 ;123 ;456 ; 107 ; 3043 ;123456789;107; 5043 ;123 ;24.12.05; Независимости пр. 21  ; ГУМ, триподы                      ; 53.9007  ; 27.5583  ;G
$;V;R  ;MI.; Минск ; MINSK       ; 102 ;  44 ;123 ;456 ; 102 ; 3044 ;123456789;102; 5044 ;123 ;16.02.05; Пушкина пр. 8         ; общежитие УП "Бытэкс", трубостойки; 53.897930; 27.497960;M
$;V;R  ;MI.; Минск ; MINSK       ; 107 ;  45 ;123 ;456 ; 107 ; 3045 ;123456789;107; 5045 ;123 ;21.12.05; Независимости пр. 10  ; Главпочтамт, триподы              ; 53.896170; 27.551020;M
$;V;R  ;MI.; Минск ; MINSK       ; 102 ;  46 ;123 ;456 ; 102 ; 3046 ;123456789;102; 5046 ;123 ;20.09.15; Пушкина пр. 66        ; общежитие БЭРНа, трубостойки      ; 53.9193  ; 27.4985  ;G
$;V;R  ;MI.; Минск ; MINSK       ; 102 ;  47 ;123 ;456 ; 102 ; 3047 ;123456789;102; 5047 ;123 ;17.02.05; Машерова пр. 19       ; офисное здание, трубостойка       ; 53.916269; 27.562575;G
$;V;R  ;MI.; Минск ; MINSK       ; 106 ;  48 ;123 ;456 ; 106 ; 3048 ;123456789;106; 5048 ;123 ;03.04.05; Герасименко 49        ; поликлиника N17, мачта            ; 53.8846  ; 27.6804  ;G
$;V;R  ;MI.; Минск ; MINSK       ; 105 ;  49 ;123 ;456 ; 105 ; 3049 ;123456789;105; 5049 ;123 ;02.08.05; Искалиева 12          ; Заводской ЛСЦ, трубостойки        ; 53.8718  ; 27.6215  ;G
$;V;R  ;MI.; Минск ; MINSK       ; 104 ;  50 ;123 ;456 ; 104 ; 3050 ;123456789;104; 5050 ;123 ;13.05.13; Грушевская 89         ; общежитие МВРЗ, мачта             ; 53.882   ; 27.5153  ;G
$;V;R  ;MI.; Минск ; MINSK       ; 106 ;  51 ;123 ;456 ; 106 ; 3051 ;123456789;106; 5051 ;123 ;23.12.05; Менделеева 13         ; АТС 245, мачта                    ; 53.903   ; 27.6169  ;G
$;V;R  ;MI.; Минск ; MINSK       ; 106 ;  52 ;123 ;456 ; 106 ; 3052 ;123456789;106; 5052 ;123 ;26.09.06; Подлесная 87          ; ж/д УДЦ "Степянка", мачта         ; 53.915379; 27.663681;
$;V;R  ;MI.; Минск ; MINSK       ; 103 ;  53 ;123 ;456 ; 103 ; 3053 ;123456789;103; 5053 ;123 ;11.12.15; Одинцова 47           ; ЖЭС, мачта                        ; 53.8969  ; 27.4421  ;G
$;V;R  ;MI.; Минск ; MINSK       ; 102 ;  54 ;123 ;456 ; 102 ; 3054 ;123456789;102; 5054 ;123 ;27.10.06; Осипенко 17/3         ; общежитие Белгеодезии, трипод     ; 53.927869; 27.551799;
$;V;R  ;MI.; Минск ; ZHDANOVICHI ; 102 ;  55 ;123 ;456 ; 102 ; 3055 ;123456789;102; 5055 ;123 ;20.06.05; Тимирязева 125/7      ; ТД Ждановичи, склад, триподы      ; 53.9359  ; 27.4456  ;G
$;V;R  ;MI.; Минск ; MINSK       ; 105 ;  56 ;123 ;456 ; 105 ; 3056 ;123456789;105; 5056 ;123 ;13.10.06; Серова 15             ; поликлиника N35, мачта            ; 53.847945; 27.549392;G
$;V;R  ;MI.; Минск ; MINSK       ; 104 ;  57 ;123 ;456 ; 104 ; 3057 ;123456789;104; 5057 ;123 ;13.10.06; Курчатова 8           ; общежитие N10 БГУ, трубостойки    ; 53.838593; 27.471417;G
$;V;R  ;MI.; Минск ; MINSK       ; 103 ;  58 ;123 ;456 ; 103 ; 3058 ;123456789;103; 5058 ;123 ;25.11.06; Рафиева 60            ; поликлиника N25, мачта            ; 53.863116; 27.443738;G
$;V;R  ;MI.; Минск ; MINSK       ; 108 ;  59 ;123 ;456 ; 108 ;  572 ;123456789;108; 5059 ;123 ;23.01.06; Гинтовта 28           ; поликлиника N28, мачта            ; 53.9508  ; 27.6773  ;G
$;V;R  ;MI.; Минск ; MINSK       ; 108 ;  59 ;   7;   8; 108 ; 5721 ;1  4  7  ;108; 5059 ;   4;27.05.14; Гинтовта 28           ; поликлиника N28, мачта            ; 53.9508  ; 27.6773  ;G
$;V;R  ;MI.; Минск ; MINSK       ; 104 ;  60 ;123 ;456 ; 104 ; 3060 ;123456789;104; 5060 ;123 ;13.05.13; Казинца 2             ; Белресурсы, трубостойки           ; 53.8673  ; 27.5243  ;G
$;V;R  ;MI.; Минск ; MINSK       ; 108 ;  61 ;123 ;456 ; 108 ; 3061 ;123456789;108; 5061 ;123 ;04.01.06; Никифорова 3          ; поликлиника N8, мачта             ; 53.9396  ; 27.6892  ;G
$;V;R  ;MI.; Минск ; MINSK       ; 108 ;  62 ;123 ;456 ; 108 ; 3062 ;123456789;108; 5062 ;123 ;08.01.15; Независимости пр. 116 ; нац. библиотека, трубостойки      ; 53.930836; 27.645736;G
$;V;R  ;MI.; Минск ; MINSK       ; 106 ;  63 ;123 ;456 ; 106 ; 3063 ;123456789;106; 5063 ;123 ;21.12.05; Платонова 10          ; Плодоовощпроект, трубостойки      ; 53.9074  ; 27.5929  ;G
$;V;R  ;MI.; Минск ; MINSK       ; 107 ;  64 ;123 ;456 ; 107 ; 3064 ;123456789;107; 5064 ;123 ;27.02.06; Немига 30             ; завод ЛУЧ, трубостойки            ; 53.900802; 27.546462;G
$;V;R  ;MI.; Минск ; MINSK       ; 107 ;  65 ;123 ;456 ; 107 ; 3065 ;123456789;107; 5065 ;123 ;23.08.06; Тимирязева 9А         ; трипод                            ; 53.9083  ; 27.5296  ;G
$;V;R  ;MI.;Новинки; MINSK       ; 102 ;  66 ;123 ;456 ; 102 ; 3066 ;123456789;102; 5066 ;123 ;24.09.06; Будславская 19        ; автоцентр "Новинки", мачта        ; 53.9606  ; 27.5442  ;G
$;V;R  ;MI.;Новинки; MINSK       ; 102 ;  66 ;   7;   8; 102 ; 2066 ;1  4     ;102; 5066 ;   4;11.02.18; Будславская 19        ; автоцентр "Новинки", мачта        ; 53.9606  ; 27.5442  ;G
$;V;R  ;MI.; Минск ; MINSK       ; 102 ;  67 ;123 ;456 ; 102 ; 3067 ;123456789;102; 5067 ;123 ;16.06.05; Кунцевщина 8          ; поликлиника N26, мачта            ; 53.9113  ; 27.4379  ;G
$;V;R  ;MI.; Минск ; MINSK       ; 106 ;  68 ;123 ;456 ; 106 ; 3068 ;123456789;106; 5068 ;123 ;24.09.06; Бачило 9              ; поликлиника N36, мачта            ; 53.841287; 27.700102;G
$;V;R  ;MI.; Минск ; MINSK       ; 108 ;  69 ;123 ;456 ; 108 ; 3069 ;123456789;108; 5069 ;123 ;30.12.05; Хоружей 13            ; УП "Минсктиппроект", трубостойки  ; 53.9195  ; 27.5743  ;G
$;V;R  ;MI.; Минск ; MINSK       ; 108 ;  70 ;123 ;456 ; 108 ; 3070 ;123456789;108; 5070 ;123 ;19.01.05; Кольцова 49           ; общежитие МГТК, трубостойки       ; 53.951673; 27.603513;G
$;V;R  ;MI.; Минск ; MINSK       ; 102 ;  71 ;123 ;456 ; 102 ;  601 ;123456789;102; 5071 ;123 ;27.08.05; Даумана 23            ; СК "Динамо", триподы              ; 53.919029; 27.548377;G
$;V;R  ;MI.; Минск ; MINSK       ; 102 ;  71 ;   7;    ; 102 ; 6011 ;1  4  7  ;102; 5071 ;   4;14.11.13; Даумана 23            ; СК "Динамо", триподы              ; 53.919029; 27.548377;G
$;V;R  ;MI.; Минск ; MINSK       ; 103 ;  72 ;123 ;456 ; 103 ; 3072 ;123456789;103; 5072 ;123 ;26.10.06; Гурского 17           ; Троллейбусный парк N3, мачта      ; 53.881030; 27.487220;M
$;V;R  ;MI.; Минск ; MINSK       ; 105 ;  73 ;123 ;456 ; 105 ; 3073 ;123456789;105; 5073 ;123 ;21.12.05; Аэродромная 38        ; COOO "Гейм Стрим", эйф.башня      ; 53.871204; 27.558689;G
$;V;R  ;MI.; Минск ; MINSK       ; 105 ;  74 ;123 ;456 ; 105 ; 3074 ;123456789;105; 5074 ;123 ;24.09.06; Ташкентская 7         ; Служба быта, мачта                ; 53.836593; 27.629877;G
$;V;R  ;MI.; Минск ; MINSK       ; 107 ;  75 ;123 ;456 ; 107 ;  624 ;123456789;107; 5075 ;123 ;21.12.05; Октябрьская 5         ; к/з "Минск", триподы              ; 53.893690; 27.567500;M
$;V;R  ;MI.; Минск ;             ;     ;  75 ;    ;    ; 107 ; 6241 ;1  4  7  ;   ;      ;    ;23.12.14; Октябрьская 5         ; к/з "Минск", триподы              ; 53.893690; 27.567500;M
$;V;R  ;MI.; Минск ; MINSK       ; 107 ;  76 ;123 ;456 ; 107 ; 3076 ;123456789;107; 5076 ;123 ;21.12.05; Румянцева 2           ; дом литераторов, эйф.башня        ; 53.906244; 27.574820;G
$;V;R  ;MI.; Минск ; MINSK       ; 108 ;  77 ;123 ;456 ; 108 ; 3077 ;123456789;108; 5077 ;123 ;24.12.05; Сурганова 44          ; дом художников, трубостойки       ; 53.927978; 27.589966;M
$;V;R  ;MI.; Минск ; MINSK       ; 106 ;  78 ;123 ;456 ; 106 ; 3078 ;123456789;106; 5078 ;123 ;24.01.05; Стахановская 25А      ; АТС 230, мачта                    ; 53.886319; 27.611118;M
$;V;R  ;MI.; Минск ; MINSK       ; 106 ;  79 ;123 ;456 ; 106 ; 3079 ;123456789;106; 5079 ;123 ;27.02.06; Партизанский пр. 112А ; стомат.поликлиника N4, эйф.башня  ; 53.8668  ; 27.6538  ;G
$;V;R  ;MI.; Минск ; MINSK       ; 105 ;  80 ;123 ;456 ; 105 ; 3080 ;12345678 ;105; 5080 ;123 ;30.10.06; Стебенева 12          ; Спецавтоматика, мачта             ; 53.837965; 27.548355;G
$;V;R  ;MI.; Минск ; MINSK       ; 104 ;  82 ;123 ;456 ; 104 ; 3082 ;123456789;104; 5082 ;123 ;13.05.13; Дзержинского пр. 83   ; Мединститут, трубостойки          ; 53.861869; 27.485043;M
$;V;R  ;MI.; Минск ; MINSK       ; 102 ;  83 ;123 ;456 ; 102 ; 3083 ;123456789;102; 5083 ;123 ;01.07.05; Притыцкого 23         ; кинотеатр "Аврора", трубостойки   ; 53.9088  ; 27.4926  ;G
$;V;R  ;MI.; Минск ; MINSK       ; 102 ;  84 ;123 ;456 ; 102 ; 3084 ;123456789;102; 5084 ;123 ;05.11.06; Матусевича 13         ; Фрунзенский ЛСЦ, мачта            ; 53.9148  ; 27.4829  ;G
$;V;R  ;MI.; Минск ; MINSK       ; 107 ;  85 ;123 ;456 ; 107 ; 3085 ;123456789;107; 5085 ;123 ;21.12.05; Мясникова 41          ; Минфин, трубостойки               ; 53.8949  ; 27.5422  ;G
$;V;R  ;MI.; Минск ; MINSK       ; 107 ;  86 ;123 ;456 ; 107 ; 3086 ;123456789;107; 5086 ;123 ;25.12.05; Кальварийская 25      ; Жилкоммунтехника, трубостойки     ; 53.9064  ; 27.5208  ;G
$;V;R  ;MI.; Минск ; MINSK       ; 108 ;  87 ;123 ;456 ; 108 ; 3087 ;123456789;108; 5087 ;123 ;14.12.05; Славинского 45        ; ТЦ "Верас", мачта                 ; 53.9389  ; 27.6421  ;G
$;V;R  ;MI.; Минск ; MINSK       ; 106 ;  88 ;123 ;456 ; 106 ; 3088 ;123456789;106; 5088 ;123 ;13.01.05; Аннаева 49            ; Белсвязьстрой, мачта              ; 53.906897; 27.634377;G
$;V;R  ;MI.; Минск ; MINSK       ; 108 ;  89 ;123 ;456 ; 108 ; 3089 ;123456789;108; 5089 ;123 ;04.01.06; Калинина пер. 16      ; РУП "БелЭЗ", трубостойки          ; 53.9327  ; 27.6088  ;G
$;V;R  ;MI.; Минск ; MINSK       ; 107 ;  90 ;123 ;456 ; 107 ; 3090 ;123456789;107; 5090 ;123 ;17.10.06; Либкнехта 85          ; больница N4, трубостойки          ; 53.8927  ; 27.5149  ;G
$;V;R  ;MI.; Минск ; ZHDANOVICHI ; 102 ;  92 ;123 ;456 ; 102 ; 3092 ;123456789;102; 5092 ;123 ;01.07.05; Тимирязева 129/1   ; ТД Ждановичи, прод.рынок, трубостойки; 53.9398  ; 27.4414  ;G
$;V;R  ;MI.; Минск ; ZHDANOVICHI ; 102 ;  93 ;123 ;456 ; 102 ; 3093 ;123456789;102; 5093 ;123 ;01.07.05; Тимирязева 125/4      ; ТД Ждановичи, СТО, трубостойки?   ; 53.934187; 27.452671;M
$;V;R  ;MI.; Минск ; MINSK       ; 108 ;  95 ;123 ;456 ; 108 ; 3095 ;123456789;108; 5095 ;123 ;13.05.13; Кульман 21            ; общежитие РУП "Белпочта", трипод  ; 53.926584; 27.568438;M
$;V;RVM;MI.; Минск ;             ; 102 ;  96 ;1   ;4   ; 102 ; 3096 ;1  4  7  ;102; 5096 ;1   ;09.04.13; Победителей пр. 14    ; бывший МинскЭкспо, внутри         ; 53.928035; 27.520869;G
$;V;R  ;MI.; Минск ; MINSK       ; 106 ;  97 ;123 ;456 ; 106 ; 3097 ;123456789;106; 5097 ;123 ;31.01.05; Охотский пер. 21      ; АТС 243, трубостойки              ; 53.871919; 27.674004;G
$;V;R  ;MI.; Минск ; MINSK       ; 108 ;  98 ;123 ;456 ; 108 ; 3098 ;123456789;108; 5098 ;123 ;14.12.05; Карбышева 48          ; общ. ЖРЭО Первом.р-на, трубостойки; 53.948496; 27.640077;M
$;V;R  ;MI.; Минск ; MINSK       ; 102 ; 100 ;123 ;456 ; 102 ;  587 ;123456789;102; 5100 ;123 ;28.02.05; Одоевского 52         ; гостиница "Желонь", мачта         ; 53.9029  ; 27.4797  ;G
$;V;R  ;MI.; Минск ;             ;     ; 100 ;    ;    ; 102 ; 5871 ;1  4  7  ;   ;      ;    ;30.12.15; Одоевского 52         ; гостиница "Желонь", мачта         ; 53.9029  ; 27.4797  ;G
$;V;R  ;MI.; Минск ; MINSK       ; 107 ; 101 ;123 ;456 ; 107 ; 3101 ;123456789;107; 5101 ;123 ;21.12.05; Могилевская 12        ; пожарное депо, трубостойки        ; 53.8837  ; 27.5415  ;G
$;V;R  ;MI.; Минск ; MINSK       ; 102 ; 102 ;123 ;456 ; 102 ; 3102 ;123456789;102; 5102 ;123 ;10.11.15; Ольшевского 78        ;общежитие N2 ОАО "Луч", трубостойки; 53.9242  ; 27.4865  ;G
$;V;R  ;MI.; Минск ; MINSK       ; 105 ; 103 ;123 ;456 ; 105 ; 3103 ;123456789;105; 5103 ;123 ;26.10.06; Рокоссовского пр. 150А; кинотеатр "Салют", мачта          ; 53.855429; 27.609967;G
$;V;R  ;MI.; Минск ; MINSK       ; 105 ; 104 ;123 ;456 ; 105 ; 3104 ;123456789;105; 5104 ;123 ;10.11.15; Рокоссовского пр. 27  ; АТС 247/248, мачта                ; 53.870487; 27.601524;G
$;V;R  ;MI.; Минск ; MINSK       ; 104 ; 105 ;123 ;456 ; 104 ; 3105 ;123456789;104; 5105 ;123 ;13.05.13; Корженевского 4       ; ж/д больница, мачта               ; 53.8455  ; 27.4979  ;G
$;V;R  ;MI.; Минск ; MINSK       ; 105 ; 106 ;123 ;456 ; 105 ; 3106 ;123456789;105; 5106 ;123 ;03.04.05; Плеханова 60/2        ; поликлиника N18, мачта            ; 53.8608  ; 27.596   ;G
$;V;R  ;MI.; Минск ; MINSK       ; 107 ; 107 ;123 ;456 ; 107 ;  622 ;123456789;107; 5107 ;123 ;24.12.05; Октябрьская пл. 1     ; Дворец республики, трубостойки    ; 53.9035  ; 27.5595  ;G
$;V;RVM;MI.; Минск ; MINSK       ; 107 ; 107 ;   7;    ;     ;      ;         ;   ;      ;    ;02.09.17; Октябрьская пл. 1     ; Дворец республики, внутри         ; 53.903640; 27.559820;*
$;V;R  ;MI.; Минск ; MINSK       ; 102 ; 108 ;12  ;45  ; 102 ; 3108 ;12 45 78 ;102; 5108 ;12  ;15.09.06; Победителей пр. 49    ; магазин "Соседи", трубостойки     ; 53.917365; 27.533094;M
$;V;R  ;MI.; Минск ; MINSK       ; 105 ; 109 ;123 ;456 ; 105 ; 3109 ;123456789;105; 5109 ;123 ;02.12.06; Кижеватова 72/3       ;общ. N6 НПО "Интеграл", трубостойки; 53.846984; 27.533690;G
$;V;R  ;MI.; Минск ; MINSK       ; 104 ; 110 ;123 ;456 ; 104 ; 3110 ;123456789;104; 5110 ;123 ;25.11.06; Любимова пр. 17       ; ун-м "Брест", мачта               ; 53.859277; 27.462590;
$;V;R  ;MI.; Минск ; MINSK       ; 107 ; 111 ;123 ;456 ; 107 ;  579 ;123456789;   ;      ;    ;18.07.06; Вузовский пер. 3      ; общежитие Мед.академии, мачта     ; 53.881800; 27.557520;G
$;V;R  ;MI.; Минск ;             ;     ; 111 ;    ;    ; 107 ; 5791 ;1  4  7  ;   ;      ;    ;18.01.15; Вузовский пер. 3      ; общежитие Мед.академии, мачта     ; 53.881800; 27.557520;G
$;V;R  ;MI.; Минск ; MINSK       ; 106 ; 112 ;123 ;456 ; 106 ; 3112 ;123456789;106; 5112 ;123 ;24.09.06; Захарова 76           ; Белторгреклама, трубостойки       ; 53.894290; 27.589662;
$;V;R  ;MI.; Минск ; MINSK       ; 106 ; 113 ;123 ;456 ; 106 ; 3113 ;123456789;106; 5113 ;123 ;26.09.06; Купревича 7           ; Геологический институт, мачта     ; 53.929225; 27.689965;G
$;V;R  ;MI.; Минск ; MINSK       ; 105 ; 114 ;123 ;456 ; 105 ; 3114 ;123456789;105; 5114 ;123 ;08.07.05; Партизанский пр. 81   ; гостиница Турист, трубостойки     ; 53.876   ; 27.6279  ;G
$;V;R  ;MI.; Минск ; MINSK       ; 105 ; 115 ;123 ;456 ; 105 ; 3115 ;123456789;105; 5115 ;123 ;09.05.06; Партизанский пр. 2/4  ; ЦНИИТУ, трубостойки               ; 53.885631; 27.583330;G
$;V;R  ;MI.; Минск ; MINSK       ; 106 ; 116 ;123 ;    ;     ;      ;         ;106; 5116 ;123 ;03.04.05; Партизанский пр. 172  ; Гормолокозавод N2, мачта          ; 53.856323; 27.686168;G
$;V;R  ;MI.; Минск ; MINSK       ; 106 ; 116 ;    ;456 ; 106 ; 3116 ;123456789;   ;      ;    ;03.04.05; Партизанский пр. 172  ; Гормолокозавод N2, трипод         ; 53.856480; 27.686204;G
$;V;R  ;MI.; Минск ; MINSK       ; 106 ; 117 ;123 ;456 ; 106 ; 3117 ;123456789;106; 5117 ;123 ;31.10.06; Селицкого 33          ; Минтеплосети, труба               ; 53.825604; 27.700891;G
$;V;R  ;MI.; Минск ; MINSK       ; 106 ; 118 ;123 ;456 ; 106 ; 3118 ;123456789;106; 5118 ;123 ;10.04.06; Радиальная 40         ; Белпроммаркет, триподы            ; 53.892507; 27.646924;G
$;V;R  ;MI.; Минск ; MINSK       ; 108 ; 119 ;123 ;456 ; 108 ; 3119 ;123456789;108; 5119 ;123 ;27.02.06; Уручская 19           ; стройрынок "Уручье", столб        ; 53.9549  ; 27.6952  ;G
$;V;R  ;MI.; Минск ; MINSK       ; 102 ; 121 ;123 ;456 ; 102 ; 3121 ;123456789;102; 5121 ;123 ;27.06.05; Щедрина 83            ; поликлиника N16, мачта            ; 53.9348  ; 27.5568  ;G
$;V;R  ;MI.; Минск ; MINSK       ; 107 ; 122 ;12  ;45  ; 107 ; 3122 ;12 45 78 ;107; 5122 ;12  ;15.09.07; Независимости пр. 39  ; жилой дом, рекламный щит          ; 53.910633; 27.577173;M
$;V;R  ;MI.; Минск ; MINSK       ; 108 ; 123 ;123 ;456 ; 108 ; 3123 ;123456789;108; 5123 ;123 ;08.07.06; Независимости пр. 49  ; СОЦ "Олимп", трубостойки          ; 53.917184; 27.584792;G
$;V;R  ;MI.; Минск ; MINSK       ; 106 ; 124 ;123 ;456 ; 106 ; 3124 ;123456789;106; 5124 ;123 ;14.12.05; Твердый 1й пер. 8     ; Учгазцентр, мачта                 ; 53.906421; 27.600770;M
$;V;R  ;MI.; Минск ; MINSK       ; 107 ; 125 ;123 ;456 ; 107 ; 3125 ;123456789;107; 5125 ;123 ;21.12.05; Вокзальная 22         ; ПЖДП, трубостойки                 ; 53.889369; 27.550419;G*
$;V;R  ;MI.; Минск ; MINSK       ; 104 ; 126 ;123 ;456 ; 104 ; 3126 ;123456789;104; 5126 ;123 ;13.05.13; Брилевская 15         ; пункт приема стеклотары, мачта    ; 53.874885; 27.531335;G
$;V;R  ;MI.; Минск ; MINSK       ; 103 ; 127 ;123 ;456 ; 103 ; 3127 ;123456789;103; 5127 ;123 ;28.08.15; Якубовского 33        ; поликлиника N2, мачта             ; 53.8982  ; 27.4537  ;G
$;V;R  ;MI.; Минск ; MINSK       ; 106 ; 128 ;1   ;4   ;     ;      ;         ;106; 5128 ;1   ;02.05.07; Карвата 73/3          ; микробс, склады, трипод           ; 53.908846; 27.682012;G
$;V;R  ;MI.; Минск ; MINSK       ; 102 ; 129 ;123 ;456 ; 102 ; 3129 ;123456789;102; 5129 ;123 ;07.03.06; Победителей пр. 93    ; поликлиника N4, триподы           ; 53.9339  ; 27.5006  ;G
$;V;R  ;MI.; Минск ; MINSK       ; 105 ; 130 ;123 ;456 ; 105 ; 3130 ;123456789;105; 5130 ;123 ;06.05.09; Шишкина 24            ; детская больница N4, мачта        ; 53.860411; 27.633211;G
$;V;R  ;MI.; Минск ; MINSK       ; 104 ; 132 ;123 ;456 ; 104 ; 3132 ;123456789;104; 5132 ;123 ;13.05.13; Минина 28/5     ; комбинат силикатных изделий, трубостойки; 53.867270; 27.499530;G
$;V;R  ;MI.; Минск ; MINSK       ; 108 ; 133 ;123 ;456 ; 108 ; 3133 ;123456789;108; 5133 ;123 ;06.02.09; Толбухина 3           ; гостиница "Дружба", трубостойки   ; 53.925843; 27.612640;G
$;V;R  ;MI.; Минск ; MINSK       ; 104 ; 134 ;123 ;456 ; 104 ; 3134 ;123456789;104; 5134 ;123 ;13.10.06; Космонавтов 56        ; БОК "Малиновка", мачта            ; 53.846   ; 27.4544  ;G
$;V;R  ;MI.; Минск ; MINSK       ; 103 ; 135 ;123 ;456 ; 103 ; 3135 ;123456789;103; 5135 ;123 ;20.06.05; Лобанка 105           ; ЖЭС 114, мачта                    ; 53.882725; 27.433669;
$;V;R  ;MI.; Минск ; MINSK       ; 103 ; 136 ;123 ;456 ; 103 ; 3136 ;123456789;103; 5136 ;123 ;24.12.05; Панченко 8            ; ЖЭС 77, мачта                     ; 53.883   ; 27.4242  ;G
$;V;R  ;MI.; Минск ; MINSK       ; 103 ; 137 ;123 ;456 ; 103 ; 3137 ;12345  8 ;103; 5137 ; 2  ;25.11.06; Слободская 27         ; магазин, мачта                    ; 53.858370; 27.432550;G
$;V;R  ;MI.; Минск ; MINSK       ; 102 ; 138 ;123 ;456 ; 102 ; 3138 ;123456789;102; 5138 ;123 ;20.02.07; Матусевича 37         ; ГК "Резонатор", мачта             ; 53.9172  ; 27.4504  ;G
$;V;R  ;MI.; Минск ; MINSK       ; 103 ; 139 ;123 ;456 ; 103 ; 3139 ;12 45 789;103; 5139 ;123 ;24.12.05; Люксембург 205        ; стройпредприятие МАПИД, трипод    ; 53.889815; 27.497820;G
$;V;R  ;MI.; Минск ; MINSK       ; 105 ; 141 ;123 ;456 ; 105 ; 3141 ;123456789;105; 5141 ;123 ;17.12.06; Серова 2А             ; ЦАУК, мачта                       ; 53.841622; 27.535083;G
$;V;R  ;MI.; Минск ; MINSK       ; 105 ; 142 ;123 ;456 ; 105 ; 3142 ;123456789;105; 5142 ;123 ;15.09.06; Уборевича 8/2         ; АТС 340/341, мачта                ; 53.845411; 27.638214;G
$;V;R  ;MI.; Минск ; MINSK       ; 105 ; 143 ;123 ;456 ; 105 ; 3143 ;123456789;105; 5143 ;123 ;20.02.06; Плеханова 91          ; ун-м "Серебрянка", мачта          ; 53.861030; 27.603764;G
$;V;R  ;MI.; Минск ; MINSK       ; 105 ; 144 ;123 ;456 ; 105 ; 3144 ;123456789;105; 5144 ;123 ;15.09.06; Ванеева 42            ; Спецкоммунавтотранс, мачта        ; 53.876355; 27.589675;G
$;V;R  ;MI.; Минск ; MINSK       ; 107 ; 145 ;123 ;456 ; 107 ; 3145 ;123456789;107; 5145 ;123 ;27.02.06; Маркса 16             ; Концерн Лесбумпром, трубостойки   ; 53.8978  ; 27.5574  ;G
$;V;R  ;MI.; Минск ; MINSK       ; 107 ; 146 ;123 ;456 ; 107 ; 3146 ;123456789;107; 5146 ;123 ;25.12.05; Кальварийская 1       ; Белагропищепром, триподы          ; 53.9051  ; 27.5396  ;G
$;V;R  ;MI.; Минск ; MINSK       ; 107 ; 147 ;123 ;456 ; 107 ; 3147 ;123456789;107; 5147 ;123 ;24.02.06; Старовиленский тр. 41 ; дворец молодежи, трубостойки      ; 53.9251  ; 27.5439  ;G
$;V;R  ;MI.; Минск ; MINSK       ; 107 ; 148 ;123 ;456 ; 107 ; 3148 ;123456789;107; 5148 ;123 ;27.10.06; Куйбышева 19А         ; мачта                             ; 53.9114  ; 27.5634  ;G
$;V;R  ;MI.; Минск ; MINSK       ; 108 ; 149 ;123 ;456 ; 108 ; 3149 ;123456789;108; 5149 ;123 ;04.01.06; Независимости пр. 64  ; больница N1, трубостойки          ; 53.919212; 27.597506;G
$;V;R  ;MI.; Минск ; MINSK       ; 108 ; 150 ;123 ;456 ; 108 ; 3150 ;123456789;108; 5150 ;123 ;21.12.05; Сурганова 57А         ; ТЦ "Европа", мачта                ; 53.929349; 27.580593;G
$;V;R  ;MI.; Минск ; MINSK       ; 108 ; 151 ;123 ;456 ; 108 ;  580 ;123456789;   ;      ;    ;07.03.06; Беды 24               ; общ. АПО, мачта                   ; 53.934198; 27.592167;
$;V;R  ;MI.; Минск ;             ;     ; 151 ;    ;    ; 108 ; 5801 ;1  4  7  ;   ;      ;    ;12.04.15; Беды 24               ; общ. АПО, мачта                   ; 53.934198; 27.592167;
$;V;R  ;MI.; Минск ; MINSK       ; 108 ; 152 ;123 ;456 ; 108 ; 3152 ;123456789;108; 5152 ;123 ;23.12.05; Севастопольская 121   ; РУП Белтелеком, мачта             ; 53.9413  ; 27.6109  ;G
$;V;R  ;MI.; Минск ; MINSK       ; 108 ; 153 ;123 ;456 ; 108 ; 3153 ;123456789;108; 5153 ;123 ;28.12.05; Карбышева 7/2         ; Евроопт, мачта                    ; 53.9548  ; 27.628   ;G
$;V;R  ;MI.; Минск ; MINSK       ; 108 ; 154 ;123 ;456 ; 108 ;  574 ;123456789;108; 5154 ;123 ;28.12.05; Независимости пр. 181 ; жилой дом, триподы                ; 53.9468  ; 27.6895  ;G
$;V;R  ;MI.; Минск ;             ;     ; 154 ;    ;    ; 108 ; 5741 ;1  4  7  ;   ;      ;    ;11.05.14; Независимости пр. 181 ; жилой дом, триподы                ; 53.9468  ; 27.6895  ;G
$;V;R  ;MI.; Минск ; MINSK       ; 107 ; 155 ;123 ;456 ; 107 ; 3155 ;123456789;107; 5155 ;123 ;13.12.10; Кирова 26             ; БелТА, трубостойки                ; 53.899660; 27.566567;G
$;V;R  ;MI.; Минск ; MINSK       ; 107 ; 156 ;123 ;456 ; 107 ; 3156 ;123456789;107; 5156 ;123 ;14.01.06; Комсомольская 12      ; триподы                           ; 53.9024  ; 27.5519  ;G
$;V;R  ;MI.; Минск ; MINSK       ; 103 ; 157 ;12  ;45  ; 103 ; 3157 ;12 45 78 ;103; 5157 ;12  ;24.12.05; Монтажников 6         ; стойки на крыше цеха ТЭЦ-4        ; 53.871377; 27.404373;G
$;V;R  ;MI.; Минск ; MINSK       ; 103 ; 158 ;123 ;456 ; 103 ; 3158 ;123456789;103; 5158 ;123 ;13.10.06; Кунцевщина, ак.Жебрака; котельная, труба                  ; 53.901924; 27.419258;G
$;V;R  ;MI.; Минск ; MINSK       ; 102 ; 159 ;123 ;456 ; 102 ; 3159 ;123456789;102; 5159 ;123 ;24.12.05; Притыцкого 66         ; магазин, мачта                    ; 53.907100; 27.449450;G
$;V;R  ;MI.; Минск ; MINSK       ; 104 ; 160 ;123 ;456 ; 104 ;  581 ;123456789;104; 5160 ;123 ;25.11.06; Есенина 67            ; ЖЭС, мачта                        ; 53.857293; 27.440898;G
$;V;R  ;MI.; Минск ;             ;     ; 160 ;    ;    ; 104 ; 5811 ;1  4  7  ;   ;      ;    ;25.09.15; Есенина 67            ; ЖЭС, мачта                        ; 53.857293; 27.440898;G
$;V;R  ;MI.; Минск ; MINSK       ; 103 ; 161 ;123 ;456 ; 103 ; 3161 ;123456789;103; 5161 ;123 ;26.10.06; Алибегова 13/1        ; Евроопт, мачта                    ; 53.871   ; 27.4734  ;G
$;V;R  ;MI.; Минск ;             ; 103 ; 161 ;   7;   8; 103 ; 2161 ;1  4     ;103; 5161 ;   4;16.11.17; Алибегова 13/1        ; Евроопт, мачта                    ; 53.871   ; 27.4734  ;G
$;V;R  ;MI.; Минск ; MINSK       ; 103 ; 162 ;    ;456 ; 103 ; 3162 ;123456789;103; 5162 ;123 ;13.06.15; Алибегова 12Б         ; паркинг, трипод                   ; 53.872222; 27.481962;G
$;V;R  ;MI.; Минск ; MINSK       ; 102 ; 163 ;123 ;456 ; 102 ; 3163 ;123456789;102; 5163 ;123 ;10.02.07; Ольшевского 13/2      ; общежитие ТЭЦ-4, трубостойки      ; 53.9136  ; 27.5053  ;G
$;V;R  ;MI.; Минск ; MINSK       ; 102 ; 164 ;123 ;456 ; 102 ; 3164 ;123456789;102; 5164 ;123 ;06.11.06; Бетонный проезд 1     ; мойка, мачта                      ; 53.8977  ; 27.5099  ;G
$;V;R  ;MI.; Минск ; MINSK       ; 107 ; 165 ;123 ;456 ; 107 ; 3165 ;123456789;107; 5165 ;123 ;24.12.05; Рабкоровская 15       ; общ. БГУКИ N1, мачта              ; 53.888265; 27.541775;G
$;V;R  ;MI.; Минск ; MINSK       ; 105 ; 166 ;123 ;456 ; 105 ; 3166 ;123456789;105; 5166 ;123 ;21.12.05; Надеждинская 58       ; СРСУ N2 ЖРЭО Ленин.р-на, мачта    ; 53.8766  ; 27.5633  ;G
$;V;R  ;MI.; Минск ; MINSK       ; 105 ; 167 ;123 ;456 ; 105 ; 3167 ;123456789;105; 5167 ;123 ;13.10.06; Великоморская 36      ; поликлиника N11, мачта            ; 53.8659  ; 27.5684  ;G
$;V;R  ;MI.; Минск ; MINSK       ; 105 ; 168 ;12  ;45  ; 105 ; 3168 ;123456789;105; 5168 ;12  ;27.10.06; Серова 22А            ; завод Керамин, котельная, труба   ; 53.843848; 27.553730;G
$;V;R  ;MI.; Минск ; MINSK       ; 105 ; 169 ;123 ;456 ; 105 ; 3169 ;123456789;105; 5169 ;123 ;20.02.06; Рокоссовского пр. 89А ; приемный пункт стеклотары, мачта  ; 53.861562; 27.613625;G
$;V;R  ;MI.; Минск ; MINSK       ; 106 ; 170 ;123 ;456 ; 106 ; 3170 ;123456789;106; 5170 ;123 ;04.04.05; Инженерная 27         ; ООО "БелРемТорг Центр", мачта     ; 53.8432  ; 27.6845  ;G
$;V;R  ;MI.; Минск ; MINSK       ; 106 ; 171 ;123 ;456 ; 106 ; 3171 ;123456789;106; 5171 ;123 ;23.12.05; Скорины 10            ; ИПИПРЭ НАН Беларуси, мачта        ; 53.923855; 27.668171;G
$;V;R  ;MI.; Минск ; MINSK       ; 108 ; 172 ;12  ;45  ; 108 ; 3172 ;12 45 78 ;108; 5172 ;12  ;03.01.07; Независимости пр. 143/1;магазин, трубостойка              ; 53.934008; 27.647575;G
$;V;R  ;MI.; Минск ; MINSK       ; 108 ; 173 ;1 3 ;4 6 ; 108 ; 3173 ;123456789;108; 5173 ;123 ;31.10.06; Независимости пр. 169 ; Бизнесцентр ХХI ВЕК               ; 53.9444  ; 27.6659  ;G
$;V;RVO;MI.; Минск ; MINSK       ; 108 ; 173 ; 2  ; 5  ;     ;      ;         ;   ;      ;    ;31.10.06; Независимости пр. 169 ; БЦ XXI ВЕК, антенны на 4,6,8 эт.  ; 53.9443  ; 27.6659  ;G
$;V;R  ;MI.; Минск ; MINSK       ; 108 ; 174 ;123 ;456 ; 108 ; 3174 ;123456789;108; 5174 ;123 ;27.10.06; 1я Базисная 50А       ; ТП-26, мачта                      ; 53.943740; 27.591380;G
$;V;R  ;MI.; Минск ; MINSK       ; 102 ; 175 ;123 ;456 ; 102 ; 3175 ;123456789;102; 5175 ;123 ;27.10.06; Гая 25/4              ; ДЮСШ, мачта                       ; 53.930795; 27.561360;G
$;V;R  ;MI.; Минск ; MINSK       ; 106 ; 176 ;123 ;456 ; 106 ; 3176 ;123456789;106; 5176 ;123 ;27.10.06; Захарова 31           ; обл.упр.статистики, триподы       ; 53.9049  ; 27.5821  ;G
$;V;R  ;MI.; Минск ; MINSK       ; 103 ; 177 ;123 ;456 ; 103 ; 3177 ;123456789;103; 5177 ;123 ;05.11.06; Лобанка 58            ; ЖЭС 115, мачта                    ; 53.8979  ; 27.4326  ;G
$;V;R  ;MI.; Минск ; MINSK       ; 103 ; 178 ;123 ;456 ; 103 ; 3178 ;123456789;103; 5178 ;123 ;05.11.06; Шаранговича 39        ; ЖЭС 76, мачта                     ; 53.881   ; 27.4473  ;G
$;V;R  ;MI.; Минск ; MINSK       ; 103 ; 179 ;123 ;456 ; 103 ; 3179 ;123456789;103; 5179 ;123 ;05.11.06; Якубовского 52        ;ЧУП Светоприбор БелТИЗ, два трипода; 53.893544; 27.451412;G
$;V;R  ;MI.; Минск ; MINSK       ; 102 ; 180 ;123 ;456 ; 102 ; 3180 ;123456789;102; 5180 ;123 ;13.10.06; Лынькова 97А          ; МО РБ, ремонтный завод N366, мачта; 53.9303  ; 27.4653  ;G
$;V;R  ;MI.; Минск ; MINSK       ; 102 ; 181 ;123 ;456 ; 102 ; 3181 ;123456789;102; 5181 ;123 ;25.11.06; Пушкина пр. 28        ; клуб "Тоннель", мачта             ; 53.905509; 27.497293;G
$;V;R  ;MI.; Минск ; MINSK       ; 104 ; 182 ;123 ;456 ; 104 ; 3182 ;123456789;104; 5182 ;123 ;13.05.13; Брестская 34          ; офисное здание, трубостойки       ; 53.8604  ; 27.5236  ;G
$;V;R  ;MI.; Минск ; MINSK       ; 107 ; 183 ;123 ;456 ; 107 ; 3183 ;123456789;107; 5183 ;123 ;27.10.06; Воронянского 50/2     ; поликлиника БелЖД, мачта          ; 53.877155; 27.551145;G
$;V;R  ;MI.; Минск ; MINSK       ; 107 ; 183 ;   7;   8; 107 ; 4183 ;1  4  7  ;107; 5183 ;   4;11.11.06; Воронянского 50/2     ; поликлиника БелЖД, мачта          ; 53.877155; 27.551145;G
$;V;R  ;MI.; Минск ; MINSK       ; 107 ; 184 ;123 ;456 ; 107 ; 3184 ;123456789;107; 5184 ;123 ;13.10.06; Чкалова 5             ; Облисполком, триподы              ; 53.879195; 27.535836;M
$;V;R  ;MI.; Минск ; MINSK       ; 107 ; 185 ;123 ;456 ; 107 ; 3185 ;123456789;107; 5185 ;123 ;26.10.06; Берсона 14            ; Мин. экономики, трубостойки       ; 53.8975  ; 27.5463  ;G*
$;V;R  ;MI.; Минск ; MINSK       ; 102 ; 186 ;123 ;456 ; 102 ; 3186 ;123456789;102; 5186 ;123 ;12.02.06; Некрасова 114         ; БЦ "Капитал", трипод              ; 53.9398  ; 27.5675  ;G
$;V;R  ;MI.; Минск ; MINSK       ; 106 ; 187 ;123 ;456 ; 106 ; 3187 ;123456789;106; 5187 ;123 ;30.10.06; Багратиона 2й пер. 18А; ун-м "Рублевский", мачта          ; 53.9079  ; 27.6236  ;G
$;V;R  ;MI.; Минск ; MINSK       ; 105 ; 189 ;1   ;4   ; 105 ; 3189 ;1  4  7  ;105; 5189 ;1   ;15.09.06; Жилуновича 4          ; ун-м Беларусь, трипод             ; 53.8771  ; 27.6305  ;G
$;V;RVO;MI.; Минск ; MINSK       ; 105 ; 189 ; 2  ; 5  ; 105 ; 3189 ; 2  5  8 ;105; 5189 ; 2  ;15.09.06; Жилуновича 4   ; у-м Беларусь, доп.антенны на 2 и 4 этажах; 53.8763  ; 27.63    ;G
$;V;R  ;MI.; Минск ; MINSK       ; 106 ; 190 ;123 ;456 ; 106 ; 3190 ;123456789;106; 5190 ;123 ;24.09.06; Ангарская 36          ; ун-м "Байкальский", мачта         ; 53.8717  ; 27.6848  ;G
$;V;R  ;MI.; Минск ; MINSK       ; 106 ; 191 ;123 ;456 ; 106 ; 3191 ;123456789;106; 5191 ;123 ;31.10.06; Селицкого 113         ; департамент Белавтодор, мачта     ; 53.847629; 27.702162;G
$;V;R  ;MI.; Минск ;             ;     ; 191 ;    ;    ; 106 ; 1191 ;1  4     ;   ;      ;    ;16.01.16; Селицкого 113         ; департамент Белавтодор, мачта     ; 53.847629; 27.702162;G
$;V;R  ;MI.; Минск ; MINSK       ; 104 ; 192 ;123 ;456 ; 104 ; 3192 ;123456789;104; 5192 ;123 ;17.12.06; Любимова пр. 8        ; общ.N2 Минскхлебпром, триподы     ; 53.859   ; 27.4718  ;G
$;V;R  ;MI.; Минск ; MINSK       ; 105 ; 193 ;123 ;456 ; 105 ; 3193 ;123456789;105; 5193 ;123 ;15.09.07; Партизанский пр. 8    ; Мотовелозавод, мачта              ; 53.8827  ; 27.5885  ;G
$;V;R  ;MI.; Минск ; MINSK       ; 105 ; 194 ;123 ;456 ; 105 ; 3194 ;123456789;105; 5194 ;123 ;15.09.07; Рокоссовского пр. 48  ; ЖЭС 82, мачта                     ; 53.867693; 27.596503;G
$;V;R  ;MI.; Минск ; MINSK       ; 106 ; 195 ;123 ;456 ; 106 ; 3195 ;123456789;106; 5195 ;123 ;27.10.06; П.Бровки 24           ; филиал "Белкоопстрах", мачта      ; 53.9115  ; 27.6023  ;G
$;V;R  ;MI.; Минск ; MINSK       ; 108 ; 196 ;123 ;456 ; 108 ; 3196 ;123456789;108; 5196 ;123 ;26.10.06; Калиновского 66А      ; ТЦ "Восток", мачта                ; 53.9392  ; 27.6503  ;G
$;V;R  ;MI.; Минск ; MINSK       ; 108 ; 197 ;123 ;456 ; 108 ;  582 ;123456789;108; 5197 ;123 ;31.10.06; Фогеля 19             ; ОАО "Обработка белья", мачта      ; 53.955217; 27.741025;G
$;V;R  ;MI.; Минск ;             ;     ; 197 ;    ;    ; 108 ; 5821 ;1  4  7  ;   ;      ;    ;24.04.15; Фогеля 19             ; БПР УП "Обработка белья", мачта   ; 53.955217; 27.741025;G
$;V;R  ;MI.; Минск ; MINSK       ; 105 ; 198 ;123 ;456 ; 105 ; 3198 ;123456789;105; 5198 ;123 ;27.10.06; Серова 22             ; труба завода "Керамин"            ; 53.8412  ; 27.5571  ;G
$;V;R  ;MI.; Минск ; MINSK       ; 105 ; 199 ;123 ;456 ; 105 ; 3199 ;123456789;105; 5199 ;123 ;31.10.06; Бабушкина 76          ; промзона "Колядичи", мачта        ; 53.802865; 27.590098;G
$;V;R  ;MI.; Минск ; MINSK       ; 102 ; 200 ;123 ;456 ; 102 ; 3200 ;123456789;102; 5200 ;123 ;27.10.06; Машерова пр. 25       ; триподы                           ; 53.917   ; 27.5584  ;G
$;V;R  ;MI.; Минск ; MINSK       ; 108 ; 201 ;123 ;456 ; 108 ; 3201 ;123456789;108; 5201 ;123 ;19.08.06; Руссиянова 6          ; магазин, мачта                    ; 53.9428  ; 27.686   ;G
$;V;R  ;MI.; Минск ; MINSK       ; 106 ; 202 ;123 ;456 ; 106 ; 3202 ;123456789;106; 5202 ;123 ;25.11.06; Селицкого 21/1        ; з-д эфф.пром.конструкций, мачта   ; 53.814005; 27.693030;G
$;V;R  ;MI.; Минск ; MINSK       ; 106 ; 202 ;   7;   8; 106 ; 2021 ;1  4  7  ;106; 5202 ;   4;03.12.15; Селицкого 21/1        ; з-д эфф.пром.конструкций, мачта   ; 53.814005; 27.693030;G
$;V;R  ;MI.; Минск ; MINSK       ; 103 ; 203 ;123 ;456 ; 103 ; 3203 ;123456789;103; 5203 ;123 ;16.09.07; Рафиева 27            ; кафе "Диалог", мачта              ; 53.8676  ; 27.4578  ;G
$;V;R  ;MI.; Минск ; MINSK       ; 107 ; 204 ;123 ;456 ; 107 ; 3204 ;123456789;107; 5204 ;123 ;29.12.06; Победителей пр. 7     ; БелИСА, трубостойки               ; 53.908280; 27.549710;G
$;V;R  ;MI.; Минск ; MINSK       ; 107 ; 205 ;123 ;456 ; 107 ; 3205 ;123456789;107; 5205 ;123 ;13.10.06; Могилевская 2/3       ; детская поликлиника N3, мачта     ; 53.8817  ; 27.54    ;G
$;V;R  ;MI.; Минск ; MINSK       ; 104 ; 206 ;123 ;456 ; 104 ; 3206 ;123456789;104; 5206 ;123 ;13.05.13; Казинца 105А          ; АТС 278, мачта                    ; 53.8454  ; 27.5095  ;G
$;V;R  ;MI.; Минск ; MINSK       ; 102 ; 207 ;123 ;456 ; 102 ; 3207 ;123456789;102; 5207 ;123 ;24.09.06; Глебки 88             ; ГУО "МОИРО", мачта                ; 53.920744; 27.476601;G
$;V;R  ;MI.; Минск ; MINSK       ; 108 ; 208 ;123 ;456 ; 108 ; 3208 ;123456789;108; 5208 ;123 ;24.09.06; Кольцова 4й пер. 6    ; ГСК "Маяк-2", мачта               ; 53.956340; 27.594670;G
$;V;R  ;MI.; Минск ; MINSK       ; 104 ; 209 ;123 ;456 ; 104 ; 3209 ;12345678 ;104; 5209 ;12  ;16.09.07; Семашко 8             ; клиническая больница N9, триподы  ; 53.859635; 27.495655;G
$;V;R  ;MI.; Минск ; MINSK       ; 105 ; 210 ;123 ;456 ; 105 ; 3210 ;123456789;105; 5210 ;123 ;03.02.07; Филатова 13           ; поликлиника N21, мачта            ; 53.8695  ; 27.6315  ;G
$;V;R  ;MI.; Минск ; MINSK       ; 102 ; 211 ;123 ;456 ; 102 ;  281 ;123456789;102; 5211 ;123 ;07.02.07; Скрыганова 6          ; ЗАО "Белагроинторг", трубостойки  ; 53.911   ; 27.5167  ;G
$;V;R  ;MI.; Минск ; MINSK       ; 102 ; 211 ;    ;   7; 102 ; 4211 ;1  4  7  ;   ;      ;    ;22.04.16; Скрыганова 6          ; ЗАО "Белагроинторг", трубостойки  ; 53.911   ; 27.5167  ;G
$;V;R  ;MI.; Минск ; MINSK       ; 106 ; 212 ;123 ;456 ; 106 ; 3212 ;123456789;106; 5212 ;123 ;30.10.06; Козлова пер. 7        ; офисное здание, трубостойки       ; 53.8969  ; 27.6004  ;G
$;V;R  ;MI.; Минск ; MINSK       ; 106 ; 213 ;123 ;456 ; 106 ; 3213 ;123456789;106; 5213 ;123 ;27.08.08; Ваупшасова 31         ; общ. ОАО Минскпромстрой, триподы  ; 53.9014  ; 27.6596  ;G
$;V;R  ;MI.; Минск ; MINSK       ; 102 ; 214 ;123 ;456 ; 102 ; 3214 ;123456789;102; 5214 ;123 ;11.12.06; Бурдейного 4          ; поликлиника N31, эйф.башня        ; 53.9045  ; 27.4588  ;G
$;V;R  ;MI.; Минск ; MINSK       ; 102 ; 215 ;123 ;456 ; 102 ; 3215 ;123456789;102; 5215 ;123 ;06.12.06; Тимирязева 128      ;ТЦ Лебяжий, столб у забора прод.рынка; 53.938829; 27.446580;Y
$;V;R  ;MI.; Минск ; MINSK       ; 102 ; 217 ;123 ;456 ; 102 ; 3217 ;123456789;102; 5217 ;123 ;28.01.07; Хоружей 31А           ; БелНИЦ Экологии, трубостойки      ; 53.9225  ; 27.5581  ;G
$;V;R  ;MI.; Минск ; MINSK       ; 102 ; 219 ;123 ;456 ; 102 ; 3219 ;123456789;102; 5219 ;123 ;30.08.07; Хоружей 25            ; Беллесбумпром, мачта              ; 53.9212  ; 27.5668  ;G
$;V;R  ;MI.; Минск ; MINSK       ; 106 ; 220 ;123 ;456 ; 106 ; 3220 ;123456789;106; 5220 ;12  ;04.03.07; Бехтерева пер. 8      ; ОАО "Белсчеттехника", мачта       ; 53.8758  ; 27.6431  ;G
$;V;R  ;MI.; Минск ; MINSK       ; 102 ; 221 ;123 ;456 ; 102 ; 3221 ;123456789;102; 5221 ;123 ;20.02.07; Тимирязева 65         ; ООО "Офисинвест", гаражи, мачта   ; 53.9242  ; 27.5095  ;G
$;V;R  ;MI.; Минск ; MINSK       ; 108 ; 222 ;123 ;456 ; 108 ; 3222 ;123456789;108; 5222 ;123 ;04.02.07; Красная 19Б           ; гос.технолог.колледж, мачта       ; 53.9156  ; 27.5777  ;G
$;V;R  ;MI.; Минск ; MINSK       ; 108 ; 223 ;123 ;456 ; 108 ; 3223 ;123456789;108; 5223 ;123 ;28.08.07; Широкая 8             ;общежитие N2 часового завода, мачта; 53.950969; 27.613255;G
$;V;R  ;MI.; Минск ; MINSK       ; 108 ; 224 ;123 ;456 ; 108 ; 3224 ;123456789;108; 5224 ;123 ;28.01.07; Лукьяновича 6         ; автобаза Белпочты, мачта          ; 53.9445  ; 27.6016  ;G
$;V;R  ;MI.; Минск ; MINSK       ; 106 ; 225 ;123 ;456 ; 106 ; 3225 ;123456789;106; 5225 ;123 ;08.09.07; Филимонова 25         ; ОАО "ОСиВТ", эйф.башня            ; 53.917265; 27.632340;G
$;V;R  ;MI.; Минск ; MINSK       ; 106 ; 226 ;123 ;456 ; 106 ; 3226 ;123456789;106; 5226 ;123 ;04.02.07; Герасименко 26        ; ЖЭС 91, трубостойки               ; 53.8834  ; 27.6843  ;G
$;V;R  ;MI.; Минск ; MINSK       ; 105 ; 227 ;123 ;456 ; 105 ; 3227 ;123456789;105; 5227 ;123 ;16.09.07; Машиностроителей 7 ;УП "Зеленстрой" Заводского р-на, мачта; 53.850131; 27.647161;G
$;V;R  ;MI.; Минск ; MINSK       ; 104 ; 228 ;123 ;456 ; 104 ; 3228 ;123456789;104; 5228 ;123 ;16.09.07; газ."Правда" пр. 20   ; ЖЭС 70, мачта                     ; 53.867897; 27.483923;G
$;V;RVM;MI.; Минск ; MINSK       ; 107 ; 229 ;1   ;4   ; 107 ; 3229 ;1  4  7  ;107; 5229 ;1   ;07.11.14; Кальварийская 7А      ; ТЦ "Трюм", внутри                 ; 53.905888; 27.533137;G
$;V;R  ;MI.; Минск ; MINSK       ; 104 ; 231 ;123 ;456 ; 104 ; 3231 ;123456789;104; 5231 ;123 ;04.02.07; Есенина 14            ; ЖЭС 98, мачта                     ; 53.8506  ; 27.4641  ;G
$;V;R  ;MI.; Минск ; MINSK       ; 104 ; 232 ;123 ;456 ; 104 ; 3232 ;123456789;104; 5232 ;123 ;07.02.07; Есенина 35/3          ; ЖЭС 116, мачта                    ; 53.85    ; 27.4494  ;G
$;V;R  ;MI.; Минск ; MINSK       ; 108 ; 233 ;123 ;456 ; 108 ; 3233 ;123456789;108; 5233 ;123 ;03.01.07;Независимости пр. 129/1; АТС 267, мачта                    ; 53.935291; 27.643636;G
$;V;R  ;MI.; Минск ; MINSK       ; 103 ; 234 ;123 ;456 ; 103 ; 3234 ;123456789;103; 5234 ;123 ;06.03.07; Горецкого 43          ; ЖЭС 113, мачта                    ; 53.885   ; 27.4433  ;G
$;V;R  ;MI.; Минск ; MINSK       ; 102 ; 235 ;123 ;456 ; 102 ; 3235 ;123456789;102; 5235 ;123 ;26.03.07; Притыцкого 146        ; магазин "MartInn", мачта          ; 53.9077  ; 27.4369  ;G
$;V;R  ;MI.; Минск ; MINSK       ; 102 ; 236 ;1   ;4   ; 102 ; 3236 ;1  4  7  ;102; 5236 ;1   ;29.03.07; Пушкина пр. 41        ; ОАО "Мальва", магазин, трипод     ; 53.910451; 27.494757;G
$;V;R  ;MI.; Минск ; MINSK       ; 106 ; 237 ;123 ;4568; 106 ; 3237 ;123456789;106; 5237 ;123 ;10.04.07; Долгобродская 17      ; завод шестерен, трубостойки       ; 53.894072; 27.610643;G
$;V;R  ;MI.; Минск ; MINSK       ; 102 ; 238 ;123 ;456 ; 102 ; 3238 ;123456789;102; 5238 ;123 ;28.05.07; Лынькова 10           ; УП "Минсккоммунтеплосеть", мачта  ; 53.928543; 27.487972;G
$;V;R  ;MI.; Минск ; MINSK       ; 102 ; 239 ;12  ;45  ; 102 ; 3239 ;12345 78 ;102; 5239 ;12  ;24.05.07; Бурдейного 23         ; ЖЭС 83, трубостойки               ; 53.9027  ; 27.4491  ;G
$;V;R  ;MI.; Минск ; MINSK       ; 105 ; 240 ;123 ;456 ; 105 ; 3240 ;123456789;105; 5240 ;123 ;25.05.07; Райниса 1Д            ; магазин, мачта                    ; 53.8763  ; 27.6063  ;G
$;V;R  ;MI.; Минск ; MINSK       ; 104 ; 241 ;123 ;456 ; 104 ; 3241 ;123456789;104; 5241 ; 23 ;01.06.07; Любимова пр. 26/2     ; ЖРЭО, трипод                      ; 53.8622  ; 27.4602  ;G
$;V;R  ;MI.; Минск ; MINSK       ; 103 ; 242 ;123 ;456 ; 103 ; 3242 ;1234567 9;103; 5242 ;123 ;02.06.07; Пономаренко 41        ; домостроительный комбинат, мачта  ; 53.893   ; 27.4888  ;G
$;V;R  ;MI.; Минск ; MINSK       ; 102 ; 243 ;123 ;456 ; 102 ; 3243 ;123456789;102; 5243 ;123 ;07.08.07; Долгиновский тр. 160  ; ГУ Респ.центр гематологии, трипод ; 53.9535  ; 27.5353  ;G
$;V;R  ;MI.; Минск ; MINSK       ; 108 ; 244 ;123 ;456 ; 108 ; 3244 ;123456789;108; 5244 ;123 ;28.08.07; Кольцова 6А           ; школа, мачта                      ; 53.954362; 27.614179;G
$;V;R  ;MI.; Минск ; MINSK       ; 105 ; 245 ;123 ;456 ; 105 ; 3245 ;123456789;105; 5245 ; 23 ;17.07.07; Асаналиева 22х    ;трансформатор СЭХ КУП Минсктранс, мачта; 53.853   ; 27.5492  ;G
$;V;R  ;MI.; Минск ; MINSK       ; 102 ; 246 ;123 ;456 ; 102 ; 3246 ;123 56 8 ;102; 5246 ;12  ;30.08.07; Дрозды                ; опорная мачта                     ; 53.945634; 27.496232;G
$;V;R  ;MI.; Минск ; MINSK       ; 107 ; 247 ;123 ;456 ; 107 ; 3247 ;123456789;107; 5247 ;123 ;15.09.07; Короля 9          ;общ.УДМСиБ Мингорисполкома, трубостойки; 53.9025  ; 27.5413  ;G
$;V;R  ;MI.; Минск ; MINSK       ; 102 ; 248 ;1   ;4   ; 102 ; 3248 ;1  4  7  ;   ;      ;    ;15.09.08; Победителей пр. 61   ;ЗАО Атлант, склад.корпус N5А, трипод; 53.921545; 27.519820;G
$;V;R  ;MI.; Минск ; MINSK       ; 108 ; 249 ;123 ;456 ; 108 ; 3249 ;123456789;108; 5249 ;123 ;03.10.07; Я.Коласа 28           ; общежитие N1 БГУИР, трубостойки   ; 53.9256  ; 27.5942  ;G
$;V;R  ;MI.; Минск ; MINSK       ; 108 ; 250 ;123 ;456 ; 108 ; 3250 ;123456789;108; 5250 ;123 ;08.09.07; Филимонова 53         ; поликлиника N24, мачта            ; 53.9242  ; 27.6332  ;G
$;V;R  ;MI.; Минск ; MINSK       ; 108 ; 251 ;123 ;456 ; 108 ; 3251 ;123456789;108; 5251 ;123 ;16.09.07; Сурганова 1/2         ; НИИ Экономики, трубостойки        ; 53.9169  ; 27.6032  ;G
$;V;R  ;MI.; Минск ; MINSK       ; 102 ; 252 ;123 ;456 ; 102 ; 3252 ;123456789;102; 5252 ;123 ;22.11.07; Чичерина 21           ; Минтранс, трипод                  ; 53.915094; 27.565551;G
$;V;R  ;MI.; Минск ; MINSK       ; 107 ; 253 ;123 ;456 ; 107 ;  563 ;123456789;107; 5253 ;123 ;18.11.07; Победителей пр. 31    ; гостиница "Планета", трубостойки  ; 53.912400; 27.538100;G
$;V;R  ;MI.; Минск ; MINSK       ; 107 ; 253 ;    ;   8; 107 ; 5631;01  4  7  ;   ;      ;    ;14.11.13; Победителей пр. 31    ; гостиница "Планета", трубостойки  ; 53.912400; 27.538100;G
$;V;R  ;MI.; Минск ; MINSK       ; 102 ; 254 ;123 ;456 ; 102 ; 3254 ;123456789;102; 5254 ;123 ;16.09.07; Лещинского 19         ; ЖЭС 101, мачта                    ; 53.9111  ; 27.4482  ;G
$;V;R  ;MI.; Минск ; MINSK       ; 102 ; 255 ;123 ;456 ; 102 ; 3255 ;123456789;102; 5255 ;123 ;15.09.07; Дунина-Марцинкевича 1А; трансформатор, мачта              ; 53.9072  ; 27.483   ;G
$;V;R  ;MI.; Минск ; MINSK       ; 107 ; 257 ;123 ;456 ; 107 ; 3257 ;123456789;107; 5257 ;123 ;15.09.07; Либкнехта 54          ; гаражи, трубостойки               ; 53.9002  ; 27.534   ;G
$;V;R  ;MI.; Минск ; MINSK       ; 106 ; 258 ;123 ;456 ; 106 ; 3258 ;123456789;106; 5258 ;123 ;15.09.07; Слесарная 18          ; АТС 236, трипод                   ; 53.9001  ; 27.5858  ;G
$;V;R  ;MI.; Минск ; MINSK       ; 103 ; 259 ;123 ;456 ; 103 ; 3259 ;123456789;103; 5259 ;123 ;16.09.07; Горецкого 93          ; церковь Вифлеем, мачта            ; 53.892   ; 27.4348  ;G
$;V;R  ;MI.; Минск ; MINSK       ; 106 ; 260 ;123 ;456 ; 106 ;  576 ;123456789;106; 5260 ;123 ;01.10.07; Илимская 27           ; магазин "Рублевский", мачта       ; 53.891360; 27.684020;G
$;V;R  ;MI.; Минск ; MINSK       ; 106 ; 260 ;    ;   7; 106 ; 5761 ;1  4  7  ;   ;      ;    ;20.08.14; Илимская 27           ; магазин "БАЗАР", мачта            ; 53.891360; 27.684020;G
$;V;R  ;MI.; Минск ; MINSK       ; 106 ; 261 ;123 ;456 ; 106 ; 3261 ;123456789;106; 5261 ;123 ;16.10.07; Скорины 51            ; ЗАО "Аларм", эйф.башня            ; 53.934   ; 27.6983  ;G
$;V;R  ;MI.; Минск ; MINSK       ; 105 ; 262 ;123 ;456 ; 105 ; 3262 ;123456789;105; 5262 ;123 ;19.10.07; Семенова 35           ; автокомбинат N2, мачта            ; 53.872160; 27.577195;G
$;V;R  ;MI.; Минск ; MINSK       ; 108 ; 263 ;123 ;456 ; 108 ; 3263 ;123456789;108; 5263 ;123 ;22.12.07; Уручская 11А          ; ун-м "Рублевский", мачта          ; 53.950756; 27.693920;G
$;V;R  ;MI.; Минск ; MINSK       ; 105 ; 264 ;123 ;456 ; 105 ; 3264 ;123456789;105; 5264 ;123 ;08.01.08; Кижеватова 58         ; БСМПМ, трубостойки                ; 53.852286; 27.535613;G
$;V;R  ;MI.; Минск ; MINSK       ; 105 ; 265 ;123 ;456 ; 105 ; 3265 ;123456789;105; 5265 ; 23 ;06.01.07; Голодеда 49           ; ЖРЭО Заводского района, мачта     ; 53.8371  ; 27.6221  ;G
$;V;R  ;MI.; Минск ; MINSK       ; 104 ; 266 ;123 ;456 ; 104 ; 3266 ;123456789;104; 5266 ;123 ;30.01.08; Есенина 66            ; детская поликлиника N8, мачта     ; 53.8569  ; 27.4443  ;G
$;V;R  ;MI.; Минск ; MINSK       ; 108 ; 267 ;123 ;456 ; 108 ; 3267 ;123456789;108; 5267 ;123 ;11.03.08; Чорного пер. 5        ; адм. Первомайского р-на, мачта    ; 53.9241  ; 27.6061  ;G
$;V;R  ;MI.; Минск ; MINSK       ; 102 ; 268 ;123 ;456 ; 102 ; 3268 ;123456789;102; 5268 ;123 ;19.04.08; Победителей пр. 83    ; ЖЭС 97, трубостойки               ; 53.9321  ; 27.5048  ;G
$;V;R  ;MI.; Минск ; MINSK       ; 105 ; 269 ;123 ;456 ; 105 ; 3269 ;123456789;105; 5269 ;123 ;16.02.08; Голодеда 7            ; ЖЭС 39, мачта                     ; 53.8388  ; 27.6471  ;G
$;V;R  ;MI.; Минск ; MINSK       ; 107 ; 271 ;123 ;456 ; 107 ; 3271 ;123456789;107; 5271 ;123 ;30.03.10; Ленинградская 5Б      ; ТТП N70, мачта                    ; 53.892543; 27.550320;G
$;V;R  ;MI.; Минск ; MINSK       ; 108 ; 272 ;123 ;456 ; 108 ; 3272 ;123456789;108; 5272 ;123 ;23.04.08; Натуралистов 12       ; общежитие N7 БГАТУ, трубостойки   ; 53.929090; 27.617674;G
$;V;R  ;MI.; Минск ; MINSK       ; 108 ; 273 ;123 ;456 ; 108 ; 3273 ;123456789;108; 5273 ;123 ;12.05.08; Уручская 23           ; склад около стройрынка, мачта     ; 53.9575  ; 27.6905  ;G
$;V;R  ;MI.; Минск ; MINSK       ; 108 ; 274 ;123 ;456 ; 108 ; 3274 ;123456789;108; 5274 ;123 ;21.05.08; Сурганова 50          ; ун-м "Рига", триподы              ; 53.9294  ; 27.5876  ;G
$;V;R  ;MI.; Минск ; MINSK       ; 106 ; 275 ;123 ;456 ; 106 ; 3275 ;123456789;106; 5275 ;123 ;17.07.08; Карвата 35            ; УП "Минсккоммунтеплосеть", труба  ; 53.9094  ; 27.6759  ;G
$;V;R  ;MI.; Минск ; MINSK       ; 104 ; 277 ;123 ;456 ; 104 ; 3277 ;123456789;104; 5277 ;123 ;30.08.08; Слободская 47         ; ООО "Мэтр", магазин, мачта        ; 53.8534  ; 27.4354  ;G
$;V;R  ;MI.; Минск ; MINSK       ; 107 ; 278 ;123 ;456 ; 107 ; 3278 ;123456789;107; 5278 ;123 ;08.10.08; Коммунистическая 6    ; РУП "Дом прессы", трубостойки     ; 53.9093  ; 27.571   ;G
$;V;R  ;MI.; Минск ; MINSK       ; 106 ; 280 ;123 ;456 ; 106 ; 3280 ;123456789;106; 5280 ;123 ;01.11.08; Ангарская 2/1         ; общежитие Минскхлебпром, триподы  ; 53.8631  ; 27.6785  ;G
$;V;R  ;MI.; Минск ; MINSK       ; 108 ; 282 ;12  ;45  ; 108 ; 3282 ;12 45 78 ;108; 5282 ;12  ;16.01.09; Независимости пр. 96А ; магазин "Акцент", трипод          ; 53.928077; 27.629016;G
$;V;R  ;MI.; Минск ; MINSK       ; 108 ; 284 ;123 ;456 ; 108 ; 3284 ;123456789;108; 5284 ;123 ;16.01.09; Независимости пр. 62  ; корпус МГВРК, трубостойки         ; 53.9193  ; 27.5925  ;G
$;V;R  ;MI.; Минск ; MINSK       ; 103 ; 285 ;123 ;456 ; 103 ; 3285 ;123456789;103; 5285 ;123 ;18.12.08; Панченко 17           ; автостоянка, столб                ; 53.887313; 27.415647;G
$;V;R  ;MI.; Минск ; MINSK       ; 105 ; 286 ;123 ;456 ; 105 ; 3286 ;123456789;105; 5286 ;123 ;16.11.08; Гашкевича 10          ; РСЦ ЖРЭО Лен.р-на, короткая мачта ; 53.842601; 27.568179;G
$;V;R  ;MI.; Минск ; MINSK       ; 105 ; 287 ;123 ;456 ; 105 ; 3287 ;123456789;105; 5287 ;123 ;13.11.08; Лучины 14             ; ЖЭС 123, короткая мачта           ; 53.837646; 27.569288;G
$;V;R  ;MI.; Минск ; MINSK       ; 102 ; 288 ;123 ;456 ; 102 ; 3288 ;123456789;102; 5288 ;123 ;07.01.09; Машерова пр. 78       ; Белгазпромбанк, трубостойки       ; 53.912740; 27.532656;G
$;V;R  ;MI.; Минск ; MINSK       ; 105 ; 289 ;123 ;456 ; 105 ; 3289 ;123456789;105; 5289 ;123 ;07.01.09; Семенова 14           ; АТС 223, эйф.башня                ; 53.870107; 27.567272;G
$;V;R  ;MI.; Минск ; SOSNY       ; 112 ; 290 ;123 ;456 ; 112 ; 3290 ;123456789;112; 5290 ;123 ;21.04.16; Сосны, Павловского 11 ; СП "Аква Трайпл", опорная мачта   ; 53.837780; 27.755908;G
$;V;R  ;MI.; Минск ; MINSK       ; 108 ; 291 ;123 ;456 ; 108 ; 3291 ;123456789;108; 5291 ;123 ;27.04.13; Никифорова 51         ; рынок Уручье-3, столб             ; 53.943210; 27.697974;G
$;V;R  ;MI.; Минск ; MINSK       ; 108 ; 292 ;123 ;456 ; 108 ; 3292 ;12345678 ;108; 5292 ;12  ;07.07.09; Мирошниченко 55/2     ; стоматология, трипод              ; 53.961175; 27.615698;G
$;V;R  ;MI.; Минск ; MINSK       ; 106 ; 293 ;123 ;456 ; 106 ; 3293 ;123456789;106; 5293 ;123 ;03.01.09; Социалистическая 2    ; цех СПК МАЗ, мачта                ; 53.857112; 27.657829;G
$;V;R  ;MI.; Минск ; MINSK       ; 108 ; 294 ;12  ;45  ; 108 ; 3294 ;12 45 78 ;108; 5294 ;12  ;02.05.09; Кульман 9             ; ТЦ "Монетка", трубостойки         ; 53.921   ; 27.5801  ;G
$;V;R  ;MI.; Минск ; MINSK       ; 108 ; 295 ;123 ;456 ; 108 ; 3295 ;123456789;108; 5295 ;123 ;16.01.09; Некрасова 6           ; общежитие N5 МГВРК, трипод        ; 53.9312  ; 27.5966  ;G
$;V;R  ;MI.; Минск ; MINSK       ; 105 ; 296 ;123 ;456 ; 105 ; 3296 ;123456789;105; 5296 ;123 ;16.01.09; Маяковского 83        ; райисполком, триподы              ; 53.875350; 27.569747;G
$;V;R  ;MI.; Минск ; MINSK       ; 102 ; 297 ;123 ;456 ; 102 ; 3297 ;123456789;102; 5297 ;123 ;24.12.08; Долгиновский тр. 39   ; магазин "Лювал", триподы          ; 53.9378  ; 27.5432  ;G
$;V;RVO;MI.; Минск ; MINSK       ; 104 ; 298 ;1   ;4   ; 104 ; 3298 ;1  4  7  ;104; 5298 ;1   ;04.03.08; Уманская 54           ; ТЦ "GLOBO", внутри                ; 53.874632; 27.498428;G
$;V;R  ;MI.; Минск ; MINSK       ; 104 ; 298 ; 23 ; 56 ; 104 ; 3298 ; 23 56 89;104; 5298 ; 23 ;13.05.13; Уманская 54           ; ТЦ "GLOBO", трубостойки           ; 53.875092; 27.497134;G
$;V;RVO;MI.; Минск ;             ;     ; 298 ;    ;    ; 104 ; 2981 ;1  4  7  ;   ;      ;    ;17.03.16; Уманская 54           ; ТЦ "GLOBO", внутри                ; 53.874632; 27.498428;G
$;V;R  ;MI.; Минск ;             ; 104 ; 298 ;   7;   8; 104 ; 2981 ; 2  5  8 ;104; 5298 ;   5;24.01.18; Уманская 54           ; ТЦ "GLOBO", трубостойка           ; 53.874835; 27.498987;G
$;V;R  ;MI.; Минск ; MINSK       ; 107 ; 299 ;123 ;456 ; 107 ; 3299 ;123456789;107; 5299 ;123 ;07.01.09; Гусовского 4          ; "Белпласт", трубостойки           ; 53.9017  ; 27.516   ;G
$;V;R  ;MI.; Минск ; MINSK       ; 107 ; 300 ;123 ;456 ; 107 ; 3300 ;123456789;107; 5300 ;123 ;04.02.09; Мельникайте 7         ; АТС 203, триподы                  ; 53.9077  ; 27.5404  ;G
$;V;R  ;MI.; Минск ; MINSK       ; 103 ; 301 ;123 ;456 ; 103 ; 3301 ;123456789;103; 5301 ;1 3 ;31.01.09; Есенина 121           ; ЖЭС 109, мачта                    ; 53.865060; 27.435550;G
$;V;R  ;MI.; Минск ; MINSK       ; 105 ; 302 ;123 ;456 ; 105 ; 3302 ;123456789;105; 5302 ;123 ;31.08.09; Малинина 36/1         ; общ.N1 УП СКЗ им.Кирова, триподы  ; 53.850182; 27.604570;M
$;V;R  ;MI.; Минск ;             ; 108 ; 303 ;    ;456 ; 108 ; 3303 ;123456789;108; 5303 ; 23 ;08.01.15; Руссиянова 36         ; триподы                           ; 53.935838; 27.688485;G
$;V;R  ;MI.; Минск ; MINSK       ; 108 ; 304 ;12  ;45  ; 108 ; 3304 ;12 45 78 ;108; 5304 ;12  ;14.02.09; П.Бровки 3/2          ; УДФР КГК РБ, трипод               ; 53.916170; 27.597810;G
$;V;R  ;MI.; Минск ; MINSK       ; 103 ; 305 ;123 ;456 ; 103 ; 3305 ;123456789;103; 5305 ;123 ;28.01.09; Скрипникова 25        ; жилой дом, констр.?               ; 53.8935  ; 27.4212  ;G
$;V;R  ;MI.; Минск ; MINSK       ; 107 ; 306 ;123 ;456 ; 107 ; 3306 ;123456789;107; 5306 ;123 ;29.03.09; Октябрьская 19/5      ; МЗОР, триподы                     ; 53.891823; 27.573107;G
$;V;RVM;MI.; Минск ; MINSK       ; 107 ; 307 ;1   ;    ;     ;      ;         ;   ;      ;    ;06.07.09; Люксембург 95         ; БЦ "Международный", внутри        ; 53.891699; 27.523157;G
$;V;R  ;MI.; Минск ; MINSK       ; 104 ; 308 ;123 ;456 ; 104 ; 3308 ;123456789;104; 5308 ;123 ;09.07.09; Дзержинского пр. 126  ;гипермаркет "Prostore", трубостойки;53.846831; 27.471368;G
$;V;R  ;MI.; Минск ; MINSK       ; 104 ; 309 ;123 ;456 ; 104 ; 3309 ;123456789;104; 5309 ;123 ;22.07.09; Наполеона Орды 47     ; мкр-н "Дружба", жилой дом         ; 53.849582; 27.486955;G
$;V;R  ;MI.; Минск ; MINSK       ; 106 ; 310 ;123 ;456 ; 106 ; 3310 ;123456789;106; 5310 ;123 ;23.07.09; Котовского 2       ;стадион "Торпедо", осветительная башня; 53.870191; 27.659335;M
$;V;R  ;MI.; Минск ; MINSK       ; 104 ; 311 ;123 ;456 ; 104 ; 3311 ;123456789;104; 5311 ;123 ;13.05.13; Корженевского 12      ; НПО "Интеграл", трипод            ; 53.840056; 27.512647;G
$;V;R  ;MI.; Минск ; MINSK       ; 108 ; 312 ;123 ;456 ; 108 ; 3312 ;123456789;108; 5312 ;123 ;02.12.09; Героев 120 дивизии 15 ; ГДО, мачта                        ; 53.947720; 27.712240;G
$;V;R  ;MI.; Минск ; MINSK       ; 106 ; 313 ;123 ;456 ; 106 ; 3313 ;123456789;106; 5313 ;123 ;05.11.09; Нестерова 9А          ; эйф.башня                         ; 53.879032; 27.670416;M
$;V;R  ;MI.; Минск ; MINSK       ; 102 ; 314 ;123 ;456 ; 102 ; 3314 ;123456789;102; 5314 ;123 ;02.12.09; Брикета 12            ;общ.агрокомб.Ждановичи, два трипода; 53.908564; 27.413916;
$;V;R  ;MI.; Минск ; MINSK       ; 106 ; 315 ;123 ;456 ; 106 ; 3315 ;12345678 ;106; 5315 ;123 ;31.12.09; Жилуновича 2          ; Подшипниковый завод, два трипода  ; 53.880555; 27.636205;G
$;V;R  ;MI.; Минск ; MINSK       ; 108 ; 316 ;12  ;45  ; 108 ; 3316 ;12 45 78 ;108; 5316 ;12  ;02.11.09; Богдановича 153Б      ; Белтранслайнер, трипод            ; 53.935910; 27.580611;G
$;V;R  ;MI.; Минск ; MINSK       ; 107 ; 317 ;123 ;456 ; 107 ; 3317 ;123456789;107; 5317 ;123 ;05.11.09; Независимости пр. 11/2; БЦ отеля "Минск", трубостойки     ; 53.897540; 27.549900;G
$;V;R  ;MI.; Минск ; MINSK       ; 106 ; 318 ;123 ;456 ; 106 ; 3318 ;123456789;106; 5318 ;123 ;24.05.11; Станиславского 32     ; поликлиника N7, мачта             ; 53.887034; 27.591890;M
$;V;R  ;MI.; Минск ; MINSK       ; 106 ; 319 ;123 ;456 ; 106 ; 3319 ;123456789;106; 5319 ;123 ;08.02.11; Партизанский пр. 101  ; рессорный завод, три трипода      ; 53.871198; 27.644458;M
$;V;R  ;MI.; Минск ; MINSK       ; 102 ; 320 ;123 ;456 ; 102 ; 3320 ;123456789;102; 5320 ;123 ;08.12.09; Пушкина пр. 24        ; общ.N5 Стройтрест N7, трубостойки ; 53.902557; 27.497431;G
$;V;R  ;MI.; Минск ; MINSK       ; 107 ; 321 ;123 ;456 ; 107 ; 3321 ;123456789;107; 5321 ;123 ;30.12.09; Фабрициуса 5          ;Детский центр худ.творчества,трипод; 53.890372; 27.538044;M
$;V;R  ;MI.; Минск ; MINSK       ; 105 ; 322 ;123 ;456 ; 105 ; 3322 ;123456789;105; 5322 ;123 ;14.11.10; Либаво-Роменская 23   ; офисное здание, трипод            ; 53.871134; 27.563037;G
