KIND;OPR;STAT;AREA;CITY          ; CB          ; LAC ; CID ;GSM ;DCS ;3G L ; 3G C ;  3G S   ;U-L; U900 ;U-S ;  DATE   ; ADDR                  ; REM                                                  ;  OZIN     ;  OZIE  ;LOCK
/;Минская область
$;V;R  ;MIO; Борисов             ; BORISOV     ; 113 ;   1 ;123 ;456 ; 113 ; 3500 ;12345678 ;113; 5001 ;123 ;20.02.07 ; Чапаева 86            ; Жодинская ТЭЦ, котельный цех N3, труба               ; 54.190600; 28.490400;G
$;V;R  ;MIO; Дзержинск           ; DZERZHINSK  ; 111 ;   2 ;1237;45689;111 ; 3595 ;123456789;111; 1002 ;123 ;24.09.06 ; Фоминых               ; труба недостроенной котельной                        ; 53.6848  ; 27.1669  ;G
$;V;R  ;MIO; Столбцы             ; STOLBCY     ; 111 ;   3 ;1234; 567; 111 ; 3740 ;123456789;111; 5003 ;1234;17.10.06 ;                       ; М1, 287 км, труба                                    ; 53.500243; 26.761543;G
$;V;R  ;MIO; Крупский            ; KRUPKI      ; 113 ;   4 ;1234;567 ; 113 ; 3817 ;123456   ;113; 5004 ;12  ;15.06.08 ; Крупский р-н          ; М1, РТПС                                             ; 54.309095; 29.083659;G
$;V;R  ;MIO; Колодищи            ; KOLODISCHI  ; 112 ;   6 ;123 ;456 ; 112 ; 3692 ;123456 89;112; 5006 ;123 ;12.04.08 ; Минская 10            ; почта                                                ; 53.956910; 27.781622;G
$;V;R  ;MIO; Молодечно           ; MOLODECHNO  ; 115 ;   7 ;123 ;456 ; 115 ; 3535 ;123456   ;115; 5007 ;  3 ;15.09.06 ; Б.Хмельницкого        ; РТПЦ "Колос"                                         ; 54.293510; 26.839500;G
$;V;R  ;MIO; Несвиж?             ; NESVIZH     ; 142 ;   8 ;123 ;456 ; 142 ; 3609 ;1234567  ;   ;      ;    ;08.07.06 ; Гейсика 1             ; ЖЭУ РУП "Несвижский ЖКХ", мачта (чья?)               ; 53.222710; 26.681840;G*w
$;V;R  ;MIO; Жодино              ; ZHODINO     ; 113 ;   9 ;123 ;4568; 113 ; 3547 ;123456  9;113; 5009 ;123 ;05.04.15 ; Станционная 1         ; Жодинская ТЭЦ, самая высокая труба                   ; 54.093509; 28.350609;G
$;V;R  ;MIO; Орешники            ; ORESHNIKI   ; 112 ;  10 ;123 ;567 ; 112 ; 3710 ;123456789;112; 5010 ;123 ;09.08.08 ; Смолевичский р-н      ; М2, РТПС                                             ; 53.977171; 27.950583;G
$;V;R  ;MIO; Орешники            ; ORESHNIKI   ; 112 ;  10 ;   4;   8; 112 ; 1710 ;1  4  7  ;112; 5010 ;   4;21.05.18 ; Смолевичский р-н      ; М2, РТПС                                             ; 53.977171; 27.950583;G
$;V;R  ;MIO; Раубичи             ; RAUBICHI    ; 116 ;  11 ;123 ;456 ; 116 ;  532 ;123456789;116; 5011 ;123 ;22.02.07 ; Минский р-н           ; СК, высокий трамплин                                 ; 54.059499; 27.738074;G
$;V;R  ;MIO; Раубичи             ; RAUBICHI    ; 116 ;  11 ;   7;   8; 116 ; 5321 ;1  4     ;   ;      ;    ;13.09.15 ; Минский р-н           ; СК, высокий трамплин                                 ; 54.059499; 27.738074;G
$;V;R  ;MIO; Глебковичи          ; GLEBKOVICHI ; 112 ;  13 ;123 ;456 ; 112 ; 3622 ;1234567  ;112; 5013 ;123 ;22.03.08 ; Смолевичский р-н      ; башня 70м, около кладбища                            ; 53.918213; 27.851910;G
$;V;R  ;MIO; Березино            ; BEREZINO    ; 112 ;  14 ;123 ;456 ; 112 ; 3763 ;123456 8 ;112; 5014 ;12  ;18.09.06 ; Октябрьская 16        ; РУПС, мачта                                          ; 53.834160; 28.994240;G
$;V;R  ;MIO; Шершуны             ; SHERSHUNY   ; 116 ;  15 ;123 ;    ;     ;      ;         ;   ;      ;    ;02.06.08 ; Минский р-н           ; база "Славнефть-Агро", башня 40м                     ; 54.192080; 27.353940;G
$;V;R  ;MIO; Любань              ;             ; 144 ;  15 ;123 ;45  ; 144 ; 3600 ;123456   ;   ;      ;    ;01.06.15 ; Боровика 15           ; райагросервис, мачта                                 ; 52.807101; 27.997371;G
$;V;R  ;MIO; Боровляны           ; BOROVLYANY  ; 116 ;  16 ;123 ;456 ; 116 ; 3513 ;123456789;116; 5016 ;123 ;31.08.06 ; Фрунзенская 1А        ; районная поликлиника, мачта                          ; 53.995759; 27.679334;G
$;V;R  ;MIO; Колодищи            ; KOLODISCHI  ; 112 ;  17 ;123 ;456 ; 112 ; 3524 ;123456789;112; 5017 ;123 ;20.02.07 ; Скорины 7             ; церковь, трубостойки                                 ; 53.947209; 27.787159;G
$;V;R  ;MIO; Логойск             ; LOGOJSK     ; 116 ;  18 ;123 ;456 ; 116 ; 3597 ;123456789;116; 5018 ; 23 ;03.04.05 ; Заводская             ; совм.башня 40м                                       ; 54.195469; 27.849434;G
$;V;R  ;MIO; Валерьяново         ;             ; 108 ;  19 ;1   ;    ; 108 ; 3167 ;1  4  7  ;108; 5167 ;1   ;25.05.15 ; Минский р-н           ; Лесная 1А, база "Евроопт"                            ; 53.964562; 27.673390;G
$;V;R  ;MIO; Погост 2-й          ; POGOST 2    ; 117 ;  19 ;123 ;    ; 117 ; 3073 ;1 3 56   ;   ;      ;    ;07.07.16 ; Солигорский р-н       ; опорная мачта                                        ; 52.859740; 27.621370;*
$;V;R  ;MIO; Борисов             ; BORISOV     ; 113 ;  20 ;123 ;4 6 ; 113 ; 3501 ;123456  9;113; 5020 ;1   ;27.02.07 ;Полка Нормандия-Неман 1А; ОАО "БЗА", труба                                    ; 54.239235; 28.508450;G
$;V;R  ;MIO; Птичь               ; PTICH'      ; 112 ;  21 ;123 ;456 ; 112 ; 3788 ;1234567 9;112; 5021 ;123 ;04.05.12 ; Минский р-н           ; Р1, 16км, мачта                                      ; 53.795067; 27.376455;G
$;V;R  ;MIO; Радошковичи         ;RADOSHKOVICHI; 115 ;  22 ;123 ;456 ; 115 ; 3658 ; 23 56 89;115; 5022 ; 23 ;16.03.08 ; Молодечненский р-н    ; Полевая 20/3, РТПЦ "Радошковичи"                     ; 54.158370; 27.256460;G
$;V;R  ;MIO; Острошицкий Городок ;             ; 116 ;  23 ;1   ;    ;     ;      ;         ;   ;      ;    ;02.08.05 ; Минский р-н           ; детский санаторий Озерный                            ; 54.076897; 27.675197;*
$;V;R  ;MIO; Новоселье           ; NOVOSEL'E   ; 116 ;  24 ;123 ;456 ; 116 ; 3577 ;123456789;116; 5024 ;123 ;03.08.14 ; Минский р-н           ; М6, РТПС                                             ; 53.911914; 27.182442;G
$;V;R  ;MIO; Руденск             ; RUDENSK     ; 111 ;  25 ;123 ;456 ; 111 ; 3865 ;123456789;111; 5025 ;123 ;31.10.06 ; Пуховичский р-н       ; Минская ТЭЦ-5, труба                                 ; 53.610420; 27.953550;G
$;V;R  ;MIO; Марьина Горка       ;MAR'INA GORKA; 111 ;  26 ;123 ;456 ; 111 ; 3571 ;123456789;111; 5026 ; 23 ;07.01.07 ; Пуховичский р-н       ; Советская 15, дом культуры, мачта                    ; 53.512259; 28.148236;G
$;V;R  ;MIO; Червень             ; CHERVEN'    ; 112 ;  27 ;123 ;456 ; 112 ; 3683 ;1234567  ;112; 5027 ;1 3 ;18.09.06 ; Зеневича 55           ; Червенский РЭС, технологическая башня                ; 53.723076; 28.416008;Y
$;V;R  ;MIO; Раубичи             ;             ; 116 ;  28 ;12  ;    ;     ;      ;         ;116; 5028 ;1   ;23.08.16 ; Минский р-н           ; СК, мачта освещения 20м                              ; 54.063559; 27.735416;G
$;V;R  ;MIO; Слуцк               ; SLUCK       ; 144 ;  28 ;123 ;456 ; 144 ; 3738 ;123      ;   ;      ;    ;17.08.08 ; Комсомольская         ; Слуцкая миниТЭЦ N1, труба                            ; 53.024784; 27.558610;G
$;V;R  ;MIO; Вилейка             ; VILEJKA     ; 115 ;  29 ;123 ;456 ; 115 ; 3586 ;123456 89;115; 5029 ;123 ;28.07.06 ; Чапаева 26            ; ОАО "Зенит-БелОМО", мачта                            ; 54.485805; 26.896880;G
$;V;R  ;MIO; Петришки            ; PETRISHKI   ; 116 ;  30 ;123 ;456 ; 116 ; 3581 ;123456789;116; 5030 ;123 ;01.07.15 ; Минский р-н           ; башня 70м                                            ; 54.071238; 27.227565;G
$;V;R  ;MIO; Молодечно           ; MOLODECHNO  ; 115 ;  31 ;123 ;456 ; 115 ; 3536 ;123456   ;115; 5031 ;1 3 ;28.12.05 ; Центральная пл. 3     ; гостиница "Молодечно"                                ; 54.306672; 26.837126;G
$;V;R  ;MIO; Минск (Озерцо)      ; MINSK       ; 103 ;  32 ;1237;4568; 103 ; 3032 ;12345678 ;103; 5032 ;123 ;13.01.08 ; Меньковский тракт 2   ; ТМ Кольцо, столб около СТО Ивеко у леса              ; 53.851192; 27.419339;G
$;V;R  ;MIO; Фаниполь            ; FANIPOL'    ; 112 ;  33 ;123 ;456 ; 112 ; 3566 ;123456789;112; 5033 ;123 ;22.02.07 ; Заводская 5           ; котельная, труба                                     ; 53.738701; 27.328579;G
$;V;R  ;MIO; Фаниполь            ; FANIPOL'    ; 112 ;  33 ;   7;   8; 112 ; 4331 ;1  4     ;112; 5033 ;   4;30.05.17 ; Заводская 5           ; котельная, труба                                     ; 53.738701; 27.328579;G
$;V;R  ;MIO; Новинка             ; NOVINKA     ; 116 ;  34 ;123 ;456 ; 116 ; 3576 ;1234567 9;116; 5034 ;123 ;22.02.07 ; Минский р-н           ; башня на холме рядом с деревней                      ; 54.053180; 27.387422;G
$;V;R  ;MIO; Борисов             ; BORISOV     ; 113 ;  35 ;123 ;456 ; 113 ; 3502 ;123456789;113; 5035 ;1   ;06.08.05 ; Чапаева 1             ; дом быта, трубостойки                                ; 54.223770; 28.512780;G
$;V;R  ;MIO; Михановичи          ; MIHANOVICHI ; 112 ;  36 ;123 ;456 ; 112 ; 3693 ;123456789;112; 5036 ;123 ;22.02.07 ; Минский р-н           ; М1, мачта 70м                                        ; 53.757093; 27.663431;G
$;V;R  ;MIO; Лошница             ; LOSHNIСA    ; 113 ;  37 ;123 ;456 ; 113 ; 3936 ;123456   ;113; 5037 ;123 ;30.08.08 ; Борисовский р-н       ; ОАО "Лошницкий комбикормовый завод", труба           ; 54.267144; 28.716135;G
$;V;R  ;MIO; Плисcа              ; PLISSA      ; 113 ;  38 ;123 ;456 ; 113 ; 3664 ;123456   ;113; 5038 ;1   ;06.05.15 ; Крупский р-н          ; М1, 493км, совм.башня 70м                            ; 54.370202; 29.322643;G
$;V;R  ;MIO; Заручье             ; ZARUCH'E    ; 113 ;  39 ;123 ;    ; 113 ; 3939 ;123456   ;113; 5039 ;  3 ;01.07.15 ; Борисовский р-н       ; М1, 421км, совм.башня 70м                            ; 54.061895; 28.457173;G
$;V;R  ;MIO; Вишневка (Вяча)     ; VISHNEVKA   ; 116 ;  40 ;123 ;456 ; 116 ; 3589 ;123456789;116; 5040 ;123 ;06.07.08 ; Минский р-н           ; мачта 75м                                            ; 54.069920; 27.564540;G
$;V;R  ;MIO; Энергетик           ; ENERGETIK   ; 111 ;  41 ;1234; 567; 111 ; 3626 ;123456789;111; 5041 ;1234;21.04.05 ; Дзержинский р-н       ; М1, совм.башня 70м                                   ; 53.591760; 27.045120;G
$;V;R  ;MIO; Копыль              ; KOPYL'      ; 117 ;  42 ;123 ;    ; 117 ; 3787 ; 2345    ;   ;      ;    ;05.06.06 ; Замковая 1            ; общежитие, мачта                                     ; 53.151520; 27.092910;G
$;V;R  ;MIO; Ольковичи           ; OL'KOVICHI  ; 115 ;  43 ; 23 ;    ;     ;      ;         ;   ;      ;    ;06.07.08 ; Вилейский р-н         ; совм.башня 70м                                       ; 54.493610; 27.431830;G
$;V;R  ;MIO; Узда                ; UZDA        ; 111 ;  44 ;123 ;45  ; 111 ; 3671 ;123456 8 ;   ;      ;    ;02.05.10 ;                       ; башня 70м                                            ; 53.468620; 27.204440;G
$;V;R  ;MIO; Слуцк               ; SLUCK       ; 117 ;  45 ;123 ;456 ; 117 ; 3774 ;123456789;   ;      ;    ;07.12.07 ; Ленина 41             ; общежитие, мачта                                     ; 53.015687; 27.522100;G
$;V;R  ;MIO; Раков               ; RAKOV       ; 116 ;  46 ;1237;4568; 116 ; 3624 ;123456 89;116; 5046 ;1234;01.07.15 ; Воложинский р-н       ; М6, башня 70м                                        ; 53.978990; 27.056460;G
$;V;R  ;MIO; Борисов             ; BORISOV     ; 113 ;  47 ;123 ;45  ; 113 ; 3503 ;123456   ;   ;      ;    ;04.06.10 ; Строителей 44         ; поликлиника N4, мачта                                ; 54.211088; 28.475093;G
$;V;R  ;MIO; Столбцы             ; STOLBCY     ; 111 ;  48 ;123 ;456 ; 111 ; 3741 ;123456789;111; 5048 ;123 ;11.10.08 ; Социалистическая 21   ; РУЭС, мачта                                          ; 53.480355; 26.739053;G
$;V;R  ;MIO; Шараи               ; SHARAI      ; 111 ;  49 ;123 ;456 ; 111 ; 3087 ;123456789;111; 5049 ;123 ;01.07.15 ; Воложинский р-н       ; М7, 56км, башня 70м                                  ; 54.053560; 26.771650;G
$;V;R  ;MIO; Воложин             ; VOLOZHIN    ; 111 ;  50 ;1234;56 8; 111 ; 3605 ;12345 789;111; 5050 ;123 ;21.08.05 ; Щербины               ; башня 70м                                            ; 54.081511; 26.538903;G
$;V;R  ;MIO; Смолевичи           ; SMOLEVICHI  ; 112 ;  51 ;123 ;456 ; 112 ; 3607 ;123456789;112; 5051 ;12  ;15.06.08 ; Садовая 1             ; универмаг "Центральный", мачта                       ; 54.030158; 28.091109;G
$;V;R  ;MIO; Емельяново          ; EMEL'YANOVO ; 112 ;  52 ;123 ;456 ; 112 ; 3687 ;12 45  8 ;112; 5052 ; 2  ;17.10.09 ; Смолевичский р-н      ; Р53, РТПС                                            ; 54.065006; 28.033171;G
$;V;R  ;MIO; Писляковщина        ;PISLYAKOVSCHINA;111;  53 ;123 ;    ; 111 ; 3714 ;1234 6   ;111; 5053 ;123 ;06.04.06 ; Воложинский р-н       ; M7, 86км башня 70м                                   ; 54.181670; 26.408576;G
$;V;R  ;MIO; Саковщина           ;             ; 111 ;  54 ;123 ;    ;     ;      ;         ;   ;      ;    ;07.04.17 ; Воложинский р-н       ; башня МТС 70м                                        ; 54.104820; 26.385330;G
$;V;R  ;MIO; Самохваловичи       ;SAMOHVALOVICHI;112 ;  55 ;123 ;456 ; 112 ; 3583 ;123456789;112; 5055 ;123 ;11.02.14 ; Минский р-н           ; башня 70м                                            ; 53.736201; 27.522514;G
$;V;R  ;MIO; Плещеницы           ; PLESCHENICY ; 116 ;  56 ;123 ;45  ; 116 ; 3789 ;123456789;116; 5056 ;1   ;08.08.05 ; Логойский р-н         ; РТПС                                                 ; 54.410161; 27.855078;G
$;V;R  ;MIO; Чуденичи            ; CHUDENICHI  ; 116 ;  57 ;1234; 567; 116 ; 3814 ;123456 8 ;116; 5057 ;1234;08.08.05 ; Логойский р-н         ; М3, РТПС                                             ; 54.143448; 27.793307;G
$;V;R  ;MIO; Дзержинск           ; DZERZHINSK  ; 111 ;  58 ;123 ;456 ; 111 ; 3596 ;123456789;111; 1058 ;123 ;30.03.08 ; Советская 5           ; дом быта, мачта                                      ; 53.6868  ; 27.1321  ;G
$;V;R  ;MIO; Клецк               ; KLETSK      ; 117 ;  59 ;123 ;    ; 117 ; 3793 ;1 34 6   ;117; 5059 ;  3 ;01.07.15 ; Привокзальная 6       ; ОАО "Клецкий маслодельный комбинат", труба           ; 53.070750; 26.659960;*
$;V;R  ;MIO; Хатынь              ; HATYN'      ; 777 ;  60 ;12  ;    ;     ;      ;         ;   ;      ;    ;02.08.05 ; Логойский р-н         ; экскурсионное бюро, мачта 25,5м                      ; 54.333522; 27.939540;G
$;V;R  ;MIO; Старые Дороги       ;STARYE DOROGI; 117 ;  61 ;123 ;456 ; 117 ; 3602 ;12345 78 ;   ;      ;    ;28.09.08 ; Пролетарская 31       ; дворец культуры, мачта                               ; 53.040310; 28.264910;G
$;V;R  ;MIO; Любань              ; LYUBAN'     ; 144 ;  62 ;123 ;456 ; 144 ; 3599 ;123456   ;   ;      ;    ;01.06.15 ; Первомайская 24А      ; райисполком, мачта                                   ; 52.791869; 28.002167;G
$;V;R  ;MIO; Марьина Горка       ;MAR'INA GORKA; 111 ;  63 ;123 ;456 ; 111 ; 3572 ;123456789;111; 5063 ; 23 ;07.02.07 ; Пуховичский р-н       ; Новая Заря 49А, котельная ЖКХ N2, труба              ; 53.500214; 28.165344;G
$;V;R  ;MIO; Заславль            ; ZASLAVL'    ; 116 ;  65 ;123 ;456 ; 116 ; 3591 ;12345678 ;116; 5065 ;123 ;19.08.08 ; Путейко 10            ; картон-полиграф.комбинат, мачта                      ; 54.005401; 27.281590;G
$;V;R  ;MIO; Ратомка             ; YUNOST'     ; 116 ;  66 ;123 ;456 ; 116 ; 3670 ;123456789;116; 5066 ;123 ;01.07.15 ; Минский р-н           ; ММЦ "Юность", корпус "Морской", трубостойки          ; 53.976367; 27.339988;G
$;V;R  ;MIO; Острошицкий Городок ;OSTROSHICKIJ GORODOK;116;67;123;456; 116 ; 3580 ;123456789;116; 5067 ;123 ;01.07.15 ; Минский р-н           ; Ленинская 86, мебельная ф-ка "Восход", мачта         ; 54.0601  ; 27.6983  ;G
$;V;R  ;MIO; Большевик           ; BOL'SHEVIK  ; 116 ;  69 ;123 ;456 ; 116 ; 3563 ;123456789;116; 5069 ;123 ;06.07.08 ; Минский р-н           ; цех ПО по птицеводству                               ; 53.9935  ; 27.5472  ;G
$;V;R  ;MIO; Олехновичи          ; OLEHNOVICHI ; 115 ;  70 ;123 ;456 ; 115 ; 3579 ;123456789;115; 5070 ;123 ;05.07.05 ; Молодечненский р-н    ; башня 70м                                            ; 54.147487; 27.116232;G
$;V;R  ;MIO; Семково             ; SEMKOVO     ; 116 ;  71 ;123 ;456 ; 116 ; 3660 ;1234 67 9;116; 5071 ;123 ;11.12.06 ; Минский р-н           ; водонап. башня, трипод                               ; 54.015510; 27.439090;G
$;V;R  ;MIO; Тарасово            ; TARASOVO    ; 116 ;  72 ;123 ;456 ; 116 ; 3828 ;123456789;116; 5072 ;123 ;04.05.15 ; Минский р-н           ; бывшая база отдыха, мачта                            ; 53.913677; 27.376289;G
$;V;RVM;MIO; Минск               ;             ; 108 ;  74 ;    ;456 ; 108 ; 3574 ;123456789;   ;      ;    ;10.12.16 ; Боровая 5             ; Экспобел, BigZZ, внутри                              ; 53.964677; 27.622951;G
$;V;R  ;MIO; Колодищи            ; KOLODISCHI  ; 112 ;  75 ;123 ;456 ; 112 ; 3691 ;1234567 9;112; 5075 ;1 3 ;19.06.06 ; Молокович 29          ; база ОАО "Белстройматериалы", мачта                  ; 53.931460; 27.758825;G
$;V;R  ;MIO; Октябрьский         ; OKTYABR'SKIJ; 112 ;  76 ;123 ;    ; 112 ; 2644 ;123      ;112; 5076 ;12  ;10.10.05 ; Смолевичский р-н      ; ОАО "Смолевичи Бройлер", элеватор, мачта             ; 54.044513; 28.210555;G
$;V;R  ;MIO; Октябрьский         ; OKTYABR'SKIJ; 112 ;  76 ;    ;4567; 112 ; 3644 ;123456789;112; 5076 ;   4;10.10.05 ; Смолевичский р-н      ; ОАО "Смолевичи Бройлер", элеватор, трубостойки       ; 54.044735; 28.210172;G
$;V;R  ;MIO; Садки               ;             ; 117 ;  77 ; 2  ;    ; 117 ; 3618 ; 2       ;   ;      ;    ;16.07.16 ; Копыльский р-н        ; совм.башня 70м                                       ; 53.225220; 27.297810;G
$;V;R  ;MIO; Кулаки              ;             ; 117 ;  78 ;12  ;    ;     ;      ;         ;   ;      ;    ;07.07.16 ; Солигорский р-н       ; опорная мачта                                        ; 52.802750; 27.513720;G
$;V;R  ;MIO; Жодино              ; ZHODINO     ; 113 ;  79 ;123 ;456 ; 113 ; 3548 ;123456789;113; 5079 ;123 ;27.02.07 ; Мира пр. 19           ; общежитие N3 ПО "БелАЗ"                              ; 54.089331; 28.308270;G
$;V;RGM;MIO; Привольный          ; PRIVOL'NYJ  ; 112 ;  80 ;123 ;456 ; 112 ; 3783 ;123456789;112; 5080 ;123 ;29.06.08 ; Минский р-н           ; труба котельной                                      ; 53.798996; 27.791677;G
$;V;R  ;MIO; Дубеи               ;             ; 117 ;  81 ;1   ;    ;     ;      ;         ;   ;      ;    ;07.07.16 ; Солигорский р-н       ; РТПС, Солигорский цех УКРВ                           ; 52.779350; 27.461520;G
$;V;R  ;MIO; Лесной              ; LESNOJ      ; 116 ;  82 ;123 ;456 ; 116 ;  583 ;123456789;116; 5082 ;123 ;29.11.05 ; Минский р-н           ; общежитие N15, мачта                                 ; 54.0091  ; 27.6794  ;G
$;V;R  ;MIO; Лесной              ;             ;     ;  82 ;    ;    ; 116 ; 5831 ;1  4  7  ;   ;      ;    ;30.11.14 ; Минский р-н           ; общежитие N15, мачта                                 ; 54.0091  ; 27.6794  ;G
$;V;R  ;MIO; Борисов             ; BORISOV     ; 113 ;  83 ;123 ;456 ; 113 ; 3504 ;123  678 ;113; 5083 ;1   ;15.02.05 ;Полка Нормандия-Неман 167; ОАО "Экран", мачта                                 ; 54.262815; 28.514832;G
$;V;R  ;MIO; Борисов             ; BORISOV     ; 113 ;  84 ;123 ;4 6 ; 113 ; 3505 ;123456789;   ;      ;    ;15.02.05 ; Чапаева 56            ; з-д"Автогидроусилитель", админ.здание, мачта         ; 54.207701; 28.499852;G
$;V;R  ;MIO; Печи                ; BORISOV     ; 113 ;  85 ;123 ;456 ; 113 ; 3742 ;123456789;113; 5085 ;1 3 ;30.08.08 ; Борисовский р-н       ; пункт приема стеклотары, мачта                       ; 54.179033; 28.472826;G
$;V;R  ;MIO; Ананичи             ; ANANICHI    ; 111 ;  86 ;123 ;4567; 111 ; 3906 ;12 45 78 ;111; 5086 ;123 ;03.04.07 ; Пуховичский р-н       ; совм.башня 70м                                       ; 53.633430; 28.093040;G
$;V;R  ;MIO; Подлесье            ; PODLES'E    ; 111 ;  87 ;123 ;    ; 111 ; 3781 ;123456789;111; 5912 ;123 ;26.03.07 ; Столбцовский р-н      ; М1, башня 70м                                        ; 53.391206; 26.537847;G
$;V;R  ;MIO; Солигорск           ; SOLIGORSK   ; 117 ;  87 ;123 ;456 ; 117 ; 3543 ;123456   ;   ;      ;    ;24.09.06 ; Заслонова 61          ; общежитие, мачта                                     ; 52.783660; 27.513630;G
$;V;R  ;MIO; Солигорск           ; SOLIGORSK   ; 117 ;  88 ;123 ;456 ; 117 ; 3544 ;123456789;   ;      ;    ;04.02.07 ; Железнодорожная 48    ; универсам, мачта                                     ; 52.789120; 27.527060;G
$;V;R  ;MIO; Озерское?           ;             ; 111 ;  89 ;123 ;    ;     ;      ;         ;   ;      ;    ;08.08.16 ; Кореличский р-н       ; М1, башня МТС 70м?                                   ; 53.409460; 26.544080;G*
$;V;RGM;MIO; Колеина             ; VESKA       ; 777 ;  90 ;12  ;    ; 777 ; 3819 ;12       ;   ;      ;    ;10.10.05 ; Червенский р-н        ; УП"Нефтебитумный завод", труба, двухсекторная БС     ; 53.583091; 28.754587;G
$;V;R  ;MIO; Уречье              ; URECH'E     ; 117 ;  91 ;123 ;    ; 117 ; 3801 ;1 34 6   ;   ;      ;    ;07.07.16 ; Любанский р-н         ; Заводская 1, спиртзавод "Кристалл", два трипода      ; 52.947650; 27.888660;G
$;V;R  ;MIO; Козыри              ; KOZYRI      ; 116 ;  92 ;123 ;    ; 116 ; 3653 ;123456  9;116; 5092 ;123 ;13.04.10 ; Логойский р-н         ; М3, поворот на Хатынь, башня 70м                     ; 54.328256; 27.870727;G
$;V;R  ;MIO; Рябиновка           ; RYABINOVKA  ; 111 ;  93 ;123 ;567 ; 111 ; 3698 ;123456 89;111; 5093 ;1 3 ;13.03.07 ; Узденский р-н         ; Р23, 41-й км, башня 70м                              ; 53.562188; 27.468755;G
$;V;R  ;MIO; Рябиновка           ; RYABINOVKA  ; 111 ;  93 ;   4;   8; 111 ; 1698 ;12       ;111; 5093 ;   4;13.03.07 ; Узденский р-н         ; Р23, 41-й км, башня 70м                              ; 53.562188; 27.468755;G
$;V;R  ;MIO; Минск (Озерцо)      ; MINSK       ; 103 ;  94 ;123 ;456 ; 103 ; 3094 ;123456789;103; 5094 ;123 ;17.04.07 ; Меньковский тракт 2   ; ТМ Кольцо, столб у салона Форд                       ; 53.854400; 27.422870;G
$;V;R  ;MIO; Валерьяны           ; VALER`YANY  ; 111 ;  94 ;1234;    ; 142 ; 3872 ;123  6   ;   ;      ;    ;08.05.08 ; Узденский р-н         ; Р23, - км, башня 70м                                 ; 53.422449; 27.494766;G
$;V;R  ;MIO; Заглинное           ; ZAGLINNOE   ; 144 ;  95 ;1234;    ;     ;      ;         ;   ;      ;    ;16.08.05 ; Солигорский р-н       ; Р23 Минск-Слуцк, --- км, башня                       ; 52.656250; 27.463270;G
$;V;R  ;MIO; Амнишево?           ; AMNISHEVO   ; 116 ;  96 ;123 ;    ; 116 ; 3715 ;12 45    ;116; 5096 ;123 ;03.04.05 ; Логойский р-н         ; М3, совместная башня 70м с МТС? (чья?)               ; 54.573819; 27.876334;G*w
$;V;R  ;MIO; Запасенье           ; ZAPASEN'E   ; 112 ;  97 ;123 ;    ; 112 ; 3752 ; 23 56   ;112; 5097 ; 23 ;18.09.06 ; Червенский р-н        ; М4, 51 км, башня 70м                                 ; 53.758736; 28.245393;G
$;V;R  ;MIO; Хутор               ; HUTOR       ; 112 ;  98 ;123 ;    ; 112 ; 3707 ;123456   ;112; 5098 ;1 3 ;18.09.06 ; Червенский р-н        ; М4, 81 км, башня 70м                                 ; 53.765468; 28.671391;G
$;V;R  ;MIO; Смиловичи           ; SMILOVICHI  ; 112 ;  99 ;123 ;456 ; 112 ; 3585 ;123456  9;112; 5099 ;1 3 ;28.07.06 ; Червенский р-н        ; М.Горького 12, колледж, мачта                        ; 53.751959; 28.015759;G
$;V;R  ;MIO; Смиловичи           ; SMILOVICHI  ; 112 ; 100 ;123 ;456 ; 112 ; 3830 ;123456  9;112; 5100 ;123 ;15.06.05 ; Червенский р-н        ; Северная, башня 70м                                  ; 53.757814; 28.041506;G
$;V;R  ;MIO; Теляки              ; TELYAKI     ; 115 ; 100 ;123 ;    ;     ;      ;         ;   ;      ;    ;03.01.07 ; Мядельский р-н        ; РТПС                                                 ; 54.893260; 26.806400;G
$;V;R  ;MIO; Болочанка           ; BOLOCHANKA  ; 111 ; 101 ;1234; 567; 111 ; 3604 ;123456   ;111; 5101 ;1234;15.01.07 ; Пуховичский р-н       ; М5, 73 км, башня 70м                                 ; 53.485990; 28.350220;G
$;V;R  ;MIO; Борисов?            ;             ; 113 ; 102 ;1   ;    ;     ;      ;         ;   ;      ;    ;29.03.17 ; ???                   ; Гагарина-Горького, возможно внутри Евроопта *питон*  ; 54.221092; 28.492111;*
$;V;R  ;MIO; Костовщина          ; KOSTOVSCHINA; 112 ; 103 ;123 ;    ; 112 ; 3654 ;1 34 6   ;112; 5103 ;123 ;18.09.06 ; Березинский р-н       ; М4, 91 км, совм.башня 70м                            ; 53.788950; 28.832310;G
$;V;R  ;MIO; Погост              ; POGOST      ; 112 ; 104 ;123 ;    ; 112 ; 3668 ;123456   ;112; 5104 ;1 3 ;17.08.08 ; Березинский р-н       ; М4, 113 км, совм.башня 70м                           ; 53.855196; 29.140433;G
$;V;R  ;MIO; Василевщина         ;VASILEVSCHINA; 112 ; 105 ;123 ;    ; 112 ; 3636 ;123456   ;112; 5105 ;123 ;18.09.06 ; Березинский р-н       ; М4, 130 км, совм.башня 70м                           ; 53.902777; 29.371932;G
$;V;R  ;MIO; Слуцк               ; SLUCK       ; 117 ; 106 ;123 ;456 ; 117 ; 3739 ;123456789;117; 5106 ; 23 ;07.12.07 ; 14-ти Партизан        ; Слуцкая миниТЭЦ N2, труба                            ; 53.047410; 27.551990;G
$;V;R  ;MIO; Красная Слобода?  ;KRASNAYA SLOBODA;144 ; 107 ;123 ; 56 ;     ;      ;         ;117; 5107 ;  3 ;15.07.06 ; Солигорский р-н       ; Р55, мачта? (чья?)                                   ; 52.853950; 27.193550;G*w
$;V;R  ;MIO; Несвиж?             ; NESVIZH     ; 111 ; 108 ;1234;5   ; 111 ; 3610 ;123456   ;111; 5108 ;  34;17.08.08 ; Ленинская 127         ; жилой дом, мачта (чья?)                              ; 53.229440; 26.658940;G*w 
$;V;R  ;MIO; Турец-Бояры         ; TUREC-BOYARY; 115 ; 109 ;1237;456 ; 115 ; 3846 ;1234 6   ;115; 5109 ; 234;20.06.05 ; Молодечненский р-н    ; РТПЦ "Турец-Бояры"                                   ; 54.375980; 26.649350;G
$;V;R  ;MIO; Березинское         ; BEREZINSKOE ; 115 ; 110 ;123 ; 56 ; 115 ; 3848 ;123456   ;115; 5110 ;  3 ;26.04.06 ; Молодечненский р-н    ; торфо-брикетное предпр., котельная, труба            ; 54.216890; 26.612490;*
$;V;R  ;MIO; Мосты?              ; SOLIGORSK   ; 117 ; 111 ;123 ;456 ;     ;      ;         ;   ;      ;    ;24.09.06 ; Солигорский р-н?      ; в районе 4-го рудоуправления (адрес - по google)     ; 52.800880; 27.773380;*
$;V;R  ;MIO; Дядичи              ; DYADICHI    ; 115 ; 112 ;123 ;    ; 115 ; 3080 ;123  6   ;115; 5112 ;123 ;11.05.05 ; Вилейский р-н         ; башня 70м                                            ; 54.591550; 26.891950;G
$;V;R  ;MIO; Плебань             ; PLEBAN'     ; 115 ; 113 ;123 ;456 ; 115 ; 3873 ;123456 89;115; 5113 ;123 ;11.05.05 ; Молодечненский р-н    ; башня 70м                                            ; 54.234620; 27.091470;G
$;V;R  ;MIO; Илья                ; IL'YA       ; 115 ; 114 ;123 ;    ; 115 ; 3780 ;1   56   ;115; 5114 ;123 ;09.04.06 ; Вилейский р-н         ; общ. сельхозтехникума, мачта                         ; 54.419140; 27.296720;G
$;V;R  ;MIO; Брусы               ; BRUSY       ; 115 ; 115 ;123 ;    ; 115 ; 3082 ; 2  5    ;115; 5115 ; 2  ;11.05.05 ; Мядельский р-н        ; совм.башня 70м                                       ; 54.765350; 26.967230;G
$;V;R  ;MIO; Занарочь            ; ZANAROCH'   ; 115 ; 116 ;123 ;    ; 115 ; 3721 ;1234 6   ;115; 5869 ;1 3 ;11.05.05 ; Мядельский р-н        ; совм.башня 70м                                       ; 54.803400; 26.778840;G
$;V;R  ;MIO; Талуть              ; TALUT'      ; 115 ; 117 ;123 ;    ;     ;      ;         ;115; 5117 ;1 3 ;11.05.05 ; Мядельский р-н        ; Р28 башня 70м                                        ; 54.692490; 26.927940;G
$;V;R  ;MIO; Валерьяново         ; VALER'YANOVO; 108 ; 117 ;123 ;456 ; 108 ; 3851 ;123456789;108; 5851 ;123 ;07.05.16 ; Минский р-н           ; Лесная, башня 50м                                    ; 53.974445; 27.667418;G
$;V;R  ;MIO; Воронцы (Нарочь)    ; NAROCH'     ; 115 ; 118 ;12  ;    ; 115 ; 3881 ; 2       ;   ;      ;    ;06.07.08 ; Мядельский р-н        ; санаторий "Белая Русь", трипод                       ; 54.910858; 26.729055;G
$;V;R  ;MIO; Ратомка             ;             ; 116 ; 119 ;123 ;456 ; 116 ; 3125 ;12345678 ;116; 5119 ;123 ;26.01.17 ; Минский р-н           ; Р28, столб                                           ; 53.947334; 27.368634;G
$;V;R  ;MIO; Минск               ; MINSK       ; 108 ; 120 ;123 ;456 ; 108 ;  626 ;123456789;108; 5120 ;123 ;16.03.10 ; Боровая 5             ; Экспобел, два трипода                                ; 53.963493; 27.625314;G
$;V;R  ;MIO; Теребуты?           ; TEREBUTY    ; 144 ; 120 ;123 ;    ; 144 ; 3861 ;123      ;   ;      ;    ;15.01.07 ; Стародорожский р-н    ; мачта 70м (нефтепровода?)                            ; 53.246543; 28.040747;G
$;V;R  ;MIO; Юхновка             ; YUHNOVKA    ; 112 ; 121 ;123 ;456 ; 112 ; 3528 ;1234567 9;112; 5121 ;1 3 ;27.06.05 ; Минский р-н           ; башня 70м                                            ; 53.970634; 27.868565;G
$;V;R  ;MIO; Шепели              ; SHEPELI     ; 116 ; 122 ;1234;567 ; 116 ; 3762 ;12345    ;116; 5122 ;1234;06.06.05 ; Минский р-н           ; Р58, совм.башня 70м                                  ; 54.167130; 27.501330;G
$;V;R  ;MIO; Борисов             ; BORISOV     ; 113 ; 123 ;123 ;45  ; 113 ; 3506 ;1234     ;   ;      ;    ;06.08.05 ; Л.Чаловской 19        ; ОАО "140 ремонтный з-д", труба                       ; 54.226783; 28.470023;G
$;V;R  ;MIO; Шаповалы            ; SHAPOVALY   ; 116 ; 125 ;123 ;456 ; 116 ; 3942 ;1234567  ;116; 5125 ;123 ;11.07.05 ; Воложинский р-н       ; башня 70м                                            ; 54.043750; 27.150370;G
$;V;R  ;MIO; Воложин             ; VOLOZHIN    ; 111 ; 126 ;123 ;456 ; 111 ; 3606 ;123456   ;111; 5126 ; 23 ;16.04.07 ; Партизанская 11       ; ЧУП "Кооппит" Воложинского РайПО, мачта              ; 54.089850; 26.520650;G
$;V;R  ;MIO; Светлая Роща      ;SVETLAYA ROSCHA; 113 ; 127 ;123 ;456 ; 113 ; 3759 ; 23  6 89;   ;      ;    ;10.06.06 ; Борисовский р-н       ; институт МЧС, мачта                                  ; 54.334911; 28.383831;G
$;V;R  ;MIO; Р1, 19км           ;DEDOVA KORCHMA; 112 ; 129 ;1237;456 ; 112 ; 3129 ;123456789;112; 5129 ;123 ;12.07.16 ; Дзержинский р-н       ; кафе "Дзедава карчма", столб                         ; 53.781497; 27.362546;G
$;V;R  ;MIO; Слуцк               ; SLUCK       ; 117 ; 130 ;123 ;456 ; 117 ; 3556 ;123456  9;   ;      ;    ;07.12.07 ; Базарная 13           ; ЧУП "Слуцкий рынок", мачта                           ; 53.021590; 27.540260;G
$;V;R  ;MIO; Комарово            ; KOMAROVO    ; 115 ; 131 ;123 ;    ; 115 ; 3931 ;123456   ;115; 5395 ;123 ;06.04.06 ; Мядельский р-н        ; Парковая 11, Свирский с/х проф.лицей, трипод         ; 54.902994; 26.393417;G
$;V;R  ;MIO; Кривичи             ; KRIVICHI    ; 115 ; 132 ;123 ;    ; 115 ; 3803 ;  3  6   ;115; 5132 ;1 3 ;30.07.06 ; Мядельский р-н        ; магазин "Промтовары", мачта                          ; 54.712580; 27.290550;G
$;V;R  ;MIO; Слуцк               ; SLUCK       ; 117 ; 133 ;123 ;456 ; 117 ; 3557 ;123456  9;   ;      ;    ;07.12.07 ; Богдановича 1й пер. 39; общежитие, мачта                                     ; 53.016933; 27.550439;G
$;V;R  ;MIO; Слуцк               ; SLUCK       ; 117 ; 134 ;123 ;456 ; 117 ; 3558 ;123456789;   ;      ;    ;07.12.07 ; Ленина 207            ; общежитие спорткомплекса "Дельфин", триподы          ; 53.032596; 27.559226;G
$;V;R  ;MIO; Слуцк               ; SLUCK       ; 117 ; 135 ;123 ;    ; 117 ; 3661 ;123456789;   ;      ;    ;07.12.07 ; Пугачева 1А           ; база ОПС, трипод                                     ; 52.991502; 27.592381;G
$;V;R  ;MIO; Нарочь?             ;             ; 115 ; 136 ;  3 ;    ;     ;      ;         ;   ;      ;    ;08.04.18 ; Мядельский р-н        ; Фаворитъ его знает где??? (ch96)                     ;          ;          ;
$;V;R  ;MIO; Смолевичи           ; SMOLEVICHI  ; 112 ; 137 ;123 ;456 ; 112 ; 3608 ;123456789;112; 5137 ;123 ;15.06.08 ; Первомайская 101      ; больница, мачта                                      ; 54.0159  ; 28.0979  ;G
$;V;R  ;MIO; Колодищи            ; KOLODISCHI  ; 112 ; 138 ;123 ;456 ; 112 ; 3527 ;123456789;112; 5138 ;123 ;19.06.06 ; Минский р-н           ; полигон, башня 70м                                   ; 53.918450; 27.753087;G
$;V;R  ;MIO; Шабуневка           ; SHABUNEVKA  ; 111 ; 139 ;123 ;456 ; 111 ; 3584 ;12345678 ;111; 5139 ;123 ;17.12.06 ; Дзержинский р-н       ; совм.башня 70м                                       ; 53.637030; 26.972080;G
$;V;R  ;MIO; Новашино            ; NOVASHINO   ; 116 ; 140 ;1234; 56 ; 116 ; 3623 ;1234567 9;116; 5140 ;123 ;22.02.07 ; Минский р-н           ; башня                                                ; 54.042640; 27.275290;G
$;V;R  ;MIO; Якуты               ; YAKUTY      ; 111 ; 141 ;123 ;    ; 111 ; 3867 ;123456   ;111; 5141 ;123 ;18.06.06 ; Дзержинский р-н       ; башня 70м, возле комплекса "Якутские горы"           ; 53.824180; 27.023280;G
$;V;R  ;MIO; Околово             ; OKOLOVO     ; 116 ; 142 ;123 ;    ; 116 ; 3657 ;1 34 6   ;116; 5142 ;123 ;19.06.06 ; Логойский р-н         ; М3, башня 70м                                        ; 54.492547; 27.862045;G
$;V;R  ;MIO; Гребенка            ; GREBENKA    ; 112 ; 143 ;123 ;456 ; 112 ; 3816 ;  3 56   ;112; 5143 ;  3 ;17.08.08 ; Червенский р-н        ; РТПС                                                 ; 53.837272; 28.241343;G
$;V;R  ;MIO; Дричин              ; DRICHIN     ; 111 ; 144 ;123 ;456 ; 111 ; 3751 ;123456789;111; 5144 ;123 ;19.09.06 ; Пуховичский р-н       ; РТПС                                                 ; 53.574773; 27.986207;G
$;V;R  ;MIO; Гацук               ; GACUK       ; 144 ; 145 ;123 ;    ; 144 ; 3641 ;1 34 6   ;   ;      ;    ;05.06.06 ; Слуцкий р-н           ; совм.башня 70м                                       ; 53.329770; 27.525940;G
$;V;R  ;MIO; Ижа                 ; IZHA        ; 115 ; 146 ;123 ;    ;     ;      ;         ;   ;      ;    ;03.07.06 ; Вилейский р-н         ; РТПС                                                 ; 54.658460; 26.777350;G
$;V;R  ;MIO; Цна?                ; CHERCHENOVO ; 115 ; 147 ;123 ;456 ; 115 ; 3081 ;12 45    ;115; 5147 ;12  ;05.06.06 ; Вилейский р-н         ; Р28, опорная мачта ???                               ; 54.407680; 26.857770;G
$;V;R  ;MIO; Крупки              ; KRUPKI      ; 113 ; 148 ;123 ;456 ; 113 ; 3769 ;123456 8 ;113; 5148 ;123 ;06.07.08 ; Советская 3           ; комбинат бытового обслуживания, мачта                ; 54.317746; 29.140067;G
$;V;R  ;MIO; Силичи              ; SILICHI     ; 116 ; 149 ;123 ;456 ; 116 ; 3612 ;1234 6789;116; 5149 ;123 ;06.11.06 ; Логойский р-н         ; РГЦ "Силичи", водонапорная башня                     ; 54.154920; 27.830837;G
$;V;RGM;MIO; Прилепы             ; PRILEPY     ; 116 ; 150 ;1234;56  ; 116 ; 3838 ;123456  9;116; 5150 ;123 ;16.09.08 ; Смолевичский р-н      ; водонапорная башня                                   ; 54.070213; 27.819563;G
$;V;R  ;MIO; Жодино              ; ZHODINO     ; 113 ; 151 ;123 ;456 ; 113 ; 3549 ;123456789;113; 5151 ;12  ;27.02.07 ; Калинина              ; БЕЛАЗ, мачта                                         ; 54.104928; 28.341016;G
$;V;R  ;MIO; Логойск             ; LOGOJSK     ; 116 ; 152 ;123 ;456 ; 116 ; 3615 ;1 34  7  ;116; 5152 ;12  ;10.06.06 ; Логойский р-н         ; ГК "Логойск", водонапорная башня, трипод             ; 54.183332; 27.804846;G
$;V;RGM;MIO; Старые Новоселки    ; ST.NOVOSELKI; 111 ; 153 ;12  ; 5  ; 111 ; 3639 ;12       ;   ;      ;    ;03.09.06 ; Несвижский р-н        ; водонапорная башня, трипод                           ; 53.286365; 26.672688;G
$;V;R  ;MIO; Бобр                ; BOBR        ; 113 ; 154 ;123 ;    ; 113 ; 3798 ;123456   ;   ;      ;    ;27.02.06 ; Крупский р-н          ; Базарная 4, совет депутатов, мачта                   ; 54.341216; 29.275157;G
$;V;R  ;MIO; Борисов             ; BORISOV     ; 113 ; 155 ;123 ;456 ; 113 ; 3507 ;123456789;   ;      ;    ;23.06.15 ; Зеленый пер. 13       ; МРЭО ГАИ, мачта                                      ; 54.224815; 28.489324;G
$;V;R  ;MIO; Борисов             ; BORISOV     ; 113 ; 156 ;123 ;456 ; 113 ; 3733 ;123456   ;113; 5156 ; 2  ;23.06.15 ; Чапаева 78            ; ГАП N1, мачта                                        ; 54.199838; 28.494340;G
$;V;R  ;MIO; Околица             ;             ; 116 ; 157 ;    ;456 ; 116 ; 3127 ;123456789;116; 5157 ;123 ;27.09.15 ; Минский р-н           ; Солнечная 1А, магазин, столб                         ; 54.057222; 27.750746;G
$;V;R  ;MIO; Богатырево          ;             ; 112 ; 158 ;123 ;456 ; 112 ; 3158 ;123456  9;112; 5158 ;12  ;18.07.16 ; Минский р-н           ; Южная 4, опорная мачта МТС                           ; 53.844468; 27.408779;G
$;V;R  ;MIO; Вилейка             ; VILEJKA     ; 115 ; 159 ;123 ;456 ; 115 ; 3587 ;1234 6   ;115; 5159 ;123 ;28.07.06 ; Шубина 3А             ; общежитие, мачта                                     ; 54.499037; 26.922393;G
$;V;R  ;MIO; Молодечно           ; MOLODECHNO  ; 115 ; 160 ;123 ;456 ; 115 ; 3736 ;12 45    ;115; 5160 ;12  ;19.08.06 ; Я.Купалы 126          ; общ.N1 ПРУП "З-д порошковой металлургии", триподы    ; 54.312105; 26.899690;G
$;V;RVM;MIO; Привольный          ;             ; 112 ; 161 ;1   ;    ; 112 ; 3012 ;1  4  7  ;   ;      ;    ;16.05.15 ; Минский р-н           ; Мира 2А, Шате-М, внутри                              ; 53.800986; 27.798844;G
$;V;R  ;MIO; Борисов             ; BORISOV     ; 113 ; 162 ;123 ;456 ; 113 ; 3508 ;123456 8 ;   ;      ;    ;18.03.06 ; Революции пр. 78      ; Борисовхлебпром, мачта                               ; 54.228594; 28.504661;G
$;V;R  ;MIO; Нарочь              ; NAROCH      ; 115 ; 163 ;123 ; 5  ;     ;      ;         ;115; 5163 ; 2  ;06.05.08 ; Вилейский р-н         ; Р63, 146 км, совм.башня 70м                          ; 54.564623; 26.722850;G
$;V;R  ;MIO; Каменка?            ;             ; 113 ; 164 ; 2  ;    ;     ;      ;         ;   ;      ;    ;10.01.16 ; Крупский р-н          ; башня газокомпрессорной станции???                   ; 54.361220; 29.026588;G?
$;V;R  ;MIO; Могильно            ; MOGILNO     ; 142 ; 165 ;123 ;    ;     ;      ;         ;   ;      ;    ;15.06.07 ; Узденский р-н         ; поликлиника, мачта                                   ; 53.414030; 26.982995;G
$;V;R  ;MIO; Юшевичи             ; YUSHEVICHI  ; 111 ; 167 ;  3 ;    ;     ;      ;         ;   ;      ;    ;23.05.18 ; Несвижский р-н        ; башня 70м                                            ; 53.246500; 26.839534;G
$;V;R  ;MIO; Клешево             ; KLESHEVO    ; 117 ; 168 ;123 ;    ;     ;      ;         ;   ;      ;    ;07.07.16 ; Слуцкий р-н           ; совм.башня 70м                                       ; 53.109770; 27.382880;G
$;V;R  ;MIO; Раубичи             ;             ; 116 ; 168 ;    ;  6 ; 116 ; 3168 ;123456   ;   ;      ;    ;10.06.15 ; Минский р-н           ; СК, мачта освещения 20м                              ; 54.063559; 27.735416;G
$;V;R  ;MIO; Юбилейный           ; SENICA      ; 105 ; 171 ;123 ;456 ; 105 ; 3171 ;123456789;105; 5171 ;123 ;24.04.10 ; Коммунальная 4        ; ОАО"Минский Райагросервис",опорная мачта             ; 53.818753; 27.518008;G
$;V;R  ;MIO; Солигорск           ; SOLIGORSK   ; 117 ; 171 ;123 ;456 ; 117 ; 3662 ;123  6  9;   ;      ;    ;04.02.07 ; Мира пр. 40           ; РУЭС, мачта                                          ; 52.783440; 27.525940;G
$;V;R  ;MIO; Солигорск           ; SOLIGORSK   ; 117 ; 172 ;123 ;456 ; 117 ; 3541 ;1234567 9;   ;      ;    ;04.02.07 ; Коржа 5               ; ОАО "Беларускалий"                                   ; 52.782110; 27.540170;G
$;V;R  ;MIO; Солигорск           ; SOLIGORSK   ; 117 ; 173 ;123 ;456 ; 117 ; 3542 ;123456   ;   ;      ;    ;03.01.07 ; Л.Комсомола 38        ; ЖД вокзал, мачта                                     ; 52.793500; 27.544100;G
$;V;R  ;MIO; Старобин            ; STAROBIN    ; 144 ; 174 ;123 ;456 ;     ;      ;         ;   ;      ;    ;15.07.05 ; Солигорский р-н       ; ул.Краснознаменная 8, универмаг, мачта               ; 52.724908; 27.463966;G
$;V;R  ;MIO; Величковичи?        ;VELICHKOVICHI; 144 ; 175 ;123 ;    ;     ;      ;         ;   ;      ;    ;15.07.06 ; Солигорский р-н; агрогородок "Величковичи", совместная башня 70м с МТС (чья?); 52.632843; 27.248785;G*w
$;V;R  ;MIO; Дудинка             ; DUDINKA     ; 113 ; 177 ;123 ;456 ; 113 ; 3894 ;1  4     ;   ;      ;    ;10.03.06 ; Борисовский  р-н      ; ДОЛ "Строитель", мачта                               ; 54.263437; 28.454785;G
$;V;R  ;MIO; Скаковка            ;             ; 113 ; 179 ;1   ;4   ;     ;      ;         ;113; 5179 ;12  ;06.01.18 ; Крупский р-н          ; башня 70м МТС???                                     ; 54.246793; 29.318913;G
$;V;R  ;MIO; Юрковичи?           ;             ; 116 ; 181 ; 237; 56 ; 116 ; 3181 ; 23 56   ;116; 5181 ;   4;16.09.17 ; Логойский р-н         ; за Гостиловичами, башня МТС 70м? *питон*             ; 54.289120; 28.036160;G*
$;V;R  ;MIO; Колодищи            ;             ; 112 ; 184 ;123 ;456 ; 112 ; 3184 ; 23 56 89;   ;      ;    ;24.07.17 ; Минский р-н           ; Энтузиастов 63А, ТП-680, столб                       ; 53.910145; 27.772468;G*
$;V;R  ;MIO; Колодищи            ;             ; 112 ; 184 ;   7;   8; 112 ; 1184 ;1  4  7  ;112; 5184 ;   4;24.07.17 ; Минский р-н           ; Энтузиастов 63А, ТП-680, столб                       ; 53.910145; 27.772468;G*
$;V;R  ;MIO; Колодищи            ;             ; 112 ; 185 ;123 ;456 ; 112 ; 3185 ;   456   ;112; 5185 ;1   ;01.10.17 ; Минский р-н           ; Энтузиастов 186А, ТП-854, столб                      ; 53.902905; 27.801582;Y
$;V;R  ;MIO; Колядичи            ;             ; 105 ; 187 ;123 ;456 ; 105 ; 3187 ;123456789;105; 5187 ;123 ;10.10.17 ; Лазурная 9            ; "202" ООО Амазон-Колорит, два трипода                ; 53.831452; 27.555115;G
$;V;R  ;MIO; Лапоровичи          ;             ; 116 ; 188 ;123 ;    ; 116 ; 3022 ;123456789;116; 5661 ;123 ;28.09.15 ; Минский р-н           ; Центральная 3А, башня 40м                            ; 54.000083; 27.364844;G
$;V;R  ;MIO; Мачулищи            ;             ; 112 ; 189 ;123 ;456 ; 112 ; 3189 ;1234567 9;112; 5189 ;123 ;24.08.17 ; Минский р-н           ; Аэродромная 4А, столб МТС                            ; 53.787480; 27.583065;G
$;V;R  ;MIO; Семково             ;             ; 116 ; 191 ;123 ;456 ; 116 ; 3191 ;123456789;116; 5191 ;123 ;01.03.18 ; Минский р-н           ; ул. Садовая 95, СПА-комплекс Сябры, столб            ; 54.002861; 27.438280;Y
$;V;R  ;MIO; Старина             ;             ; 112 ; 192 ;123 ;456 ; 112 ; 3192 ;123456 89;112; 5192 ;123 ;29.03.17 ; Минский р-н           ; ул. Ленина, опорная мачта                            ; 53.948620; 27.833397;*
$;V;R  ;MIO; Свислочь            ; SVISLOCH'   ; 111 ; 193 ;123 ;456 ; 111 ; 3575 ;123456789;111; 5193 ;123 ;31.10.06 ; Пуховичский р-н       ; Солнечная 7, пож.часть МЧС N4, мачта                 ; 53.641550; 27.920330;G
$;V;R  ;MIO; Чачково             ;             ; 116 ; 194 ;123 ;456 ; 116 ; 3194 ;123456789;116; 5194 ;123 ;29.12.17 ; Минский р-н           ; опорная мачта                                        ; 53.890240; 27.216135;G
$;V;R  ;MIO; Пастовичи           ; PASTOVICHI  ; 144 ; 195 ;123 ;    ; 144 ; 3874 ; 23 56   ;117; 5195 ;1 3 ;14.05.08 ; Стародорожский р-н    ; Р43, совм.башня 70м                                  ; 53.061381; 28.470589;G
$;V;R  ;MIO; Лошаны, Р28 31-й км ;             ; 116 ; 197 ;    ;4   ; 116 ;  497 ;1  5   89;   ;      ;    ;17.10.17 ; Минский р-н           ; ИКК "Линия Сталина", столб                           ; 54.059646; 27.294185;G
$;V;R  ;MIO; Лошаны, Р28 31-й км ;             ; 116 ; 197 ;    ;5   ; 116 ; 4971 ;12 567890;   ;      ;    ;17.10.17 ; Минский р-н           ; ИКК "Линия Сталина", столб                           ; 54.059646; 27.294185;G
$;V;R  ;MIO; Лошаны, Р28 31-й км ;             ; 116 ; 197 ;    ;6   ; 116 ; 4972 ;   5  8 0;   ;      ;    ;17.10.17 ; Минский р-н           ; ИКК "Линия Сталина", столб                           ; 54.059646; 27.294185;G
$;V;R  ;MIO; Лошаны, Р28 31-й км ;             ;     ; 197 ;    ;    ; 116 ; 4973 ;        0;   ;      ;    ;03.09.18 ; Минский р-н           ; ИКК "Линия Сталина", столб                           ; 54.059646; 27.294185;G
$;V;R  ;MIO; Дукора              ;             ; 111 ; 200 ;123 ;456 ; 111 ; 3200 ; 23 56 89;111; 5200 ; 23 ;03.10.17 ; Пуховичский р-н       ; М5, магазин мачта                                    ; 53.668718; 27.954386;G
$;V;R  ;MIO; Великий Камень      ;             ; 112 ; 201 ;123 ;456 ; 112 ; 3201 ;123456789;112; 2201 ;123 ;06.12.17 ; Пекинский пр.         ; Административный корпус, трубостойки                 ; 53.902979; 27.976779;G
$;V;R  ;MIO; Великий Камень      ;             ; 112 ; 201 ;   7;   8; 112 ; 1201 ;1  4     ;112; 2201 ;   4;06.12.17 ; Пекинский пр.         ; Административный корпус, трубостойки                 ; 53.902979; 27.976779;G
$;V;R  ;MIO; Великий Камень      ;             ; 112 ; 201 ;    ;   9; 112 ; 1201 ; 2  5  8 ;   ;      ;    ;16.11.18 ; Пекинский пр.         ; Административный корпус, внутри                      ; 53.902980; 27.976780;G*
$;V;R  ;MIO; Ивенец              ; IVENETS     ; 116 ; 201 ;123 ;    ;     ;      ;         ;   ;      ;    ;17.01.05 ; 17-го сентября 1      ; РУЭС, мачта                                          ; 53.890820; 26.741300;G
$;V;R  ;MIO; Ждановичи           ; LAZURNYJ    ; 102 ; 202 ;123 ;    ; 102 ;  621 ;123456789;102; 5569 ;123 ;23.11.07 ; Минский р-н           ; санаторий "Лазурный", эйфелева башня                 ; 53.961600; 27.443900;G
$;V;R  ;MIO; Ждановичи           ;             ;     ; 202 ;    ;    ; 102 ; 6211 ;1  4  7  ;   ;      ;    ;06.12.13 ; Минский р-н           ; санаторий "Лазурный", эйфелева башня                 ; 53.961600; 27.443900;G
$;V;R  ;MIO; Молодечно           ; MOLODECHNO  ; 115 ; 203 ;123 ;4 6 ; 115 ; 3537 ;123456   ;115; 5203 ;  3 ;05.08.07 ; Элеваторная 7         ; элеватор ОАО "Молодечненский КХП"                    ; 54.301690; 26.804790;*
$;V;R  ;MIO; Молодечно           ; MOLODECHNO  ; 115 ; 204 ;123 ;456 ; 115 ; 3538 ;123456   ;115; 5204 ;1 3 ;15.09.06 ; В. Гостинец 143       ; з-д"Электромодуль", мачта                            ; 54.297773; 26.867299;G
$;V;R  ;MIO; Молодечно?          ; MOLODECHNO  ; 115 ; 205 ;123 ;456 ; 115 ; 3539 ;123456789;115; 5205 ;123 ;15.09.06 ; Ларина 6              ; ДРСУ-195, мачта (чья?)                               ; 54.324540; 26.851450;G*w 
$;V;R  ;MIO; Дубравы             ; DUBRAVY     ; 116 ; 206 ;123 ;456 ; 116 ; 3565 ;123456789;116; 5206 ;123 ;12.02.06 ; Молодечненский р-н    ; башня 70м                                            ; 54.101495; 27.138378;G
$;V;R  ;MIO; Дубравы             ;             ;     ; 206 ;    ;    ; 116 ; 2565 ;1  4  7  ;   ;      ;    ;12.08.18 ; Молодечненский р-н    ; башня 70м                                            ; 54.101495; 27.138378;G
$;V;R  ;MIO; Налибоки            ; NALIBOKI    ; 111 ; 207 ;123 ;    ;     ;      ;         ;   ;      ;    ;18.06.06 ; Столбцовский р-н      ; башня 70м                                            ; 53.761550; 26.479436;G
$;V;R  ;MIO; Удранка             ; SOSNOVYJ BOR; 115 ; 208 ;123 ; 5  ;     ;      ;         ;115; 5208 ; 2  ;11.08.06 ; Молодечненский р-н    ; санаторий "Звездный", п/л "Чаборок", водонап.башня   ; 54.193330; 27.246120;G
$;V;R  ;MIO; Брили               ; BRILI       ; 113 ; 209 ;123 ;    ; 113 ; 3631 ;123456   ;   ;      ;    ;10.06.06 ; Борисовский р-н       ; башня 70м                                            ; 54.322336; 28.338014;G
$;V;R  ;MIO; Губичи              ; GUBICHI     ; 116 ; 210 ;123 ;    ; 116 ; 3646 ;123456   ;116; 5210 ;123 ;05.06.06 ; Минский р-н           ; мачта на здании                                      ; 54.090392; 27.775362;G
$;V;R  ;MIO; Борисов             ; BORISOV     ; 113 ; 211 ;123 ;456 ; 113 ; 3734 ;123456789;113; 5211 ;1   ;23.06.15 ; Лядище, Днепровская   ; котельная, труба                                     ; 54.237596; 28.463793;G
$;V;R  ;MIO; Камено              ; KAMENO      ; 116 ; 212 ;123 ;    ;     ;      ;         ;   ;      ;    ;25.08.07 ; Логойский р-н         ; совм.башня МТС                                       ; 54.417674; 28.019065;G
$;V;R  ;MIO; Молодечно           ; MOLODECHNO  ; 115 ; 213 ;123 ;456 ; 115 ; 3618 ;123456   ;115; 5213 ;  3 ;15.09.06 ; Скорины 5             ; поликлиника N1, мачта                                ; 54.300271; 26.851157;G
$;V;R  ;MIO; Молодечно           ; MOLODECHNO  ; 115 ; 214 ;123 ;456 ; 115 ; 3540 ;1234567  ;115; 5214 ;12  ;15.09.06 ; Грамадовского 21      ; ОАО "РемБытТехника", мачта                           ; 54.311518; 26.825658;G
$;V;R  ;MIO; Новое Поле          ; NOVOE POLE  ; 116 ; 215 ;123 ;456 ; 116 ; 3864 ; 23456   ;116; 5215 ;1 3 ;06.04.14 ; Минский р-н           ; общежитие, мачта                                     ; 53.968003; 27.122287;G
$;V;R  ;MIO; Полесье             ; BUDSLAV     ; 115 ; 216 ;123 ;456 ; 115 ; 3970 ;1 34 6   ;115; 5216 ;1 3 ;11.08.08 ; Мядельский р-н        ; спиртзавод, мачта                                    ; 54.794310; 27.446990;G
$;V;R  ;MIO; Холопеничи          ; HOLOPENICHI ; 113 ; 217 ;123 ;    ; 113 ; 3799 ;12       ;   ;      ;    ;04.06.10 ; Крупский р-н          ; Калинина 16, ф-л Борисовский мол.комбинат, мачта     ; 54.514908; 28.954532;G
$;V;R  ;MIO; Логойск             ; LOGOJSK     ; 116 ; 218 ;123 ;456 ; 116 ; 3598 ;123456789;116; 5218 ;123 ;30.09.06 ; Советская 1А          ; универмаг, мачта                                     ; 54.203650; 27.853460;G
$;V;R  ;MIO; Заславль            ; ZASLAVL'    ; 116 ; 219 ;123 ;456 ; 116 ; 3592 ;123456789;116; 5219 ;123 ;08.08.08 ; Студенецкая           ; мачта                                                ; 54.013906; 27.266044;G
$;V;R  ;MIO; Гердутишки          ; ALESYA      ; 115 ; 220 ;1   ;    ;     ;      ;         ;   ;      ;    ;03.01.07 ; Молодечненский р-н    ; дом отдыха "Алеся", мачта                            ; 54.136385; 26.983615;G
$;V;R  ;MIO; Ерхи                ; ERHI        ; 115 ; 221 ;123 ; 56 ; 115 ; 3940 ;    5    ;115; 5221 ; 2  ;03.01.07 ; Вилейский р-н         ; Р58, совм.башня 70м                                  ; 54.566320; 27.209980;G
$;V;R  ;MIO; Королев Стан        ; KOROLEV STAN; 112 ; 222 ;123 ;567 ; 112 ; 3722 ;123456789;112; 5222 ;123 ;16.09.08 ; Минский р-н           ; М2, 19 км, башня 70м                                 ; 53.986577; 27.786316;G
$;V;R  ;MIO; Королев Стан        ;             ; 112 ; 222 ;   4;   8; 112 ; 4722 ;1  2  3  ;112; 5222 ;   4;19.09.17 ; Минский р-н           ; М2, 19 км, башня 70м                                 ; 53.986577; 27.786316;G
$;V;R  ;MIO; ?                   ;             ; 142 ; 223 ; 2  ;    ;     ;      ;         ;   ;      ;    ;08.05.16 ; Несвижский р-н        ; около Альба                                          ;          ;          ;
$;V;R  ;MIO; Паперня             ; PAPERNYA    ; 116 ; 223 ;123 ;456 ; 116 ; 3765 ;123456789;116; 5223 ;123 ;03.01.07 ; Минский р-н           ; Р58, совм.башня 70м                                  ; 54.029393; 27.567296;G
$;V;R  ;MIO; Новоселье           ; NOVOSEL'E   ; 116 ; 224 ;123 ;    ; 116 ; 3656 ; 23456 89;116; 5224 ; 23 ;06.04.14 ; Минский р-н           ; свиноводческий комплекс, мачта                       ; 53.932822; 27.200928;G
$;V;R  ;MIO; Крылово             ; KRYLOVO     ; 116 ; 225 ;123 ;    ; 116 ; 3617 ;12       ;116; 5225 ;12  ;28.04.08 ; Минский р-н           ; СК "Крылово", мачта?                                 ; 53.978990; 27.199920;*
$;V;R  ;MIO; Ковали              ; KOVALI      ; 115 ; 226 ;123 ;    ; 115 ; 3723 ;1 3456  9;115; 5226 ;123 ;03.01.07 ; Вилейский р-н         ; Р58, совм.башня 70м                                  ; 54.472220; 27.265600;G
$;V;R  ;MIO; Луковец             ; LUKOVETS    ; 115 ; 227 ;123 ;456 ; 115 ; 3084 ;1234 6   ;115; 5227 ;  3 ;03.01.07 ; Вилейский р-н         ; Р58, совм.башня 70м                                  ; 54.325690; 27.452010;G
$;V;R  ;MIO; Залесье             ; ZALES'E     ; 115 ; 228 ;123 ;    ;     ;      ;         ;115; 5228 ;12  ;03.01.07 ; Вилейский р-н         ; P58, совм.башня 70м                                  ; 54.386970; 27.348440;G
$;V;R  ;MIO; Моторово            ;             ; 111 ; 229 ;123 ;456 ; 111 ; 3229 ;123456789;111; 5229 ;123 ;03.10.17 ; Пуховичский р-н       ; М5, опорная мачта                                    ; 53.736034; 27.854682;G
$;V;R  ;MIO; Минск (Озерцо)      ; MINSK       ; 103 ; 230 ;123 ;456 ; 103 ;  563 ;123456789;103; 5230 ;123 ;16.09.07 ; Меньковский тракт 2   ; ТМ Кольцо,столб на торговой площадке                 ; 53.855510; 27.419920;G
$;V;R  ;MIO; Засулье?            ; ZASUL'E     ; 111 ; 230 ;123 ;456 ; 111 ; 3820 ;12 45 78 ;111; 5230 ;12  ;22.06.08 ; Столбцовский р-н      ; М1, башня 70м (чья?)                                 ; 53.553830; 26.881180;G*w
$;V;R  ;MIO; Дашки               ; DASHKI      ; 116 ; 231 ;123 ;    ; 116 ; 3121 ;12 45    ;116; 5231 ;12  ;03.01.07 ; Логойский р-н         ; Р58, совм.башня 70м                                  ; 54.245850; 27.480500;G
$;V;R  ;MIO; Княгинин            ; KNIAGININ   ; 115 ; 232 ;123 ;    ;     ;      ;         ;115; 5232 ;123 ;03.01.07 ; Мядельский р-н        ; совм.башня 70м                                       ; 54.695770; 27.165750;G
$;V;R  ;MIO; Кулеши              ; KULESHI     ; 115 ; 233 ;123 ;    ;     ;      ;         ;115; 5233 ;1   ;03.01.07 ; Вилейский р-н         ; P58, совм.башня 70м                                  ; 54.609790; 27.166630;G
$;V;R  ;MIO; Мацки               ; MACKI       ; 115 ; 234 ;123 ;    ;     ;      ;         ;115; 5234 ; 2  ;03.01.07 ; Мядельский р-н        ; P58, совм.башня 70м                                  ; 54.769820; 27.086210;G
$;V;R  ;MIO; Шиковичи            ; SHIKOVICHI  ; 115 ; 235 ;123 ;    ;     ;      ;         ;   ;      ;    ;03.01.07 ; Мядельский р-н        ; P58, совм.башня 70м                                  ; 54.836810; 26.941960;G
$;V;R  ;MIO; Марьина Горка       ;MAR'INA GORKA; 111 ; 236 ;123 ;456 ; 111 ; 3573 ;123456789;111; 5236 ;1 3 ;07.01.07 ; Пуховичский р-н       ; Чапаева 15, Машпищепрод, мачта                       ; 53.514606; 28.128691;G
$;V;R  ;MIO; Любушаны            ;             ; 112 ; 237 ; 23 ;    ;     ;      ;         ;   ;      ;    ;16.05.15 ; Березинский р-н       ; опорная мачта                                        ; 53.803171; 29.235312;G
$;V;R  ;MIO; Лесной              ; LESNOJ      ; 116 ; 238 ;123 ;456 ; 116 ; 3564 ;123456789;116; 5238 ;123 ;21.12.06 ; Минский р-н           ; дом N31, кафедра БелМАПО, мачта                      ; 54.0042  ; 27.6948;G
$;V;R  ;MIO; Курганье            ; KURGAN'E    ; 112 ; 239 ;123 ; 56 ; 112 ; 3855 ;123  6   ;112; 5239 ;  3 ;04.06.07 ; Смолевичский р-н      ; совм.башня 70м                                       ; 53.937129; 28.361814;G
$;V;R  ;MIO; Семеновичи?         ; SEMENOVICHI ; 142 ; 240 ;123 ;    ;     ;      ;         ;   ;      ;    ;04.02.07 ; Узденский р-н         ; опорная мачта? (чья?)                                ; 53.431030; 27.126460;G*w
$;V;R  ;MIO; Тесновая            ; TESNOVAYA   ; 111 ; 241 ;123 ;    ;     ;      ;         ;   ;      ;    ;15.06.08 ; Столбцовский р-н      ; башня МТС 70м                                        ; 53.815510; 26.670730;G
$;V;R  ;MIO; Липки               ; LIPKI       ; 113 ; 242 ;123 ;    ; 113 ; 3871 ;123456   ;113; 5242 ;123 ;20.02.07 ; Борисовский р-н       ; совм.башня 70м                                       ; 54.265724; 28.655014;G
$;V;R  ;MIO; Лошница             ; LOSHNIСA    ; 113 ; 243 ;123 ;456 ; 113 ; 3643 ;12345678 ;113; 5243 ;123 ;19.06.07 ; Борисовский р-н       ; башня МТС 70м                                        ; 54.278712; 28.780485;G
$;V;R  ;MIO; Бобр                ; BOBR        ; 113 ; 244 ;123 ;    ; 113 ; 3574 ;123456   ;113; 5244 ;1 3 ;29.04.07 ; Крупский р-н          ; совм.башня 70м около ж/д станции                     ; 54.318038; 29.260885;G
$;V;R  ;MIO; Великая Гуменовщина ;GUMENOVSCHINA; 111 ; 245 ;123 ;    ;     ;      ;         ;   ;      ;    ;15.06.08 ; Столбцовский р-н      ; P54, совм.башня 70м                                  ; 53.644477; 26.695127;G
$;V;R  ;MIO; Солигорск?          ; SOLIGORSK   ; 117 ; 246 ;123 ;45  ; 117 ; 3545 ;123456   ;   ;      ;    ;30.10.07 ; ???                   ; в районе ж/д станции "Калий-1"                       ; 52.826590; 27.588580;*
$;V;R  ;MIO; Борисов             ; BORISOV     ; 113 ; 247 ;123 ;456 ; 113 ; 3743 ;123456   ;113; 5247 ;1   ;25.03.09 ; Революции пр. 17      ; ресторан Березина, столб                             ; 54.221207; 28.521878;G
$;V;R  ;MIO; Лещатка             ; PERSHAI     ; 111 ; 248 ;123 ;456 ; 111 ; 3899 ;12345678 ;111; 5248 ;123 ;21.06.07 ; Воложинский р-н       ; М6, совм.башня 70м                                   ; 54.043283; 26.654452;G
$;V;R  ;MIO; Черницкий           ; CHERNICKIJ  ; 112 ; 249 ;123 ;456 ; 112 ; 3776 ;123456  9;112; 5249 ;1 3 ;20.02.07 ; Смолевичский р-н      ; М1, башня 70м                                        ; 54.005040; 28.241857;G
$;V;R  ;MIO; Зеленый Бор         ; ZELENIY BOR ; 113 ; 250 ;123 ;456 ; 113 ; 3805 ;  34 6   ;113; 5250 ;1 3 ;20.07.07 ; Смолевичский р-н      ; мачта                                                ; 54.008213; 28.478019;G
$;V;R  ;MIO; Большая Ухолода     ;BOL'SHAYA UHOLODA;113;251;123 ;456 ; 113 ; 3937 ;123456   ;113; 5251 ;1 3 ;20.07.07 ; Борисовский р-н       ; М1, 441км, башня МТС 70м                             ; 54.207286; 28.612760;G
$;V;R  ;MIO; Верески             ; VERESKI     ; 113 ; 252 ;123 ;    ; 113 ; 3938 ;123  6   ;   ;      ;    ;11.07.07 ; Борисовский р-н       ; М1, 431км, башня МТС 70м                             ; 54.131484; 28.503666;G
$;V;R  ;MIO; Минск               ;             ; 104 ; 253 ;    ;456 ; 104 ; 3253 ;12 456   ;   ;      ;    ;07.08.18 ; 28й км МКАД           ; ТЦ DiaMond city, внутри                              ; 53.849680; 27.433622;G
$;V;R  ;MIO; Минск               ;             ; 104 ; 253 ;    ;   8; 104 ; 4253 ;1        ;   ;      ;    ;07.08.18 ; 28й км МКАД           ; ТЦ DiaMond city, внутри                              ; 53.849680; 27.433622;G
$;V;R  ;MIO; Жодино              ; ZHODINO     ; 113 ; 254 ;123 ;456 ; 113 ; 3550 ;123456789;113; 5254 ;123 ;27.02.07 ; 50 лет Октября 17     ; городская поликлиника, мачта                         ; 54.093342; 28.306805;G
$;V;R  ;MIO; Плавущее Галое      ;PLAVUSCHEE GALOE;113;255 ;123 ;456 ; 113 ; 3935 ;1234 6  9;113; 5255 ;123 ;19.06.07 ; Крупский р-н          ; М1, башня 70м                                        ; 54.293420; 28.929537;G
$;V;R  ;MIO; Будслав             ; BUDSLAV     ; 115 ; 256 ;123 ;    ;     ;      ;         ;115; 5256 ;1 3 ;07.08.07 ; Мядельский р-н        ; башня МТС 70м                                        ; 54.787980; 27.407560;G
$;V;R  ;MIO; Талька              ; TAL'KA      ; 111 ; 257 ;123 ;456 ; 111 ; 3900 ;123456789;111; 5257 ;123 ;26.03.07 ; Пуховичский р-н       ; совм.башня 70м                                       ; 53.377886; 28.337421;G
$;V;R  ;MIO; Пуховичи            ; PUHOVICHI   ; 111 ; 258 ;123 ;456 ; 111 ; 3773 ; 23 56 89;111; 5258 ; 23 ;17.04.07 ; Октябрьская           ; М5, башня 70м                                        ; 53.543430; 28.250600;G
$;V;R  ;MIO; Руденск             ; RUDENSK     ; 111 ; 260 ;123 ;456 ; 111 ; 3582 ;1234567 9;111; 5260 ;1 3 ;02.05.08 ; Пуховичский р-н       ; Железнодорожная 21, РУПС, мачта                      ; 53.595910; 27.859830;G
$;V;R  ;MIO; Зазерка (Распутье)  ; ZAZERKA     ; 111 ; 261 ;123 ;456 ; 111 ; 3593 ;1234567 9;111; 5261 ;123 ;08.08.07 ; Пуховичский р-н       ; башня 70м                                            ; 53.646998; 27.765787;G
$;V;R  ;MIO; Зазерка (Распутье)  ; ZAZERKA     ; 111 ; 261 ;   7;    ; 111 ; 1593 ;1  4  7  ;111; 5261 ;   4;08.08.07 ; Пуховичский р-н       ; башня 70м                                            ; 53.646998; 27.765787;G
$;V;R  ;MIO; Жодино              ; ZHODINO     ; 113 ; 262 ;123 ;456 ; 113 ; 3551 ;123456789;113; 5262 ; 2  ;05.04.15 ; Рокоссовского         ; автостоянка, опорная мачта                           ; 54.097100; 28.286521;G
$;V;R  ;MIO; Жодино              ;             ;     ; 262 ;    ;    ; 113 ; 4551 ;1  4     ;   ;      ;    ;12.08.18 ; Рокоссовского         ; автостоянка, опорная мачта                           ; 54.097100; 28.286521;G
$;V;R  ;MIO; Вежи                ;             ; 144 ; 263 ;123 ;    ;     ;      ;         ;   ;      ;    ;08.05.07 ; Слуцкий р-н           ; Р23, башня 70м                                       ; 53.250160; 27.583930;G*
$;V;R  ;MIO; Константиново       ;KONSTANTINOVO; 115 ; 264 ;123 ;    ;     ;      ;         ;115; 5264 ;123 ;28.10.07 ; Мядельский р-н        ; Р45, 169 км, башня МТС 70м                           ; 54.921652; 26.464561;G
$;V;R  ;MIO; Гоцк?               ; GOCK        ; 144 ; 265 ;123 ;    ;     ;      ;         ;   ;      ;    ;06.04.08 ; Солигорский р-н       ; башня 70м? (чья?)                                    ; 52.518844; 27.156333;G*w
$;V;R  ;MIO; Чепели              ; SOLIGORSK   ; 117 ; 267 ;123 ;    ; 117 ; 3882 ;1234567  ;   ;      ;    ;17.06.07 ; Солигорский р-н       ; Р23 121 км, 2-е рудоуправление, триподы              ; 52.855689; 27.469760;G
$;V;R  ;MIO; Паськовы Горки      ;PAS'KOVY GORKI;117 ; 268 ;123 ;4   ; 117 ; 3924 ;123  6   ;117; 5268 ;1 34;06.04.08 ; Стародорожский р-н    ; Р43, совм.башня 70м                                  ; 53.050969; 28.031762;G
$;V;R  ;MIO; Солигорск           ; SOLIGORSK   ; 117 ; 269 ;123 ;456 ; 117 ; 3663 ; 2 4  789;   ;      ;    ;07.12.07 ; Ленина 21             ; мачта                                                ; 52.787070; 27.541590;G
$;V;R  ;MIO; Боровая             ; MINSK       ; 108 ; 270 ;123 ;567 ; 108 ; 3270 ;123456789;108; 5270 ;123 ;06.07.08 ; Боровая 7             ; АЗС А-100, мачта                                     ; 53.964825; 27.644160;G
$;V;R  ;MIO; Боровая             ; MINSK       ; 108 ; 270 ;   4;   8; 108 ; 1270 ;1  4  7  ;108; 5270 ;   4;06.07.08 ; Боровая 7             ; АЗС А-100, мачта                                     ; 53.964825; 27.644160;G
$;V;R  ;MIO; Шищицы              ; SHISHCHICY  ; 144 ; 270 ;1234;    ; 144 ; 3943 ;12       ;   ;      ;    ;07.12.07 ; Слуцкий р-н           ; РТПС                                                 ; 53.226430; 27.542410;G
$;V;R  ;MIO; Слуцк               ; SLUCK       ; 117 ; 271 ;123 ;456 ; 117 ; 3560 ;123456789;   ;      ;    ;07.12.07 ; Молодежная 3          ; училище перерабатывающей промышленности, мачта       ; 53.004778; 27.520333;G*
$;V;R  ;MIO; Слуцк               ; SLUCK       ; 117 ; 272 ;123 ;456 ; 117 ; 3555 ;1234567  ;   ;      ;    ;07.12.07 ; Чехова 55             ; общежитие завода "Калибр", мачта                     ; 53.042992; 27.560577;G
$;V;R  ;MIO; Слуцк               ; SLUCK       ; 117 ; 273 ;123 ;456 ; 117 ; 3559 ;123456 89;   ;      ;    ;15.09.08 ; Гагарина 3            ; ДОСААФ, мачта                                        ; 53.038400; 27.590303;G*
$;V;R  ;MIO; Притерпа            ; PRITERPA    ; 112 ; 274 ;123 ;    ;     ;      ;         ;112; 5274 ;123 ;06.05.15 ; Березинский р-н       ; совм.башня 70м                                       ; 53.538803; 28.948610;G
$;V;R  ;MIO; Положевичи          ; POLOZHEVICHI; 144 ; 275 ;123 ;    ;     ;      ;         ;   ;      ;    ;12.12.07 ; Стародорожский р-н    ; совм.башня 70м                                       ; 52.926650; 28.434237;G
$;V;R  ;MIO; Озерцо              ; MINSK       ; 103 ; 276 ;123 ;456 ; 103 ; 3276 ;123456789;103; 5276 ; 23 ;19.06.08 ; Минский р-н           ; ДСУ-40, мачта                                        ; 53.846530; 27.417800;G
$;V;R  ;MIO; Дроздово            ; DROZDOVO    ; 116 ; 276 ;123 ;456 ; 116 ; 3529 ;123456789;116; 5276 ;123 ;27.04.09 ; Минский р-н           ; опорная мачта около кладбища                         ; 53.993157; 27.610282;G
$;V;R  ;MIO; Васильково          ; VASIL'KOVO  ; 117 ; 277 ;123 ;    ; 117 ; 3971 ;123456   ;117; 5277 ;1   ;07.12.07 ; Слуцкий р-н           ; совм.башня 70м                                       ; 53.075130; 27.786550;G
$;V;R  ;MIO; Острово             ; OSTROVO     ; 113 ; 278 ;123 ;    ;     ;      ;         ;   ;      ;    ;26.06.07 ; Крупский р-н          ; совм.башня 70м                                       ; 54.417494; 29.086862;G
$;V;R  ;MIO; Боровая             ; MINSK       ; 108 ; 279 ;123 ;456 ; 108 ; 3279 ;123456789;108; 5279 ;123 ;21.09.08 ; Боровая 2             ; Атлант-М, автосалон Ford, трубостойки                ; 53.961950; 27.629953;G
$;V;R  ;MIO; Гатово              ; GATOVO      ; 112 ; 279 ;123 ;456 ; 112 ; 3688 ;123456789;112; 5279 ;123 ;06.05.07 ; Минский р-н           ; опорная мачта                                        ; 53.782564; 27.659188;G
$;V;R  ;MIO; Ждановичи           ; KRINICA     ; 102 ; 280 ;123 ;456 ; 102 ; 3675 ;123456789;102; 5280 ;123 ;25.10.08 ; Минский р-н           ; Парковая 7, опорная мачта                            ; 53.955317; 27.427962;G
$;V;R  ;MIO; Лебедево            ; LEBEDEVO    ; 115 ; 281 ;123 ;    ; 115 ; 3932 ;1 3      ;   ;      ;    ;08.08.08 ; Молодечненский р-н    ; Дом Культуры, мачта                                  ; 54.313280; 26.705260;G*
$;V;R  ;MIO; в/г Околица         ; OKOLICA     ; 116 ; 282 ;123 ;456 ; 116 ; 3695 ;123456   ;116; 5282 ;12  ;06.07.08 ; Минский р-н           ; общежитие, мачта                                     ; 54.038501; 27.781023;G
$;V;R  ;MIO; Жодино              ; ZHODINO     ; 113 ; 283 ;123 ;456 ; 113 ; 3552 ;123456789;113; 5283 ; 234;05.06.07 ; Сухогрядская 9        ; район ПО "Свитанок", Стройкомплекс                   ; 54.088606; 28.296210;G
$;V;R  ;MIO; Правдинский         ; PRAVDINSKIJ ; 111 ; 284 ;123 ;4   ; 111 ; 3804 ;12 4     ;111; 5284 ;1   ;08.08.07 ; Пуховичский р-н       ; мачта                                                ; 53.527512; 27.821432;G
$;V;R  ;MIO; Правда?             ;             ; 112 ; 284 ;123 ;    ;     ;      ;         ;   ;      ;    ;09.05.17 ; Червенский р-н ; .3 - надуло на Р59, башня МТС 70м? *питон* .12 - из Червеня?; 53.822890; 28.400300;G*
$;V;R  ;MIO; Лозовый Куст        ; LOZOVYJ KUST; 112 ; 285 ;123 ;456 ; 112 ; 3570 ;123456789;112; 5285 ;123 ;20.09.08 ; Смолевичский р-н      ; М1, совм.башня 70м                                   ; 53.857128; 27.937682;G
$;V;R  ;MIO; Дудутки             ; DUDUTKI     ; 111 ; 286 ;12  ;45  ; 111 ; 3944 ;12 45    ;   ;      ;    ;10.12.08 ; Пуховичский р-н       ; агрогородок Птичь, столб                             ; 53.596639; 27.685411;G
$;V;R  ;MIO; Хотюхово            ; HOTYUHOVO   ; 113 ; 287 ;123 ;    ;     ;      ;         ;113; 5287 ; 2  ;30.08.08 ; Крупский р-н          ; совм.башня 70м                                       ; 54.409159; 28.870948;G
$;V;R  ;MIO; Домаши              ; DOMASHI     ; 116 ; 288 ;123 ;456 ; 116 ; 3720 ;123456   ;116; 5288 ; 23 ;06.07.08 ; Логойский р-н         ; совм.башня 70м                                       ; 54.231320; 27.647850;G
$;V;R  ;MIO; Приморье            ; PRIMOR"E    ; 116 ; 289 ;12  ;45  ; 116 ; 3135 ;12 45 78 ;116; 5135 ;12  ;04.07.16 ; Минский р-н           ; санаторий-профилакторий БНТУ, трипод                 ; 53.991810; 27.463050;G
$;V;R  ;MIO; Малая Воловщина     ; ZASLAVL'    ; 116 ; 291 ;123 ;456 ; 116 ; 3590 ;123456  9;116; 5291 ;123 ;23.09.07 ; Минский р-н           ; башня бел. ж/д                                       ; 53.972680; 27.257740;G
$;V;R  ;MIO; Богданово           ; KURENETS    ; 115 ; 292 ;123 ;    ; 115 ; 3718 ;12346    ;115; 5292 ;123 ;13.08.07 ; Вилейский р-н         ; Р29, совм. башня                                     ; 54.564204; 27.028385;G
$;V;R  ;MIO; Мостище             ; MOSTISCHE   ; 112 ; 293 ;123 ;    ; 112 ; 3755 ;123456   ;112; 5293 ;123 ;19.08.07 ; Смолевичский р-н      ; совм.башня 70м                                       ; 53.947641; 28.003052;G
$;V;R  ;MIO; Упиревичи           ; UPIREVICHI  ; 113 ; 294 ;1237;456 ; 113 ; 3761 ; 23 56  9;113; 5294 ;1 34;19.08.07 ; Борисовский р-н       ; совм.башня 70м                                       ; 54.148458; 28.433288;G
$;V;R  ;MIO; Писаревщина         ;PISAREVSCHINA; 115 ; 295 ;123 ;    ; 115 ; 3933 ;1 34 6  9;115; 5295 ;1 3 ;23.07.07 ; Молодечненский р-н    ; Р28, башня МТС 70м                                   ; 54.259772; 27.007227;G
$;V;R  ;MIO; Молодечно           ; MOLODECHNO  ; 115 ; 296 ;123 ;456 ; 115 ; 3647 ;1234 67  ;115; 5296 ;1 3 ;30.09.07 ; Волынца 12А           ; Кож-вен диспансер, мачта                             ; 54.309828; 26.840551;G
$;V;R  ;MIO; Аксаковщина         ;AKSAKOVSCHINA; 116 ; 297 ;123 ;456 ; 116 ; 3561 ;123456789;116; 5297 ;123 ;29.09.07 ; Минский р-н           ; РКБ медицинской реабилитации, мачта                  ; 53.952500; 27.100638;G
$;V;R  ;MIO; Борисов             ; BORISOV     ; 113 ; 298 ;123 ;456 ; 113 ; 3509 ;12345 78 ;113; 5298 ;12  ;11.11.07 ; Мелиоративная 5       ; ОАО "ПМК-16-АГРО", опорная мачта 40м                 ; 54.250318; 28.538586;G
$;V;R  ;MIO; Борисов             ; BORISOV     ; 113 ; 299 ;123 ;456 ; 113 ; 3510 ;123456   ;   ;      ;    ;02.12.07 ; П.Рака 46             ; трипод                                               ; 54.216259; 28.509422;G
$;V;R  ;MIO; Минск (Липки)       ; MINSK       ; 106 ; 299 ;123 ;456 ; 106 ; 3637 ;123 56789;106; 5637 ;123 ;11.05.07 ; Липковская 12         ; аэродром МЧС, труба                                  ; 53.916519; 27.705474;Y
$;V;R  ;MIO; Задомля             ; ZADOMLYA    ; 112 ; 300 ;123 ;456 ; 112 ; 3530 ;123456  9;112; 5300 ; 23 ;26.09.07 ; Смолевичский р-н      ; совм.башня 70м                                       ; 54.047900; 27.886605;G
$;V;R  ;MIO; Борисов             ; BORISOV     ; 113 ; 301 ;123 ;456 ; 113 ; 3511 ; 23 56 89;113; 5301 ;123 ;02.12.07 ; Заводская 45          ; Борисовский ДОК, труба                               ; 54.214615; 28.544800;G
$;V;R  ;MIO; Груздово            ; POLOCHANY   ; 115 ; 302 ;123 ;    ; 115 ; 3842 ; 23  6   ;   ;      ;    ;28.10.07 ; Молодечненский р-н    ; опорная мачта                                        ; 54.237127; 26.775256;G
$;V;R  ;MIO; Красный Дар         ; KRASNYJ DAR ; 112 ; 303 ;123 ;    ;     ;      ;         ;   ;      ;    ;14.12.08 ; Червенский р-н        ; совм.башня 70м                                       ; 53.852432; 28.668222;G
$;V;R  ;MIO; Дудинка             ; DUDINKA     ; 113 ; 304 ;123 ;    ;     ;      ;         ;   ;      ;    ;04.06.10 ; Крупский р-н          ; совм.башня 70м                                       ; 54.597394; 28.907015;G
$;V;R  ;MIO; Дявги               ; DYAVGI      ; 111 ; 305 ;123 ;    ;     ;      ;         ;   ;      ;    ;15.06.08 ; Столбцовский р-н      ; совм.башня 70м                                       ; 53.741400; 26.829740;G
$;V;R  ;MIO; Рочевичи            ; ROCHEVICHI  ; 142 ; 306 ;123 ;    ;     ;      ;         ;   ;      ;    ;15.06.08 ; Столбцовский р-н      ; Молодежная 4А, мачта                                 ; 53.821724; 26.835802;G
$;V;R  ;MIO; Граничи             ; GRANICHI    ; 115 ; 307 ;123 ;    ; 115 ; 3650 ;123      ;115; 5307 ;  3 ;09.11.07 ; Молодечненский р-н    ; опорная мачта                                        ; 54.214225; 27.200649;G
$;V;R  ;MIO; Молодечно           ; MOLODECHNO  ; 115 ; 308 ;123 ;456 ; 115 ; 3594 ;1234     ;115; 5308 ; 2  ;02.12.07 ; Виленская 201Б        ; ОДО "Регионснаб", столб                              ; 54.315880; 26.869550;
$;V;R  ;MIO; Узнога              ; MOROCH      ; 117 ; 309 ;123 ;    ;     ;      ;         ;   ;      ;    ;04.06.07 ; Клецкий р-н           ; совм.башня 70м                                       ; 52.904610; 26.856340;G
$;V;R  ;MIO; Кремец              ; PADERICHI   ; 111 ; 310 ;123 ;4 6 ; 111 ; 3726 ; 23  6   ;111; 5310 ;1 3 ;23.11.07 ; Столбцовский р-н      ; совм.башня 70м                                       ; 53.364243; 26.737946;G
$;V;R  ;MIO; Русовщина           ; RUSOVSCHINA ; 117 ; 311 ;123 ;    ;     ;      ;         ;117; 5311 ;  3 ;17.08.08 ; Клецкий р-н           ; совм.башня 70м                                       ; 53.045670; 26.492170;G
$;V;R  ;MIO; Рачкевичи           ; TIMKOVICHI  ; 117 ; 312 ;123 ;    ; 117 ; 3704 ;123456   ;117; 5312 ; 2  ;26.06.07 ; Копыльский р-н        ; совм.башня 70м                                       ; 53.054363; 27.028666;G
$;V;R  ;MIO; Жиличи              ; ZHILICHI    ; 117 ; 313 ;123 ;4 6 ; 117 ; 3993 ;123456   ;117; 5313 ;1 3 ;17.08.08 ; Клецкий р-н           ; совм.башня 70м                                       ; 53.131810; 26.474340;G
$;V;R  ;MIO; Филиповичи?         ; FILIPOVICHI ; 117 ; 314 ;123 ;4   ; 117 ; 3994 ;1  4 6   ;   ;      ;    ;13.10.06 ; Копыльский р-н        ; башня 70м (чья?)                                     ; 52.979200; 26.917310;G*w
$;V;R  ;MIO; Лядно               ; LIADNO      ; 117 ; 315 ;123 ;    ; 117 ; 3977 ;1234 6   ;117; 5315 ;  3 ;17.08.08 ; Слуцкий р-н           ; совм.башня 70м                                       ; 52.992800; 27.230260;G
$;V;R  ;MIO; Синявка             ; SINYAVKA    ; 117 ; 316 ;123 ;    ;     ;      ;         ;   ;      ;    ;03.02.08 ; Клецкий р-н           ; совм.башня 70м                                       ; 52.961630; 26.482974;G
$;V;R  ;MIO; Грицевичи           ; MERVINY     ; 117 ; 317 ;123 ;    ; 117 ; 3083 ;1  4 6   ;   ;      ;    ;26.06.07 ; Клецкий р-н           ; совм.башня 70м                                       ; 52.976690; 26.717710;G
$;V;R  ;MIO; Гореничи            ; KOSOVKA     ; 112 ; 318 ;123 ;    ;     ;      ;         ;112; 5318 ; 23 ;10.12.08 ; Березинский р-н       ; совм.башня 70м                                       ; 53.788340; 28.996890;G
$;V;R  ;MIO; Нарейки             ; NAREJKI     ; 116 ; 319 ;123 ;456 ; 116 ; 3768 ;12 4567  ;116; 5319 ;123 ;25.11.07 ; Дзержинский р-н       ; конюшни ФХ "АВ Спортивные Лошади", башня 70м         ; 53.858570; 27.116550;G
$;V;R  ;MIO; Кимия               ; ZEMBIN      ; 113 ; 320 ;123 ;    ; 113 ; 3982 ;123      ;   ;      ;    ;24.08.08 ; Борисовский р-н       ; совм.башня 70м                                       ; 54.395538; 28.259696;G
$;V;R  ;MIO; Калюжки             ; BUDAGOVO    ; 113 ; 321 ;123 ;456 ; 113 ; 3681 ; 23  6   ;   ;      ;    ;08.01.08 ; Смолевичский р-н      ; совм.башня 70м                                       ; 54.114902; 28.246663;G
$;V;R  ;MIO; Жодино              ; ZHODINO     ; 113 ; 322 ;123 ;4568; 113 ; 3553 ;1234567 9;113; 5322 ;1 3 ;02.12.07 ; Советская 47          ; магазин Евроопт, мачта                               ; 54.110867; 28.362463;G
$;V;R  ;MIO; Костевичи           ; BOROVOE     ; 111 ; 323 ;123 ;    ; 111 ; 3753 ;1234567  ;111; 5323 ;123 ;03.02.08 ; Дзержинский р-н       ; совм.башня 70м                                       ; 53.705100; 27.046570;G
$;V;R  ;MIO; Шацк                ; LEONOVICHI  ; 111 ; 324 ;123 ;    ; 111 ; 3869 ;123      ;   ;      ;    ;12.09.08 ; Пуховичский р-н       ; совм.башня 70м                                       ; 53.436880; 27.703092;G
$;V;R  ;MIO; Снов?               ; SNOV        ; 111 ; 325 ;123 ;456 ; 111 ; 3699 ;123456  9;111; 5325 ;123 ;17.08.08 ; Несвижский р-н        ; Дом Культуры? мачта? *питон*                         ; 53.222232; 26.400831;*
$;V;R  ;MIO; Городея             ; GORODEYA    ; 111 ; 326 ;123 ;456 ; 111 ; 3689 ;123456789;111; 5326 ;123 ;17.08.08 ; Несвижский р-н        ; Заводская 2, сахарный з-д, труба                     ; 53.309170; 26.514480;G
$;V;R  ;MIO; Прилуки             ; PRILUKI     ; 112 ; 327 ;123 ;456 ; 112 ; 3521 ;123456789;112; 5327 ;123 ;09.06.08 ; Минский р-н           ; башня 70м                                            ; 53.787672; 27.439372;G
$;V;R  ;MIO; Фаниполь            ; FANIPOL'    ; 112 ; 328 ;123 ;456 ; 112 ; 3627 ;123456789;112; 5328 ;123 ;09.06.08 ; Я.Купалы 3            ; мачта                                                ; 53.751033; 27.332717;G
$;V;R  ;MIO; Заславль            ; ZASLAVL'    ; 116 ; 329 ;123 ;456 ; 116 ; 3673 ;123456789;116; 5329 ;123 ;08.08.08 ; Дзержинская 26        ; технологическая башня                                ; 53.994473; 27.267903;G
$;V;R  ;MIO; Огородники          ; OGORODNIKI  ; 111 ; 330 ;123 ;    ;     ;      ;         ;   ;      ;    ;15.06.08 ; Столбцовский р-н      ; совм.башня 70м                                       ; 53.708829; 26.548409;G
$;V;R  ;MIO; Борисов             ; BORISOV     ; 113 ; 331 ;123 ;456 ; 113 ; 3735 ;123456789;113; 5331 ; 2  ;08.01.08 ; Трусова 43            ; аптека N16, мачта                                    ; 54.202490; 28.472620;G
$;V;R  ;MIO; Колки               ; KOLKI       ; 113 ; 332 ;123 ; 5  ;     ;      ;         ;   ;      ;    ;09.02.08 ; Борисовский р-н       ; совм.башня 70м                                       ; 54.131668; 28.845074;G
$;V;R  ;MIO; Корень              ; KOREN'      ; 116 ; 333 ;123 ; 56 ; 116 ; 3001 ;12  5    ;116; 5333 ;1   ;13.04.10 ; Логойский р-н         ; совм.башня 70м                                       ; 54.337215; 27.719251;G
$;V;R  ;MIO; Иваново             ; IVANOVO     ; 111 ; 334 ;123 ;    ; 111 ; 3719 ; 23 5    ;111; 5334 ;  3 ;01.02.08 ; Несвижский р-н        ; совм.башня?                                          ; 53.133390; 26.712920;G*
$;V;R  ;MIO; Червень             ; CHERVEN'    ; 112 ; 335 ;123 ;456 ; 112 ; 3684 ;1234  7 9;112; 5335 ;1   ;10.12.08 ; Барыкина 60           ; ЦРБ, мачта                                           ; 53.703988; 28.412769;G
$;V;R  ;MIO; Матевичи            ; KOLBCHA     ; 112 ; 336 ;123 ;    ;     ;      ;         ;   ;      ;    ;14.12.08 ; Березинский р-н       ; совм.башня 70м                                       ; 53.693028; 29.231486;G
$;V;R  ;MIO; Корабли             ; PUGACHI     ; 111 ; 337 ;123 ;    ; 111 ; 3975 ; 23 5  8 ;111; 5337 ; 2  ;23.03.08 ; Воложинский р-н       ; совм.башня 70м                                       ; 54.093460; 26.954490;G
$;V;R  ;MIO; Проньки             ; PRON'KI     ; 115 ; 338 ;123 ;456 ; 115 ; 3696 ;123 567 9;115; 5338 ;1 3 ;10.12.08 ; Мядельский р-н        ; НДОЛ "Зубрёнок", мачта                               ; 54.832710; 26.711020;G
$;V;R  ;MIO; Галица              ; GALICA      ; 116 ; 339 ;1234;5678; 116 ;  290 ;1234567  ;116; 5339 ;1234;01.02.08 ; Минский р-н           ; совм.башня 70м                                       ; 54.088890; 27.653299;G
$;V;R  ;MIO; Жодино              ; ZHODINO     ; 113 ; 340 ;123 ;456 ; 113 ; 3554 ;123456789;   ;      ;    ;10.12.08 ; 50 Лет Октября        ; ун-м "Центральный", трипод                           ; 54.096712; 28.304479;G
$;V;R  ;MIO; Булынки             ; BULYNKI     ; 111 ; 341 ;123 ;456 ; 111 ; 3616 ;123456789;111; 5341 ;123 ;09.06.08 ; Дзержинский р-н       ; М1, башня 70м                                        ; 53.693581; 27.351163;G
$;V;R  ;MIO; Марьяливо           ;             ; 116 ; 342 ;12  ;45  ; 116 ; 3342 ;12 45 78 ;116; 5342 ;12  ;07.11.17 ; Минский р-н           ; Дорожная  27А, столб МТС                             ; 54.036733; 27.690978;G
$;V;R  ;MIO; Довборово           ; DOVBOROVO   ; 116 ; 343 ;123 ;    ;     ;      ;         ;116; 5343 ;  3 ;02.06.08 ; Минский р-н           ; башня 70м                                            ; 54.217855; 27.377753;G
$;V;R  ;MIO; Вязынь              ; VJAZYN'     ; 142 ; 344 ;123 ;    ;     ;      ;         ;   ;      ;    ;02.06.08 ; Вилейский р-н         ; мачта на офисной многоэтажке                         ; 54.425813; 27.161131;*
$;V;R  ;MIO; Мацки               ; MACKI       ; 116 ; 345 ;123 ;456 ; 116 ; 3754 ;123 56  9;116; 5345 ;123 ;09.06.08 ; Минский р-н           ; Р58, совм.башня 70м                                  ; 54.127071; 27.531135;G
$;V;R  ;MIO; Борисов             ; BORISOV     ; 113 ; 346 ;123 ;456 ; 113 ; 3748 ;1234567 9;   ;      ;    ;10.12.08 ; Строителей            ; РТПС                                                 ; 54.206178; 28.488525;G
$;V;R  ;MIO; Кисели              ; KISELI      ; 116 ; 347 ;123 ;456 ; 116 ; 3802 ;123456789;116; 5347 ;123 ;06.07.08 ; Минский р-н           ; Р28, башня 70м                                       ; 54.104670; 27.248105;G
$;V;R  ;MIO; Лебединец           ; LEBEDINEC   ; 112 ; 348 ;123 ;456 ; 112 ; 3642 ;12345678 ;112; 5348 ;123 ;29.06.08 ; Минский р-н           ; М5, башня 70м                                        ; 53.768327; 27.805937;G
$;V;R  ;MIO; Соломоречье         ; SOLOMORECH'E; 116 ; 349 ;123 ;456 ; 116 ; 3625 ;123456   ;116; 5349 ;123 ;25.08.08 ; Минский р-н           ; башня 70м                                            ; 54.0752  ; 27.4689  ;G*
$;V;R  ;MIO; Тресковщина         ;TRESKOVSCHINA; 116 ; 350 ;123 ;    ; 116 ; 3771 ;1234567  ;116; 5350 ;123 ;01.08.08 ; Минский р-н           ; башня 70м                                            ; 53.901177; 27.086240;G
$;V;R  ;MIO; Еськовичи           ; ES'KOVICHI  ; 111 ; 351 ;1234; 567; 111 ; 3621 ;123456   ;111; 5351 ;1234;29.06.08 ; Минский р-н           ; Крупицкий сельсовет, башня 70м,                      ; 53.657198; 27.612576;G
$;V;R  ;MIO; Борисов?            ; BORISOV     ; 113 ; 351 ;123 ;456 ;     ;      ;         ;   ;      ;    ;30.05.09 ; ???                   ; ???                                                  ;          ;          ;
$;V;R  ;MIO; Острошицкий Городок ;             ; 116 ; 352 ;1   ;    ;     ;      ;         ;   ;      ;    ;14.11.15 ; Минский р-н           ; детский санаторий                                    ; 54.075415; 27.680402;*
$;V;R  ;MIO; Семеньковичи        ;SEMEN'KOVICHI; 113 ; 353 ;123 ;    ; 113 ; 3026 ;123456   ;   ;      ;    ;06.07.08 ; Борисовский р-н       ; P67, совм.башня 70м                                  ; 54.080362; 28.689755;G
$;V;R  ;MIO; Боровляны           ;             ; 116 ; 354 ;123 ;456 ; 116 ; 3354 ;123456789;116; 5354 ;123 ;29.05.18 ; Фрунзенская 43        ; детский гематологический центр, трубостойки          ; 53.997659; 27.690729;G
$;V;R  ;MIO; Боровляны           ;             ; 116 ; 354 ;   7;   8; 116 ; 1354 ;1  4  7  ;116; 5354 ;   4;29.05.18 ; Фрунзенская 43        ; детский гематологический центр, трубостойки          ; 53.997659; 27.690729;G
$;V;R  ;MIO; Уша                 ; USHA        ; 112 ; 355 ;1234;    ; 112 ; 3620 ;123456   ;   ;      ;    ;14.12.08 ; Березинский р-н       ; башня 70м                                            ; 53.980288; 28.819175;G
$;V;R  ;MIO; Сосновщина          ;             ; 115 ; 356 ;134 ;    ;     ;      ;         ;115; 5356 ;  3 ;14.12.08 ; Вилейский р-н         ; совм.башня 70м                                       ; 54.630330; 27.433890;G
$;V;R  ;MIO; Пески (Ольховка)    ; OL'HOVKA    ; 111 ; 357 ;123 ;456 ; 111 ; 3652 ;123 56 8 ;111; 5357 ; 23 ;04.01.09 ; Пуховичский р-н       ; опорная мачта                                        ; 53.615459; 27.740211;G
$;V;R  ;MIO; Пески (Ольховка)    ; OL'HOVKA    ; 111 ; 357 ;   7;   8; 111 ; 1652 ;   4  7  ;   ;      ;    ;04.01.09 ; Пуховичский р-н       ; опорная мачта                                        ; 53.615459; 27.740211;G
$;V;R  ;MIO; Ратомка             ; RATOMKA     ; 116 ; 358 ;123 ;567 ; 116 ; 3523 ;123456789;116; 5358 ;1 3 ;25.09.08 ; Минский р-н           ; башня 70м                                            ; 53.941767; 27.319110;G
$;V;R  ;MIO; Ратомка             ; RATOMKA     ; 116 ; 358 ;   4;   8; 116 ; 1523 ;1  4  7  ;116; 5358 ;   4;25.09.08 ; Минский р-н           ; башня 70м                                            ; 53.941767; 27.319110;G
$;V;R  ;MIO; Волковщина          ; VOLKOVSCHINA; 116 ; 359 ;123 ;    ;     ;      ;         ;116; 5359 ; 23 ;05.05.09 ; Минский р-н           ; башня 70м                                            ; 54.137230; 27.411740;G
$;V;R  ;MIO; Прудище             ; PRUDISCHE   ; 116 ; 360 ;123 ;456 ; 116 ; 3697 ;123 56  9;116; 5360 ; 23 ;27.09.08 ; Минский р-н           ; башня 70м                                            ; 54.037144; 27.332228;G
$;V;R  ;MIO;Великая Борздынь;BOL'SHAYA BORZDYN'; 116 ; 361 ;1234;    ; 116 ; 3747 ;123456 8 ;116; 5361 ;1234;06.04.14 ; Минский р-н           ; совм.башня 70м                                       ; 53.999462; 27.148101;G
$;V;R  ;MIO; Дзержинск           ;             ; 111 ; 362 ;123 ;456 ; 111 ; 3362 ;12 45 78 ;111; 5362 ;12  ;05.05.18 ; Островского           ; столб                                                ; 53.698231; 27.102424;G 
$;V;R  ;MIO; Ждановичи           ; MINSK       ; 102 ; 363 ;123 ;456 ; 102 ; 3363 ;123456789;102; 5363 ;123 ;23.08.11 ; Минский р-н           ; Кольцевая 19, СТО, столб                             ; 53.936330; 27.426275;G
$;V;R  ;MIO; Головачи            ; GOLOVACHI   ; 116 ; 363 ;123 ;    ; 116 ; 3679 ;  3  6   ;116; 5363 ;  3 ;25.10.08 ; Минский р-н           ; башня 70м                                            ; 54.143583; 27.311989;G
$;V;R  ;MIO; Прилуки             ;             ; 112 ; 364 ; 23 ;  6 ;     ;      ;         ;   ;      ;    ;04.08.18 ; Минский р-н           ; Мира 2, РУП НИИ защиты растений, мачта               ; 53.797555; 27.455573;G
$;V;R  ;MIO; Клеримонты          ; KLERIMONTY  ; 115 ; 365 ;123 ;456 ; 115 ; 3716 ;123456   ;115; 5365 ; 23 ;15.03.09 ; Воложинский р-н       ; совм.башня 70м                                       ; 54.134037; 26.742123;G
$;V;R  ;MIO; Ратьковичи          ; RAT'KOVICHI ; 116 ; 366 ;123 ;4   ;     ;      ;         ;116; 5366 ;12 4;20.01.09 ; Логойский р-н         ; совм.башня 70м                                       ; 54.290080; 27.568780;G
$;V;R  ;MIO; Мачужичи            ; MACHUZHICHI ; 116 ; 367 ;123 ;456 ; 116 ; 3901 ;123 5    ;   ;      ;    ;07.02.09 ; Логойский р-н         ; совм.башня 70м                                       ; 54.124100; 27.934190;G
$;V;R  ;MIO; Будище?             ;             ; 115 ; 368 ;123 ;    ; 115 ; 3934 ;1  4 6   ;115; 5368 ;  3 ;02.02.09 ; Вилейский р-н         ; ДРОЦ "Надежда", мачта?                               ; 54.478355; 27.219840;G*
$;V;R  ;MIO; Большое Стиклево;BOL'SHOE STIKLEVO; 106 ; 369 ;123 ;456 ; 106 ; 3515 ;123456789;106; 5515 ;123 ;30.12.08 ; Минский р-н           ; опорная мачта                                        ; 53.864326; 27.697875;G
$;V;R  ;MIO; Фаниполь            ;             ; 112 ; 369 ;123 ;456 ; 112 ; 3369 ;12345678 ;112; 5369 ;12  ;17.05.18 ; Зелёная 88            ; СТО, столб                                           ; 53.764611; 27.351745;G
$;V;R  ;MIO; Ратомка             ; RATOMKA     ; 116 ; 370 ;123 ;456 ; 116 ; 3519 ;123456789;116; 5370 ;123 ;27.12.08 ; Минский р-н           ; опорная мачта                                        ; 53.935512; 27.354990;G
$;V;R  ;MIO; Новины              ; NOVINY      ; 111 ; 371 ;123 ;456 ; 111 ; 3757 ;1234567 9;111; 5371 ;1 3 ;02.02.09 ; Воложинский р-н       ; совм.башня 70м                                       ; 53.991040; 26.923490;G
$;V;R  ;MIO; Новины              ;             ;     ; 371 ;    ;    ; 111 ; 2757 ;1  4  7  ;   ;      ;    ;23.05.18 ; Воложинский р-н       ; совм.башня 70м                                       ; 53.991040; 26.923490;G
$;V;R  ;MIO; Приселки            ; PRISELKI    ; 116 ; 372 ;123 ;456 ; 116 ; 3800 ;123456 8 ;116; 5372 ;123 ;06.03.09 ; Логойский р-н         ; совм.башня 70м                                       ; 54.147270; 27.609180;G
$;V;R  ;MIO; Тарасово            ; TARASOVO    ; 116 ; 373 ;123 ;456 ; 116 ; 3522 ;123456789;116; 5373 ;123 ;06.06.09 ; Минский р-н           ; опорная мачта                                        ; 53.924862; 27.387897;G
$;V;R  ;MIO; Крыжовка            ;             ; 116 ; 374 ;123 ;456 ; 116 ; 3374 ;123456   ;116; 5374 ;123 ;03.09.18 ; Минский р-н           ; гостиница "Форум", столб                             ; 53.967007; 27.317014;G
$;V;R  ;MIO; Пересады            ;             ; 113 ; 375 ;123 ;456 ; 113 ; 3375 ;12 4567 9;113; 5375 ;123 ;06.01.18 ; Борисовский р-н       ; Р-53, 35-й км 2, СЗАО "БЕЛДЖИ", трубостойки          ; 54.131950; 28.375736;G
$;V;R  ;MIO; Дуброво?            ;             ; 142 ; 376 ;12  ;    ;     ;      ;         ;   ;      ;    ;10.12.08 ; Минский р-н           ; источник данных - Google                             ; 53.919132; 27.198313;G*
$;V;R  ;MIO; Крыница             ; KRYNICA     ; 116 ; 377 ;123 ;456 ; 116 ; 3639 ;123456789;116; 5871 ;123 ;27.04.09 ; Воложинский р-н       ; опорная мачта                                        ; 54.078188; 27.157934;G
$;V;R  ;MIO; Крыница             ; KRYNICA     ; 116 ; 377 ;   7;    ; 116 ; 2639 ;1        ;116; 5871 ;   4;27.04.09 ; Воложинский р-н       ; опорная мачта                                        ; 54.078188; 27.157934;G
$;V;R  ;MIO; Чабусы              ;             ; 144 ; 377 ;123 ;    ;     ;      ;         ;   ;      ;    ;05.12.08 ; Любанский р-н         ; башня 70м                                            ; 52.832062; 28.158120;G
$;V;R  ;MIO; Плянта?             ;             ; 144 ; 378 ;123 ;    ;     ;      ;         ;   ;      ;    ;05.04.09 ; Солигорский р-н ; по Р23, текущая Дубеи, опорная мачта (ист. - google) (чья?); 52.777460; 27.346690;G*w
$;V;R  ;MIO; Борисов             ; BORISOV     ; 113 ; 378 ;123 ;456 ; 113 ; 3744 ;123456789;   ;      ;    ;17.04.09 ; Гагарина 68           ; УО "БГПК", мачта                                     ; 54.215412; 28.485105;G
$;V;R  ;MIO; Любань              ; LYUBAN'     ; 144 ; 379 ;123 ;456 ; 144 ; 3601 ;123456   ;   ;      ;    ;01.06.15 ; Первомайская 97А      ; ЦРБ, мачта                                           ; 52.794183; 27.973768;G
$;V;R  ;MIO; Колодищи            ; KOLODISCHI  ; 112 ; 381 ;123 ;456 ; 112 ; 3525 ;12345678 ;112; 5381 ;123 ;16.11.08 ; Промышленная 26       ; бывшая? база Промсвязь, опорная мачта                ; 53.964304; 27.807236;G
$;V;R  ;MIO; Домановичи          ; DOMANOVICHI ; 144 ; 381 ;1 3 ;    ;     ;      ;         ;   ;      ;    ;05.04.09 ; Солигорский р-н       ; башня 70м                                            ; 52.521859; 27.763763;G
$;V;R  ;MIO; Новый Двор          ; NOVYJ DVOR  ; 105 ; 382 ;123 ;456 ; 105 ; 3619 ;123456789;105; 5382 ;123 ;18.11.08 ; Минский р-н           ; опорная мачта                                        ; 53.815271; 27.662403;G
$;V;R  ;MIO; Долгое              ; DOLGOE      ; 144 ; 382 ;123 ;    ;     ;      ;         ;   ;      ;    ;05.04.09 ; Солигорский р-н       ; башня                                                ; 52.614145; 27.578020;G
$;V;R  ;MIO; Пуща                ; PUSCHA      ; 111 ; 383 ;123 ;4   ;     ;      ;         ;111; 5383 ;1 3 ;20.01.09 ; Пуховичский р-н       ; башня 70м                                            ; 53.402445; 28.189033;G
$;V;R  ;MIO; Теребель            ; TEREBEL'    ; 111 ; 384 ;123 ;456 ; 111 ; 3981 ;1 34     ;111; 5384 ;1   ;20.01.09 ; Пуховичский р-н       ; совм.башня 70м                                       ; 53.522400; 27.722910;G
$;V;R  ;MIO; Антополье           ;             ; 116 ; 385 ;123 ;  6 ;     ;      ;         ;   ;      ;    ;10.12.08 ; Смолевичский р-н      ; совм.башня 70м                                       ; 54.185593; 28.067595;G
$;V;R  ;MIO; Высокая Гора        ;VYSOKAYA GORA; 112 ; 386 ;123 ;    ;     ;      ;         ;112; 5386 ;1   ;14.12.08 ; Березинский р-н       ; совм.башня 70м                                       ; 53.673401; 28.835512;G
$;V;R  ;MIO; Углы                ; UGLY        ; 117 ; 387 ;123 ;    ; 117 ; 3919 ;123 5    ;   ;      ;    ;05.04.09 ; Копыльский р-н        ; совм.башня 70м                                       ; 53.115690; 27.237430;G
$;V;R  ;MIO; Печураны            ; PECHURANY   ; 117 ; 388 ;123 ;    ;     ;      ;         ;   ;      ;    ;04.11.09 ; Копыльский р-н        ; совм.башня 70м                                       ; 53.253678; 27.008663;G
$;V;R  ;MIO; Песочное            ; PESOCHNOE   ; 144 ; 389 ;123 ;    ;     ;      ;         ;   ;      ;    ;05.04.09 ; Копыльский р-н        ; совм.башня 70м                                       ; 53.330410; 27.108930;G
$;V;R  ;MIO; Богданов            ; BOGDANOV    ; 111 ; 390 ;123 ; 5  ; 111 ; 3990 ;12 456   ;111; 5390 ; 2  ;01.01.09 ; Воложинский р-н       ; совм.башня 70м с МТС                                 ; 54.177918; 26.161446;G
$;V;R  ;MIO; Криница          ;SLOBODA-KUCHINKA; 144 ; 391 ;123 ;    ;     ;      ;         ;   ;      ;    ;02.05.10 ; Копыльский р-н        ; совм.башня 70м                                       ; 53.278970; 27.166570;G
$;V;R  ;MIO; ???                 ;             ; 115 ; 392 ;1   ;    ;     ;      ;         ;   ;      ;    ;15.06.09 ; Вилейский р-н         ; Вилейское вдхр., источник данных - Google            ; 54.491737; 27.221537;*
$;V;R  ;MIO; Ждановичи           ;             ; 102 ; 392 ;1   ;4   ; 102 ; 2392 ;1  4     ;102; 5392 ;1   ;18.11.18 ; Минский р-н           ; РИВВиТ, мачта и антенна МТС                          ; 53.978554; 27.448612;Y
$;V;R  ;MIO; Верховина           ; VERHOVINA   ; 113 ; 393 ;123 ;    ; 113 ; 3633 ;  3  6   ;   ;      ;    ;02.01.09 ; Борисовский р-н       ; совм.башня 70м                                       ; 54.403714; 28.408284;G
$;V;R  ;MIO; Дубиловка           ; DUBILOVKA   ; 117 ; 395 ;  3 ;    ;     ;      ;         ;   ;      ;    ;23.12.09 ; Любанский р-н         ; башня 70м                                            ; 52.692600; 27.873010;G
$;V;R  ;MIO; Швакшты             ; SHVAKSHTY   ; 115 ; 397 ;1234;5678; 115 ; 3966 ;123456   ;115; 5397 ;123 ;01.05.06 ; Мядельский р-н        ; Р45 и Р28, башня 70м                                 ; 54.958261; 26.649618;G
