KIND;OPR;STAT;AREA;CITY          ; CB           ;LAC ;  CID ;GSM ;DCS ; 3G L; 3G C ;  3G S   ;U-L; U900 ;U-S ;  DATE   ; ADDR                ; REM                                           ; OZIN     ; OZIE     ;LOCK
/;Брест
 ;M;R  ;BR.; Брест               ;              ;    ;      ;    ;    ; 2   ;      ;         ;2  ;      ;    ;  .  .18 ;                     ;                                               ;          ;          ;
$;M;RVM;BR.; Брест               ;              ;    ;   41 ;    ;    ; 223 ;   41 ;1  4  7  ;   ;      ;    ;07.02.18 ; Варшавское ш. 11    ; ТЦ "Евроопт", внутри                          ; 52.075231; 23.718006;G
$;M;RVM;BR.; Брест               ;              ;    ;   44 ;    ;    ; 224 ;   44 ;1     7  ;   ;      ;    ;14.06.18 ; Гаврилова 16        ; гипермаркет "Green", внутри                   ; 52.108653; 23.772486;G
$;M;R  ;BR.; Брест               ; BREST        ; 85 ;  701 ; 23 ;456 ; 227 ; 1195 ;123456789;227; 4266 ;789 ;14.10.04 ; Машерова пр. 21     ; РУП "Белтелеком", трубостойки                 ; 52.086229; 23.696930;G
$;M;R  ;BR.; Брест               ;              ;    ;  701 ;    ;    ; 227 ; 1201 ;123456789;   ;      ;    ;26.07.16 ; Машерова пр. 21     ; РУП "Белтелеком", трубостойки                 ; 52.086229; 23.696930;G
$;M;R  ;BR.; Брест               ; BREST        ; 85 ;  702 ;  3 ;456 ; 227 ; 1208 ;123456789;227; 4268 ;012 ;14.10.04 ; Энгельса 3          ; Горисполком, трубостойки                      ; 52.093072; 23.681341;G
$;M;R  ;BR.; Брест               ;              ;    ;  702 ;    ;    ; 227 ; 4624 ;456      ;   ;      ;    ;14.10.04 ; Энгельса 3          ; Горисполком, трубостойки                      ; 52.093072; 23.681341;G
$;M;R  ;BR.; Брест               ; BREST        ; 85 ;  703 ;12  ;456 ; 227 ; 1211 ;123456789;227; 4268 ;345 ;14.10.04 ; б-р Космонавтов 21  ; БрГУ, триподы                                 ; 52.098502; 23.694119;G
$;M;R  ;BR.; Брест               ; BREST        ;    ;  703 ;    ;    ; 227 ;   24 ;12 45 78 ;   ;      ;    ;14.10.04 ; б-р Космонавтов 21  ; БрГУ, триподы                                 ; 52.098502; 23.694119;G
$;M;R  ;BR.; Брест               ; BREST        ; 20 ;  704 ; 23 ;456 ; 224 ; 1261 ; 23 56 89;224;  986 ;056 ;12.12.04 ; Пионерская 50       ; корпус 16 ОАО "БЭМЗ", трубостойки             ; 52.098028; 23.730682;G
$;M;R  ;BR.; Брест               ;              ;    ;  704 ;    ;    ; 224 ; 1302 ; 2  5  8 ;   ;      ;    ;12.12.04 ; Пионерская 50       ; корпус 16 ОАО "БЭМЗ", трубостойки             ; 52.098028; 23.730682;G
$;M;R  ;BR.; Брест               ; BREST        ; 85 ;  705 ;123 ;456 ; 220 ; 1303 ;123456789;220;  986 ;789 ;24.12.04 ; Кижеватова 76       ; ж/д больница, трубостойки                     ; 52.106819; 23.690771;G
$;M;R  ;BR.; Брест               ;              ;    ;  705 ;    ;    ; 220 ; 1306 ;12345 789;   ;      ;    ;09.08.16 ; Кижеватова 76       ; ж/д больница, трубостойки                     ; 52.106819; 23.690771;G
$;M;R  ;BR.; Брест               ; BREST        ; 20 ;  706 ;123 ;456 ; 224 ; 1307 ;1 3  67 9;224;  564 ;01  ;14.12.04 ; Строительная 56     ; ПРУП "БЭТЗ", очистные, трубостойки            ; 52.116769; 23.739012;G
$;M;R  ;BR.; Брест               ;              ;    ;  706 ;    ;    ; 224 ; 1308 ;1     7  ;   ;      ;    ;05.12.15 ; Строительная 56     ; ПРУП "БЭТЗ", очистные, трубостойки            ; 52.116769; 23.739012;G
$;M;R  ;BR.; Брест               ; BREST        ; 86 ;  707 ;123 ;456 ; 220 ; 1315 ;1234567 9;220;  564 ;234 ;14.10.04 ; Смирнова 66         ; ОАО "ГСКБ", трубостойки                       ; 52.103187; 23.646710;G
$;M;R  ;BR.; Брест               ; BREST        ; 86 ;  708 ;123 ;456 ; 220 ; 1326 ;1 3  6789;220;  564 ;567 ;09.06.05 ; Катин Бор 105       ; ОАО "Брестодежда", трипод                     ; 52.142687; 23.668748;G
$;M;R  ;BR.; Брест               ; BREST        ; 26 ;  709 ;123 ;456 ; 223 ; 1335 ;123456789;223;  564 ;8   ;12.10.04 ; Суворова 21         ; ОАО "БрестМаш", мачта                         ; 52.064426; 23.741596;G
$;M;R  ;BR.; Брест               ;              ;    ;  709 ;    ;    ; 223 ; 5607 ;1  4  7  ;223;  565 ;0   ;16.11.17 ; Суворова 21         ; ОАО "БрестМаш", мачта                         ; 52.064426; 23.741596;G
$;M;R  ;BR.; Брест               ; PLOSKA       ; 20 ;  710 ;123 ;456 ; 224 ; 1355 ;123   7  ;224;  565 ;123 ;26.05.05 ; Плоска, пл. N2      ; ОАО "БЭМЗ", мачта на земле                    ; 52.134317; 23.732565;G
$;M;R  ;BR.; Брест               ; BREST        ;120 ;  711 ;123 ;456 ; 224 ; 1356 ;123456789;224;  565 ;456 ;12.12.04 ; Московская 275      ; Дворец культуры профсоюзов, трубостойки       ; 52.099425; 23.769606;G
$;M;R  ;BR.; Брест               ;              ;    ;  711 ;    ;    ; 224 ; 1379 ;1  4  7  ;   ;      ;    ;10.04.17 ; Московская 275      ; Дворец культуры профсоюзов, трубостойки       ; 52.099425; 23.769606;G
$;M;R  ;BR.; Брест               ; BREST        ; 85 ;  713 ;1237;456 ; 223 ; 1385 ;123456789;223;  565 ;789 ;14.10.04 ; Варшавский мост     ; погранпереход РБ-Польша, башня 72м            ; 52.073084; 23.670842;G
$;M;R  ;BR.; Брест               ;              ;    ;  713 ;    ;    ; 223 ; 5518 ;1 34  7 9;223;  567 ;0   ;03.07.17 ; Варшавский мост     ; погранпереход РБ-Польша, башня 72м            ; 52.073084; 23.670842;G
$;M;R  ;BR.; Брест               ;              ;    ;  713 ;    ;    ; 223 ;  203 ;1  4  7  ;   ;      ;    ;03.07.17 ; Варшавский мост     ; погранпереход РБ-Польша, башня 72м            ; 52.073084; 23.670842;G
$;M;R  ;BR.; Брест               ; BREST        ; 86 ;  716 ;123 ;456 ; 220 ; 1397 ;123456789;220;  567 ;123 ;07.08.05 ; Поплавского 54      ; ОАО "Брестхлебопродукт", трубостойки          ; 52.097811; 23.665928;G
$;M;R  ;BR.; Брест               ;              ;    ;  716 ;    ;    ; 220 ; 1296 ;1  4  7  ;   ;      ;    ;07.08.05 ; Поплавского 54      ; ОАО "Брестхлебопродукт", трубостойки          ; 52.097811; 23.665928;G
$;M;R  ;BR.; Брест               ; ZADVORTSY    ; 20 ;  720 ;123 ;456 ; 224 ; 1403 ;123456 8 ;224;  567 ;456 ;09.06.05 ; Старые Задворцы     ; Коммерческая 17, СП "Веставто", мачта на земле; 52.131885; 23.772623;G
$;M;R  ;BR.; Брест               ; BREST        ;120 ;  721 ;123 ;456 ; 224 ; 1404 ;123456789;224;  567 ;789 ;12.12.04 ; Гоздецкого 11       ; РУСП "Брестжилстрой", мачта                   ; 52.112555; 23.786330;G
$;M;R  ;BR.; Брест               ; BREST        ;    ;  721 ;    ;    ; 224 ; 1295 ;1  4  7  ;   ;      ;    ;12.12.04 ; Гоздецкого 11       ; РУСП "Брестжилстрой", мачта                   ; 52.112555; 23.786330;G
$;M;R  ;BR.; Брест               ; BREST        ; 26 ;  726 ;123 ;456 ; 223 ; 1414 ;123456789;223; 1108 ;012 ;12.12.04 ; Суворова 112        ; общ.N2 УП "Завод Цветотрон", мачта            ; 52.072402; 23.761033;G
$;M;R  ;BR.; Брест               ;              ;    ;  726 ;    ;    ; 223 ; 1416 ;1  4  7  ;   ;      ;    ;19.04.17 ; Суворова 112        ; общ.N2 УП "Завод Цветотрон", мачта            ; 52.072402; 23.761033;G
$;M;R  ;BR.; Брест               ; BREST        ;120 ;  727 ;123 ;456 ; 224 ; 1425 ;123456789;224; 1108 ;345 ;12.12.04 ; Партизанский пр. 30 ; общежитие N2 ОАО "Ковры Бреста", мачта        ; 52.109824; 23.757976;G
$;M;R  ;BR.; Брест               ;              ;    ;  727 ;    ;    ; 224 ; 1439 ;1  4  7  ;   ;      ;    ;08.11.15 ; Партизанский пр. 30 ; общежитие N2 ОАО "Ковры Бреста", мачта        ; 52.109824; 23.757976;G
$;M;R  ;BR.; Брест               ; BREST        ; 85 ;  728 ;123 ;456 ; 227 ; 1440 ;123456789;227; 1108 ;678 ;24.12.04 ; Машерова пр. 75/1   ; ОАО "Брестская типография", мачта             ; 52.088839; 23.714010;G
$;M;R  ;BR.; Брест               ;              ;    ;  728 ;    ;    ; 227 ; 1451 ;123456789;   ;      ;    ;15.03.16 ; Машерова пр. 75/1   ; ОАО "Брестская типография", мачта             ; 52.088839; 23.714010;G
$;M;R  ;BR.; Брест               ; BREST        ; 26 ;  759 ;123 ;456 ; 223 ; 1505 ;1234 67 9;223; 1108 ;9   ;10.06.06 ; Жукова 16           ; мкр-н Южный, столб                            ; 52.058981; 23.730660;G
$;M;R  ;BR.; Брест               ;              ;    ;  759 ;    ;    ;     ;      ;         ;223; 2551 ;01  ;10.06.06 ; Жукова 16           ; мкр-н Южный, столб                            ; 52.058981; 23.730660;G
$;M;R  ;BR.; Брест               ; BREST        ; 86 ;  760 ;123 ;456 ; 220 ; 1514 ; 23456 89;220; 2551 ;34  ;19.09.05 ; Красногвардейская 108/2; Мостотряд-58, мачта                        ; 52.123743; 23.690231;G
$;M;R  ;BR.; Брест               ;              ;    ;  760 ;    ;    ; 220 ;   97 ;1  4  7  ;   ;      ;    ;19.09.05 ; Красногвардейская 108/2; Мостотряд-58, мачта                        ; 52.123743; 23.690231;G
$;M;R  ;BR.; Брест               ; BREST        ; 26 ;  774 ;123 ;456 ; 223 ; 1527 ;123456 89;223; 2551 ;567 ;18.09.05 ; Луцкая 12           ; здание электроподстанции, мачта               ; 52.078306; 23.744353;G
$;M;R  ;BR.; Брест               ; BREST        ; 85 ;  776 ;123 ;456 ; 227 ; 1539 ;123456789;227; 2551 ;89  ;07.08.05 ; Советская 33        ; РУП "Белтелеком", трубостойки                 ; 52.094719; 23.690750;G
$;M;R  ;BR.; Брест               ;              ;    ;  776 ;    ;    ; 227 ;  893 ;1  4  7  ;227; 2566 ;0   ;24.06.17 ; Советская 33        ; РУП "Белтелеком", трубостойки                 ; 52.094719; 23.690750;G
$;M;R  ;BR.; Брест               ; BREST        ; 86 ;  794 ;123 ;456 ; 220 ; 1587 ;1  456 89;220; 4051 ;67  ;26.05.05 ; Белорусская 51      ; ОАО "Брестский завод бытовой химии", трипод   ; 52.121551; 23.657216;G
$;M;R  ;BR.; Брест               ; BREST        ; 85 ;  795 ;1 3 ;456 ; 227 ; 1590 ;123456789;227; 2566 ;123 ;26.05.05 ; Куйбышева 64        ; вышка Брестской студии телевидения            ; 52.091827; 23.696558;G
$;M;R  ;BR.; Брест               ; BREST        ; 86 ; 1046 ;123 ;456 ; 220 ; 1736 ;123   7  ;220; 2491 ;8   ;29.10.15 ; Приграничная        ; башня life:) 40м                              ; 52.118881; 23.628594;G
$;M;R  ;BR.; Брест               ;              ;    ; 1046 ;    ;    ;     ;      ;         ;220; 2492 ;0   ;14.11.17 ; Приграничная        ; башня life:) 40м                              ; 52.118881; 23.628594;G
$;M;R  ;BR.; Брест               ;              ; 26 ; 1077 ;1 3 ;456 ; 223 ; 1738 ;  3    8 ;223; 2493 ;0   ;06.08.16 ; в р-не Красный Двор ; спорткомплекс Брестжилстрой, столб освещения  ; 52.071557; 23.798774;G
$;M;D  ;BR.; Брест               ;              ;    ; 1153 ;    ;    ; 223 ; 1153 ;1  4     ;   ;      ;    ;12.05.17 ; Махновича 34Б       ; опора освещения (Ю-В)                         ; 52.067644; 23.696757;G
$;M;D  ;BR.; Брест               ;              ;    ; 1153 ;    ;    ; 223 ; 2550 ;1  4     ;   ;      ;    ;30.05.17 ; Махновича 34Б       ; опора освещения (Ю-В)                         ; 52.067644; 23.696757;G 
$;M;R  ;BR.; Брест               ;              ;    ; 1153 ;    ;    ; 223 ; 2561 ;12 45 78 ;   ;      ;    ;27.07.17 ; Махновича 34Б       ; опора освещения (С-З)                         ; 52.067627; 23.696723;G
$;M;R  ;BR.; Брест               ;              ;    ; 1153 ;    ;    ; 223 ; 2561 ;  3  6  9;   ;      ;    ;30.05.17 ; Махновича 34Б       ; опора освещения (Ю-В)                         ; 52.067644; 23.696757;G 
$;M;D  ;BR.; Брест               ;              ;    ; 1153 ;    ;    ; 223 ; 2564 ;1  4     ;   ;      ;    ;27.07.17 ; Махновича 34Б       ; опора освещения (С-З)                         ; 52.067627; 23.696723;G
$;M;R  ;BR.; Брест               ;              ;    ; 1156 ;    ;    ; 224 ; 4228 ;123456789;   ;      ;    ;19.04.17 ; Мошенского          ; гаражи, столб                                 ; 52.112837; 23.739792;G
$;M;R  ;BR.; Брест               ;              ;    ; 1156 ;    ;    ; 224 ; 4571 ;12 45 78 ;   ;      ;    ;22.04.17 ; Мошенского          ; гаражи, столб                                 ; 52.112837; 23.739792;G
$;M;R  ;BR.; Брест               ;              ;    ; 1213 ;    ;    ; 223 ; 5009 ;123456789;   ;      ;    ;26.11.17 ; Екельчика           ; башня 40м                                     ; 52.066027; 23.708579;G
$;M;R  ;BR.; Брест               ;              ;    ; 1213 ;    ;    ; 223 ; 2578 ;1  4  7  ;   ;      ;    ;26.11.17 ; Екельчика           ; башня 40м                                     ; 52.066027; 23.708579;G
$;M;R  ;BR.; Брест               ;              ;    ; 1268 ;    ;    ; 227 ; 2558 ;123456789;   ;      ;    ;29.06.17 ; Машерова пр. 6А     ; БЦ "Цельсий", трипод                          ; 52.086515; 23.679095;G 
$;M;R  ;BR.; Брест               ;              ;    ; 1290 ;    ;    ; 223 ; 1290 ;1234567 9;   ;      ;    ;28.03.19 ; Варшавское шоссе 41 ; отель "Hampton by Hilton", трубостойки        ; 52.074203; 23.708212;G
$;M;R  ;BR.; Брест               ;              ; 26 ; 1489 ;    ;45  ; 223 ;  419 ;12345 78 ;   ;      ;    ;07.08.18 ; Луцкая 65           ; жилой дом, трубостойки                        ; 52.078598; 23.762368;G
$;M;R  ;BR.; Брест               ;              ; 26 ; 1489 ;    ;80  ; 223 ;  856 ;12 45 78 ;   ;      ;    ;07.08.18 ; Луцкая 65           ; жилой дом, трубостойки                        ; 52.078598; 23.762368;G
$;M;R  ;BR.; Брест               ;              ;    ; 1610 ;    ;    ; 224 ; 1455 ;1234  7  ;   ;      ;    ;24.07.18 ; Московская 263      ; магазин "Буслик", трубостойки                 ; 52.097162; 23.754556;G
$;M;R  ;BR.; Брест               ;              ;    ; 1610 ;    ;    ; 224 ; 1458 ; 23 56  9;   ;      ;    ;24.07.18 ; Московская 263      ; магазин "Буслик", трубостойки                 ; 52.097162; 23.754556;G
$;M;R  ;BR.; Брест               ;              ;    ; 1633 ;    ;    ; 223 ; 1334 ;123456789;   ;      ;    ;24.07.18 ; Сальникова          ; опора освещения (С-З)                         ; 52.072014; 23.704265;G
$;M;R  ;BR.; Брест               ;              ;    ; 1650 ;    ;    ; 224 ; 1613 ; 2 45678 ;   ;      ;    ;24.07.18 ; Мошенского 110Б     ; опора освещения                               ; 52.116212; 23.749226;G
$;M;R  ;BR.; Брест               ;              ;    ; 1676 ;    ;    ; 224 ; 1465 ;123 56 89;   ;      ;    ;24.07.18 ; Партизанский пр. 17 ; здание, трипод                                ; 52.107571; 23.760493;G
$;M;R  ;BR.; Брест               ;              ;    ; 1676 ;    ;    ; 224 ; 1470 ;1  4  7  ;   ;      ;    ;24.07.18 ; Партизанский пр. 17 ; здание, трипод                                ; 52.107571; 23.760493;G
$;M;RVM;BR.; Брест               ; BREST        ; 85 ; 1701 ;    ;4   ;     ;      ;         ;   ;      ;    ;02.02.07 ; Машерова пр. 46     ; офис МТС, внутри                              ; 52.086613; 23.694627;G
$;M;R  ;BR.; Брест               ;              ;    ; 1958 ;    ;    ; 227 ;  867 ;1   5 78 ;   ;      ;    ;05.04.19 ; Гоголя 83           ; опора освещения (север)                       ; 52.094139; 23.707083;G
$;M;R  ;BR.; Брест               ;              ;    ; 1958 ;    ;    ; 227 ;  867 ;     6  9;   ;      ;    ;05.04.19 ; Гоголя 83           ; опора освещения (юг)                          ; 52.093750; 23.707639;G
$;M;R  ;BR.; Брест               ;              ;    ; 1958 ;    ;    ; 227 ;  868 ;   4  7  ;   ;      ;    ;05.04.19 ; Гоголя 83           ; опора освещения (юг)                          ; 52.093750; 23.707639;G
$;M;R  ;BR.; Брест               ;              ;    ; 2265 ;    ;    ; 224 ; 2150 ;123456789;   ;      ;    ;08.11.15 ; Республики пр.      ; башня velcom 40м                              ; 52.093956; 23.764976;G
$;M;R  ;BR.; Брест               ;              ;    ; 2265 ;    ;    ; 224 ; 2159 ;12 4  78 ;   ;      ;    ;18.07.16 ; Республики пр.      ; башня velcom 40м                              ; 52.093956; 23.764976;G
$;M;R  ;BR.; Брест               ;              ;    ; 2274 ;    ;    ; 223 ; 2160 ;123456789;   ;      ;    ;27.02.15 ; Красный Двор        ; ООО "Стимул-Брест", опорная мачта life:)      ; 52.085381; 23.790722;G
$;M;R  ;BR.; Брест               ; BREST        ; 26 ; 2291 ;123 ;456 ; 223 ; 2162 ;123456 89;223; 2496 ;0   ;13.10.14 ; Гвардейская         ; башня 40м                                     ; 52.055202; 23.743277;G
$;M;R  ;BR.; Брест               ; BREST        ; 85 ; 2701 ;12  ;456 ; 227 ; 2922 ;123456789;227; 2496 ;789 ;30.12.05 ; Кирова 82           ; общежитие колледжа связи, мачта               ; 52.090946; 23.704302;G
$;M;R  ;BR.; Брест               ;              ;    ; 2701 ;    ;    ; 227 ; 2208 ;1  4  7  ;   ;      ;    ;18.02.18 ; Кирова 82           ; общежитие колледжа связи, мачта               ; 52.090946; 23.704302;G
$;M;R  ;BR.; Брест               ; BREST        ; 85 ; 2702 ;12  ;456 ; 227 ; 2924 ;123456789;227; 2497 ;089 ;28.10.05 ; Дзержинского 3      ; общежитие N1 БрГУ, мачта                      ; 52.088220; 23.687639;G
$;M;R  ;BR.; Брест               ;              ;    ; 2702 ;    ;    ; 227 ; 1344 ;123456789;   ;      ;    ;20.02.18 ; Дзержинского 3      ; общежитие N1 БрГУ, мачта                      ; 52.088220; 23.687639;G
$;M;R  ;BR.; Брест               ;              ;    ; 2702 ;    ;    ; 227 ; 2148 ;34   8   ;   ;      ;    ;20.02.18 ; Дзержинского 3      ; общежитие N1 БрГУ, мачта                      ; 52.088220; 23.687639;G
$;M;R  ;BR.; Брест               ; BREST        ; 85 ; 2703 ;123 ;456 ; 220 ; 2925 ;123456789;220; 2900 ;069 ;29.11.05 ; Орджоникидзе 16/1   ; УП "Белжелдорсервис", мачта                   ; 52.100292; 23.685793;G
$;M;R  ;BR.; Брест               ;              ;    ; 2703 ;    ;    ; 220 ; 2928 ;12 4  78 ;   ;      ;    ;01.08.16 ; Орджоникидзе 16/1   ; УП "Белжелдорсервис", мачта                   ; 52.100292; 23.685793;G
$;M;R  ;BR.; Брест               ;              ;    ; 2703 ;    ;    ; 220 ; 2195 ;   7     ;   ;      ;    ;01.08.16 ; Орджоникидзе 16/1   ; УП "Белжелдорсервис", мачта                   ; 52.100292; 23.685793;G
$;M;R  ;BR.; Брест               ; BREST        ; 85 ; 2704 ;123 ;456 ; 227 ; 2937 ;123456789;220; 2901 ;08  ;24.12.05 ; Пушкинская 100/1    ; общежитие N4 БрГУ, трубостойки                ; 52.102035; 23.703710;G
$;M;R  ;BR.; Брест               ;              ;    ; 2704 ;    ;    ; 220 ; 2938 ;1  4   7 ;220; 2902 ;0   ;15.03.16 ; Пушкинская 100/1    ; общежитие N4 БрГУ, трубостойки                ; 52.102035; 23.703710;G
$;M;R  ;BR.; Брест               ; BREST        ;120 ; 2705 ;123 ;456 ; 224 ; 2940 ; 23456789;224; 2902 ;89  ;04.02.06 ; Молодогвардейская 5 ; общежитие ПО "Снежинка", мачта                ; 52.103524; 23.753212;G
$;M;R  ;BR.; Брест               ;              ;    ; 2705 ;    ;    ; 224 ; 2941 ;1  45 78 ;224; 2903 ;0   ;03.04.16 ; Молодогвардейская 5 ; общежитие ПО "Снежинка", мачта                ; 52.103524; 23.753212;G
$;M;R  ;BR.; Брест               ; BREST        ;120 ; 2706 ;123 ;456 ; 224 ; 2942 ;123456789;224; 2903 ;9   ;28.10.05 ; Московская 348/3    ; ФОК, мачта                                    ; 52.105488; 23.773661;G
$;M;R  ;BR.; Брест               ;              ;    ; 2706 ;    ;    ; 224 ; 1022 ;12 45 78 ;224; 2904 ;05  ;01.07.17 ; Московская 348/3    ; ФОК, мачта                                    ; 52.105488; 23.773661;G
$;M;R  ;BR.; Брест               ; BREST        ; 20 ; 2707 ; 23 ;456 ; 224 ; 2955 ; 23456 89;224; 2904 ;8   ;14.12.05 ; Янки Купалы 12/2    ; общежитие "Автомобилист", триподы             ; 52.103532; 23.729717;G
$;M;R  ;BR.; Брест               ;              ;    ; 2707 ;    ;    ;     ;      ;         ;224; 2905 ;0   ;25.11.17 ; Янки Купалы 12/2    ; общежитие "Автомобилист", триподы             ; 52.103532; 23.729717;G
$;M;R  ;BR.; Брест               ; BREST        ; 86 ; 2708 ;123 ;456 ; 220 ; 2998 ;123   789;220; 2905 ;7   ;28.10.05 ; Дубровская 36       ; СООО "БрестВнешТранс", мачта                  ; 52.132500; 23.649420;G
$;M;R  ;BR.; Брест               ;              ;    ; 2708 ;    ;    ;     ;      ;         ;220; 2906 ;04  ;12.11.17 ; Дубровская 36       ; СООО "БрестВнешТранс", мачта                  ; 52.132500; 23.649420;G
$;M;R  ;BR.; Брест               ; BREST        ; 85 ; 2709 ;123 ;456 ; 227 ; 2999 ;123456789;227; 2906 ;78  ;12.10.04 ; Гоголя 2            ; БТИ, трубостойки                              ; 52.088695; 23.673857;G
$;M;R  ;BR.; Брест               ;              ;    ; 2709 ;    ;    ; 227 ; 3208 ;1  4  7  ;227; 2907 ;0   ;05.04.16 ; Гоголя 2            ; БТИ, трубостойки                              ; 52.088695; 23.673857;G
$;M;R  ;BR.; Брест               ; BREST        ; 86 ; 2710 ;123 ;456 ; 220 ; 3300 ;12 45678 ;220; 2907 ;8   ;31.03.06 ; ГОБК 53             ; автобаза мед.учреждений, мачта                ; 52.091234; 23.645600;G
$;M;R  ;BR.; Брест               ;              ;    ; 2710 ;    ;    ; 220 ; 4612 ;1  4  7  ;220; 2908 ;06  ;14.11.17 ; ГОБК 53             ; автобаза мед.учреждений, мачта                ; 52.091234; 23.645600;G
$;M;R  ;BR.; Брест               ; BREST        ;120 ; 2712 ;123 ;456 ; 224 ; 3312 ;1234 6 89;224; 2908 ;79  ;04.02.06 ; Ленинградская 15А   ; ЦТП-16, мачта                                 ; 52.109916; 23.767396;G
$;M;R  ;BR.; Брест               ;              ;    ; 2712 ;    ;    ; 224 ; 3403 ;1  4  7  ;224; 2909 ;0   ;28.12.15 ; Ленинградская 15А   ; ЦТП-16, мачта                                 ; 52.109916; 23.767396;G
$;M;R  ;BR.; Брест               ; BREST        ; 20 ; 2713 ;123 ;456 ; 224 ; 3467 ;123456789;224; 2909 ;789 ;04.01.06 ; Скрипникова 91      ; жилой дом, трубостойки                        ; 52.107017; 23.715555;G
$;M;R  ;BR.; Брест               ; BREST        ;120 ; 2716 ;123 ;456 ; 224 ; 3522 ;123456789;224; 2910 ;0   ;14.12.05 ; Лактионова 11       ; Центральная городская больница, трубостойки   ; 52.097132; 23.785304;G
$;M;R  ;BR.; Брест               ;              ;    ; 2716 ;    ;    ; 224 ; 3523 ;1  4  7  ;224; 2910 ;9   ;07.07.16 ; Лактионова 11       ; Центральная городская больница, трубостойки   ; 52.097132; 23.785304;G
$;M;R  ;BR.; Брест               ;              ;    ; 2716 ;    ;    ;     ;      ;         ;224; 2911 ;0   ;07.07.16 ; Лактионова 11       ; Центральная городская больница, трубостойки   ; 52.097132; 23.785304;G
$;M;R  ;BR.; Брест               ; BREST        ; 26 ; 2718 ;123 ;456 ; 223 ; 3599 ;123456789;223; 2916 ;89  ;04.01.06 ; Сябровская 107      ; мкр-н Вулька, ЦТП, мачта                      ; 52.069174; 23.721759;G
$;M;R  ;BR.; Брест               ;              ;    ; 2718 ;    ;    ; 223 ;  894 ;1  4  7  ;223; 2929 ;0   ;04.05.17 ; Сябровская 107      ; мкр-н Вулька, ЦТП, мачта                      ; 52.069174; 23.721759;G
$;M;R  ;BR.; Брест               ; BREST        ; 20 ; 2719 ;12  ;456 ; 224 ; 3646 ;123   789;224; 2929 ;7   ;31.03.06 ; 3-й Заводской 34    ; общежитие N4 ОАО "БЭМЗ", трубостойки          ; 52.108007; 23.736054;G
$;M;R  ;BR.; Брест               ;              ;    ; 2719 ;    ;    ;     ;      ;         ;224; 2960 ;0   ;24.06.17 ; 3-й Заводской 34    ; общежитие N4 ОАО "БЭМЗ", трубостойки          ; 52.108007; 23.736054;G
$;M;R  ;BR.; Брест               ; BREST        ; 26 ; 2720 ;123 ;456 ; 223 ; 3664 ;123456789;223; 2960 ;789 ;31.03.06 ; Луцкая 48           ; ТП-456, мачта                                 ; 52.078897; 23.749558;G
$;M;R  ;BR.; Брест               ; BREST        ; 85 ; 2721 ;123 ;456 ; 227 ; 3676 ;123456789;227; 2964 ;035 ;31.03.06 ; Гоголя 75           ; здание, триподы                               ; 52.094039; 23.702511;G
$;M;R  ;BR.; Брест               ;              ;    ; 2721 ;    ;    ; 227 ; 1024 ; 2 45 78 ;   ;      ;    ;31.03.06 ; Гоголя 75           ; здание, триподы                               ; 52.094039; 23.702511;G
$;M;R  ;BR.; Брест               ; BREST        ;120 ; 2722 ;123 ;456 ; 224 ; 3679 ;123456789;224; 2964 ;678 ;31.03.06 ; Сов.Конституции 1   ; дом быта, мачта                               ; 52.099386; 23.751131;G
$;M;R  ;BR.; Брест               ;              ;    ; 2722 ;    ;    ; 224 ; 3683 ;123456789;   ;      ;    ;09.02.15 ; Сов.Конституции 1   ; дом быта, мачта                               ; 52.099386; 23.751131;G
$;M;R  ;BR.; Брест               ; BREST        ; 26 ; 2723 ;123 ;456 ; 223 ; 3686 ;123456789;223; 2964 ;9   ;12.04.06 ; Суворова 96/2       ; общежитие N3 УП "Завод Цветотрон", триподы    ; 52.071915; 23.751010;G
$;M;R  ;BR.; Брест               ;              ;    ; 2723 ;    ;    ;     ;      ;         ;223; 2966 ;04  ;03.05.17 ; Суворова 96/2       ; общежитие N3 УП "Завод Цветотрон", триподы    ; 52.071915; 23.751010;G
$;M;R  ;BR.; Брест               ; BREST        ; 85 ; 2724 ;123 ;456 ; 227 ; 3687 ;123456789;227; 2966 ;578 ;12.04.06 ; Шевченко 6          ; гостиница "Беларусь", трубостойки             ; 52.086070; 23.704483;G
$;M;R  ;BR.; Брест               ;              ;    ; 2724 ;    ;    ; 227 ; 3688 ;12 45 78 ;   ;      ;    ;16.08.16 ; Шевченко 6          ; гостиница "Беларусь", трубостойки             ; 52.086070; 23.704483;G
$;M;R  ;BR.; Брест               ; BREST        ; 85 ; 2725 ;123 ;456 ; 227 ; 3690 ;123456789;227; 2966 ;9   ;10.06.06 ; Карла Маркса 88     ; клуб фабрики "Динамо", трипод                 ; 52.084315; 23.689510;G
$;M;R  ;BR.; Брест               ;              ;    ; 2725 ;    ;    ;     ;      ;         ;227; 3042 ;02  ;12.05.17 ; Карла Маркса 88     ; клуб фабрики "Динамо", трипод                 ; 52.084315; 23.689510;G
$;M;R  ;BR.; Брест               ;              ;    ; 2725 ;    ;    ; 227 ; 4293 ;4        ;   ;      ;    ;12.05.17 ; Карла Маркса 88     ; клуб фабрики "Динамо", трипод                 ; 52.084315; 23.689510;G
$;M;R  ;BR.; Брест               ; BREST        ; 26 ; 2726 ;123 ;456 ; 223 ; 3691 ;123456789;223; 3042 ;356 ;10.06.06 ; Рябиновая 4         ; ЦТП, мачта                                    ; 52.067080; 23.729216;G
$;M;R  ;BR.; Брест               ;              ;    ; 2726 ;    ;    ; 223 ; 3692 ;1  4  7  ;   ;      ;    ;04.11.15 ; Рябиновая 4         ; ЦТП, мачта                                    ; 52.067080; 23.729216;G
$;M;R  ;BR.; Брест               ; BREST        ;120 ; 2730 ;1237;4568; 224 ; 3695 ;123456789;224; 3043 ;0235;28.10.05 ; Медицинская 7       ; областная больница, мачта                     ; 52.106206; 23.814904;G
$;M;R  ;BR.; Брест               ;              ;    ; 2730 ;    ;    ; 224 ; 3697 ;123456789;   ;      ;    ;19.04.15 ; Медицинская 7       ; областная больница, мачта                     ; 52.106206; 23.814904;G
$;M;R  ;BR.; Брест               ; BREST        ; 86 ; 2764 ;123 ;456 ; 220 ; 3723 ;1234 67 9;220; 3047 ;567 ;19.07.06 ; Лейтенанта Рябцева  ; СВХ 9-й путь, мачта                           ; 52.114815; 23.673175;G
$;M;R  ;BR.; Брест               ; BREST        ; 85 ; 2771 ;123 ;456 ; 223 ; 3735 ;123456789;223; 3086 ;235 ;30.04.06 ; пер.Учительский 24  ; мкр-н Гершоны, СООО "КСМ-Сервис", мачта       ; 52.044833; 23.704408;G
$;M;R  ;BR.; Брест               ;              ;    ; 2771 ;    ;    ; 223 ; 3737 ;1  4  7  ;   ;      ;    ;01.04.15 ; пер.Учительский 24  ; мкр-н Гершоны, СООО "КСМ-Сервис", мачта       ; 52.044833; 23.704408;G
$;M;R  ;BR.; Брест               ; BREST        ;120 ; 2781 ;123 ;456 ; 224 ; 3744 ;123456789;224; 3089 ;023 ;10.06.06 ; Орловская 45        ; ЦТП-2-20, мачта                               ; 52.106862; 23.781176;G
$;M;R  ;BR.; Брест               ;              ;    ; 2781 ;    ;    ; 224 ; 1034 ;1  4  7  ;   ;      ;    ;10.06.06 ; Орловская 45        ; ЦТП-2-20, мачта                               ; 52.106862; 23.781176;G
$;M;R  ;BR.; Брест               ;              ;    ; 4009 ;    ;    ; 220 ; 3820 ;     6  9;   ;      ;    ;08.11.15 ; Дубровская 17/1     ; общежитие, мачта                              ; 52.128074; 23.656524;G
$;M;R  ;BR.; Брест               ;              ;    ; 4017 ;    ;    ; 227 ; 3823 ;123456789;   ;      ;    ;15.11.15 ; ГОБК 27/2           ; автобаза, мачта                               ; 52.092496; 23.659497;G
$;M;R  ;BR.; Брест               ;              ;    ; 4017 ;    ;    ; 220 ; 3826 ;1234 67 9;   ;      ;    ;15.11.15 ; ГОБК 27/2           ; автобаза, мачта                               ; 52.092496; 23.659497;G
$;M;R  ;BR.; Брест               ;              ;    ; 4018 ;    ;    ; 227 ; 3830 ;123456789;   ;      ;    ;12.07.15 ; Дзержинского 52     ; жилой дом, короткая мачта                     ; 52.089284; 23.697746;G
$;M;R  ;BR.; Брест               ;              ;    ; 4018 ;    ;    ; 227 ; 3831 ;1  4  7  ;   ;      ;    ;12.07.15 ; Дзержинского 52     ; жилой дом, короткая мачта                   
