KIND;OPR;STAT;AREA;CITY          ; CB           ;LAC ; CID  ;GSM ;DCS ;3G L ; 3G C ;  3G S   ;U-L; U900 ;U-S ; DATE    ; ADDR                  ; REM                                                  ;  OZIN    ;  OZIE    ;LOCK
/;Минская область
//$;M;R  ;MIO; ?                   ;              ; хх ;  ххх ;х   ;    ;     ;      ;         ;   ;      ;    ;хх.08.18; ???                   ; 
$;M;R  ;MIO; ?                   ;              ;    ;  619 ;    ;2   ;     ;      ;         ;   ;      ;    ;14.12.08; ???                   ; РПД
$;M;R  ;MIО; ?                   ;              ; 17 ; 1157 ;123 ;    ; 172 ;  726 ;123  56  ;172; 6238 ;24  ;10.07.17; Вилейский р-н ???     ; (,120,) - нук его знает где, возле Молодечно?
$;M;R  ;MIО; ?                   ;              ;    ; 1157 ;    ;    ;     ;      ;         ;172; 1546 ;5   ;13.08.18; Вилейский р-н ???     ; нук его знает где, возле Молодечно?
$;M;R  ;MIO; ?                   ;              ; 99 ; 1205 ; 23 ;4 68;     ;      ;         ;   ;      ;    ;12.04.18; ???                   ; к.п. Нарочь
$;M;R  ;MIO; ?                   ;              ; 94 ; 1241 ;  37;    ;     ;      ;         ;   ;      ;    ;01.03.18; ???                   ; в соседях в Силичах
$;M;R  ;MIO; ?                   ;              ; 74 ; 1287 ;1   ;4   ;     ;      ;         ;   ;      ;    ;12.04.18; ???                   ; Шепели-Дашки
$;M;R  ;MIO; ?                   ;              ; 99 ; 1314 ;    ;  6 ;     ;      ;         ;   ;      ;    ;12.04.18; ???                   ; надоло в Большую Страчу ГРО 
$;M;R  ;MIO; ?                   ;              ; 99 ; 1366 ;1   ;    ;     ;      ;         ;   ;      ;    ;23.06.09; ???                   ; около 365.х Писаревщина
$;M;R  ;MIO; ?                   ;              ; 99 ; 1399 ;123 ; 56 ;     ;      ;         ;   ;      ;    ;12.04.18; ???                   ; район к.п. Нарочь 
$;M;R  ;MIO; ?                   ;              ; 94 ; 1552 ;    ;456 ;     ;      ;         ;   ;      ;    ;16.07.17; ???                   ; около Орешников, башня зелёных?                      ; 53.924021; 27.898801;G
$;M;R  ;MIO; Чачково?            ;              ; 74 ; 1688 ;    ;4   ; 216 ;  547 ; 23      ;   ;      ;    ;05.02.19; ???                   ; Фаворітъ его знает где около Чачково, башня велком?
$;M;R  ;MIO; ?                   ;              ; 75 ; 1709 ;    ;4   ;     ;      ;         ;   ;      ;    ;23.01.19; ???                   ; возле 4192 
$;M;R  ;MIO; Печи                ;              ; 18 ; 1733 ;1 37;  6 ; 171 ; 5369 ;  3      ;171;  798 ;0   ;11.08.18; Борисовский р-н???    ; новая БС на замену БС 0515? столб? ; 54.176021; 28.474297;G?
$;M;R  ;MIO; Печи?               ;              ;    ; 1733 ;    ;    ; 171 ; 5447 ;1        ;   ;      ;    ;11.08.18; Борисовский р-н???    ; новая БС на замену БС 0515?
$;M;R  ;MIO; ?                   ;              ; 92 ; 2325 ;123 ;    ;     ;      ;         ;   ;      ;    ;09.05.10; Любанский р-н         ; в районе 4го рудоуправления                          ; 52.804214; 27.776699;*
$;M;R  ;MIO; Поня?               ;              ; 74 ; 2393 ;123 ;    ;     ;      ;         ;202; 6304 ;23  ;13.03.09; Вилейский р-н         ; Долгиново-Жердяжье, башня *питон*                    ; 54.751985; 27.648205;Y*
$;M;R  ;MIO; ?                   ;              ; 17 ; 2394 ;    ;4   ;     ;      ;         ;   ;      ;    ;04.07.15; Мядельский р-н        ; граница с ВИО, ?
$;M;R  ;MIO; Турец-Бояры?        ;              ; 17 ; 3287 ;1   ;4   ; 172 ; 3287 ;1  4     ;   ;      ;    ;28.09.15; Молодечненский р-н    ; ???
$;M;R  ;MIO; ?                   ;              ; 75 ; 3600 ;    ;456 ;     ;      ;         ;   ;      ;    ;23.01.19; ???                   ; возле 4192 (1600 внутри?) 
$;M;R  ;MIO; Слуцк?              ;              ;    ; 4275 ;    ;    ; 170 ; 5820 ; 2       ;   ;      ;    ;01.11.15; ???                   ; (???) - въезд со стороны Солигорска
$;M;R  ;MIO; ?                   ;              ; 74 ; 4268 ;123 ;    ;     ;      ;         ;202; 6282 ;0   ;12.04.18; ???                   ; Богданово-Красовщина 
$;M;R  ;MIO; ?                   ;              ; 74 ; 4316 ;    ;4   ;     ;      ;         ;   ;      ;    ;12.04.18; ???                   ; Богданово-Красовщина 
$;M;R  ;MIO; ?                   ; VYSOKOE      ; 70 ; 4492 ;123 ;    ;     ;      ;         ;   ;      ;    ;05.05.08; ???                   ; ???
$;M;R  ;MIO; Борисов?            ;              ;    ; 5025 ;    ;    ; 171 ;  652 ;12345    ;   ;      ;    ;14.02.19; ???                   ; (500,042,385) новая БС в р-не БС 2510 и 4500
$;M;R  ;MIO; Вилейка             ;              ; 99 ; 5488 ;    ;456 ; 202 ; 5488 ;1234567 9;   ;      ;    ;18.07.17; ???                   ; (010,021,045) - в р-не ж/д ст. "Вилейка"
//$;M;R  ;MIO; ?                   ;;;     ;;;ххх;  ххх ;х        ;;;;хх.05.19; ???                   ; (ххх) -
$;M;R  ;MIO; ?                   ;;;     ;;;204;  476 ;1 34  7  ;;;;26.01.19; Минский р-н           ; (098,199) - около Фаниполя по ж/д
$;M;R  ;MIO; ?                   ;;;     ;;;204;  477 ;1  4  7  ;;;;26.01.19; Минский р-н           ; (279) - около Фаниполя по ж/д
$;M;R  ;MIO; ?                   ;;;     ;;;202; 1189 ;  3  6  9;;;;04.01.19; ???                   ; (359) - надуло в Козеково, ?
$;M;R  ;MIO; Ждановичи?          ;;;4192?;;;200; 1285 ;1        ;;;;18.11.18; ???                   ; (486) - Ждановичи, между 2341 и 4120, похоже 4192
$;M;R  ;MIO; ?                   ;;; 769?;;;173; 1408 ;1    7   ;;1449?;;20.08.19; ???                   ; (402) - Столбцы, 769 или 1449?
$;M;R  ;MIO; ?                   ;;;     ;;;173; 2066 ;1  4     ;;;;19.02.18; ???                   ; (???) - Ружамполь-Даниловичи
$;M;R  ;MIO; Солигорск?          ;;;     ;;;170; 2200 ;1234567 9;;;;18.03.15; ???                   ; (???) - р-н Чижевичи-Кулаки
$;M;R  ;MIO; Ратомка?            ;;;2171?;;;211; 2714 ;1  4  7  ;;;;30.04.18; ???                   ; (129) - в Ратомке, 2171?
$;M;R  ;MIO; Смолевичи?          ;;;2505?;;;203; 2745 ;1  4  7  ;;2506?;;14.02.19; ???                   ; (243) - доп.сектор на БС 2505 или 2506?
$;M;R  ;MIO; ?                   ;;;     ;;;174; 2776 ;1  4     ;;;;10.05.18; ???                   ; (119) - ловилось в р-не Дричина
$;M;R  ;MIO; ?                   ;;;     ;;;174; 2779 ;123456   ;;;;05.03.18; ???                   ; (012,035,080) - Дружный-Ананичи, около БС 2403
$;M;R  ;MIO; ?                   ;;;2201?;;;200; 2954 ;1  4     ;;;;01.03.18; ???                   ; (508) - доп. на 2201???, направлен на РКМЦ
$;M;R  ;MIO; ?                   ;;;     ;;;202; 3435 ;      7  ;;;;18.07.17; ???                   ; (???) - Вилейский р-н? 
$;M;R  ;MIO; ?                   ;;; 881?;;;172; 3821 ;1  4  7  ;;;;05.03.19; ???                   ; (375) - юг Молодечно, доп. на 881? 
$;M;R  ;MIO; ?                   ;;;     ;;;202; 3943 ;1        ;;;;18.07.17; ???                   ; (???) - р-н Молодечно 
$;M;R  ;MIO; Молодечно?          ;;;     ;;;172; 4019 ;123456789;;;;07.03.18; ???                   ; (23,207?) - в р-не ж/д вокзала
$;M;R  ;MIO; ?                   ;;;     ;;;172; 4020 ;     6  9;;;;14.08.18; ???                   ; (207) - по ж/д между о.п. Носилово-Асановский 
$;M;R  ;MIO; ?                   ;;;     ;;;204; 4186 ;1        ;;;;18.07.16; Минский р-н           ; (???) - около Озерцо???
$;M;R  ;MIO; ?                   ;;;     ;;;216; 4265 ;12 4     ;;;;26.07.17; ???                   ; (???) - возле Ракова
$;M;R  ;MIO; ?                   ;;;     ;;;172; 4271 ;12 45 789;;;;07.03.18; ???                   ; (014,157,?) - Молодечно-Лебедево
$;M;R  ;MIO; Молодечно?          ;;;     ;;;172; 4339 ;12  5 78 ;;;;07.03.18; ???                   ; (154,199) - на въезде со стороны Минска по ж/д, ?
$;M;R  ;MIO; Молодечно?          ;;;4339 ;;;172; 4353 ;1        ;;;;18.07.17; ???                   ; (400) - на въезде со стороны Минска по ж/д, ?
$;M;R  ;MIO; Печи?               ;;;5514?;;;171; 4365 ; 23    89;;;;26.05.18; ???                   ; (019,134) - БС 5514 или передвижная БС 2001?
$;M;R  ;MIO; ?                   ;;;     ;;;174; 4591 ;        9;;;;21.07.18; ???                   ; (410) - по жд между Мачулищами-Асеевкой
$;M;R  ;MIO; ?                   ;;;2044?;;;173; 4592 ; 23 56   ;;;;05.05.18; ???                   ; (098,125) - Столбцовский р-н, БС 2044? 
$;M;R  ;MIO; ?                   ;;;     ;;;216; 4631 ;123     9;;;;01.03.18; ???                   ; (18,31,48) - р-н Шараи, Ратомка-Ждановичи
$;M;R  ;MIO; ?                   ;;;     ;;;172; 4632 ;1        ;;;;28.12.17; ???                   ; (120) - возле Новоселье М6
$;M;R  ;MIO; ?                   ;;;     ;;;216; 4716 ;1 34 6   ;;;;30.04.18; ???                   ; (069,492) - за Заславлем 
$;M;R  ;MIO; ?                   ;;;     ;;;216; 4719 ;1     7  ;;;;21.05.18; ???                   ; (270) - рядом с 4716 
$;M;R  ;MIO; ?                   ;;;     ;;;216; 4722 ;1  4  7  ;;;;26.07.17; ???                   ; (071) - Воложинский р-н, северо-западнее Ракова, Новины?
$;M;R  ;MIO; ?                   ;;;     ;;;216; 4730 ;1     7  ;;;;26.07.17; ???                   ; (???) - Выгоничи-Раков 
$;M;R  ;MIO; Дричин?             ;;;2430?;;;174; 4753 ;  3  6  9;;;;06.04.18; ???                   ; (411) - Пуховичский р-н, 2430?
$;M;R  ;MIO; ?                   ;;;     ;;;172; 4759 ;  3  6  9;;;;05.03.19; ???                   ; (453) - возле ж/д станции Молодечно, ?
$;M;R  ;MIO; ?                   ;;;4759 ;;;172; 4778 ;1     7  ;;;;25.05.19; ???                   ; (468) - возле ж/д станции Молодечно, ?
$;M;R  ;MIO; ?                   ;;;     ;;;216; 4760 ;1  4  7  ;;;;26.07.17; ???                   ; (???) - Раков-Шараи 
$;M;R  ;MIO; ?                   ;;;     ;;;173; 4766 ;1        ;;;;17.05.18; ???                   ; (474) - в Руденске 
$;M;R  ;MIO; Борисов?            ;;;5025?;;;171; 5124 ;12  5 78 ;;;;14.02.19; ???                   ; (021) - в р-не БС 0511, ?(5025)
$;M;R  ;MIO; ?                   ;;;     ;;;204; 5138 ;    5    ;;;;17.05.18; ???                   ; (240) - возле Волковичи 
$;M;R  ;MIO; ?                   ;;;     ;;;201; 5149 ;     6   ;;;;25.01.18; ???                   ; (046) - возле 1083 
$;M;R  ;MIO; ?                   ;;;     ;;;201; 5149 ;     6   ;;;;25.01.18; ???                   ; (046) - возле 1083 
$;M;R  ;MIO; ?                   ;;;     ;;;172; 5167 ;1        ;;;;01.04.19; ???                   ; (39) - .1 Воложин-Лещатка
$;M;R  ;MIO; ?                   ;;;     ;;;210; 5206 ; 3   6   ;;;;04.01.19; ???                   ; (335) - Сеница 
$;M;R  ;MIO; ?                   ;;;     ;;;210; 5209 ;1        ;;;;04.01.19; ???                   ; (337) - Сеница 
$;M;R  ;MIO; ?                   ;;;2044?;;;173; 5305 ;1  4     ;;;;05.05.18; ???                   ; (030) - Столбцовский р-н, доп.сектор на БС 2044? 
$;M;R  ;MIO; Дзержинск?          ;;;     ;;;173; 5309 ;       8 ;;;;26.04.16; ???                   ; (???) - ???
$;M;R  ;MIO; ?                   ;;;     ;;;174; 5376 ;1  4     ;;;;10.05.18; ???                   ; (271) - ловилось в р-не Руденска
$;M;R  ;MIO; Шабуневка?          ;;;5325?;;;173; 5398 ; 2       ;;;;30.05.17; ???                   ; (???) - Дзержинский р-н, БС 5325? 
$;M;R  ;MIO; Смолевичи?          ;;;2384?;;;203; 5532 ; 2345  89;;;;26.05.18; Смолевичский р-н???   ; (225,464) - 2384?
$;M;R  ;MIO; Смолевичи?          ;;;2384?;;;203; 5546 ; 2  5 78 ;;;;10.11.18; ???                   ; (30) - .2 в Смолевичах, .1 на М1, доп.сектор на БС 2384?
$;M;R  ;MIO; Борисов?            ;;;     ;;;171; 5586 ;12    78 ;;;;14.02.19; ???                   ; (355,408) - в р-не БС 0514/4513
$;M;R  ;MIO; Глебковичи?         ;;;1163?;;;205; 5738 ;1 3456   ;;;;16.07.17; ???                   ; (???) - Сокол?, .36 - надуло в Глебковичи, 1163? *питон*
$;M;R  ;MIO; ?                   ;;; 852?;;;216; 5744 ;1  4  7  ;;;;29.12.17; ???                   ; (048) - в Кривом Селе, 852?
$;M;R  ;MIO; ?                   ;;;     ;;;172; 5790 ;1  4  7  ;;;;14.08.18; ???                   ; (028) - на въезде в Молодечно по ж/д в сторону Минска
$;M;R  ;MIO; ?                   ;;;5393?;;;174; 5903 ;  3     9;;;;30.12.18; ???                   ; (339) – Сосны-Привольный-Моторово, 5393?
$;M;R  ;MIO; ?                   ;;;     ;;;172; 6004 ;1 34 67 9;;;;хх.03.19; ???                   ; (004,,161) – Березинское-Городьки по ж/д 
$;M;R  ;MIO; Борисов?            ;;;     ;;;171;  478 ;2389     ;;;;07.05.19; ???                   ; (ххх) - Борисов, Строителей 9??? 
$;M;R  ;MIO; Солигорск?          ;;;     ;;;170;  673 ;5        ;;;;13.04.19; ???                   ; (007) - Солигорск или р-н, ???
$;M;R  ;MIO; Слуцк?              ;;;     ;;;170;  730 ;9        ;;;;13.04.19; ???                   ; (010) - Слуцк, ??? 
$;M;R  ;MIO; Смолевичи?          ;;;     ;;;203;  756 ;12  56  9;;;;07.05.19; ???                   ; (xxx,362,377) - Смолевичи? . 1 юго-восток города, .23 на М1
$;M;R  ;MIO; Смолевичи?          ;;;     ;;;203;  770 ;7        ;;;;07.05.19; ???                   ; (ххх) - 770.7 Смолевичи? asv3385 знаеть где
$;M;R  ;MIO; Слуцк?              ;;;     ;;;170;  780 ;7        ;;;;13.04.19; ???                   ; (167) - Слуцк, ??? 
$;M;R  ;MIO; Солигорск?          ;;; 424?;;;170; 1365 ;45       ;;425?;;13.04.19; ???                   ; (000,305) - БС 0424/0425/0426/0427 в Солигорске, ??? 
$;M;R  ;MIO; Слуцк?              ;;;     ;;;170; 4642 ;8        ;;;;13.04.19; ???                   ; (303) - Слуцк, ??? 
$;M;R  ;MIO; Слуцк?              ;;;     ;;;170; 4687 ;9        ;;;;13.04.19; ???                   ; (504) - Слуцк, ??? 
$;M;R  ;MIO; ?                   ;;;     ;;;203; 4756 ;14       ;;;;07.05.19; ???                   ; (280) - LAC 203 или 205, словилось в о. п. Загорье 
$;M;R  ;MIO; Слуцк?              ;;;     ;;;170; 5130 ;4        ;;;;13.04.19; ???                   ; (033) - Слуцк, ??? 
$;M;R  ;MIO; ?                   ;;;     ;;;174; 5181 ;3689     ;;;;15.05.19; ???                   ; (327) - трасса М5 между Дукорой и Привольным 
$;M;R  ;MIO; ?                   ;;;     ;;;174; 5680 ;2356789  ;;;;15.05.19; ???                   ; (ххх,376,439) - .1 трасса М5 между Дукорой и Привольным, .23 - Михановичи-Седча, по ж/д, новая БС?
$;M;R  ;MIO; ?                   ;;;     ;;;174; 5692 ;147      ;;;;22.05.19; ???                   ; (460) - Михановичи-Седча, по ж/д, новая БС? доп. к 5680?
$;M;R  ;MIO; Слуцк?              ;;;     ;;;170; 6010 ;9        ;;;;13.04.19; ???                   ; (090) - Слуцк, ??? 
$;M;R  ;MIO; Слуцк?              ;;;     ;;;170; 6011 ;7        ;;;;13.04.19; ???                   ; (095) - Слуцк, ??? 
//$;M;R  ;MIO; ?                   ;;;     ;;;;;;ххх;  ххх ;х   ;хх.05.19; ???                   ; (ххх) -
$;M;R  ;MIO; ?                   ;;;     ;;;;;;203;  541 ;2   ;09.05.19; ???                   ; (499??) - около Смолевич 
$;M;R  ;MIO; ?                   ;;;     ;;;;;;174;  854 ;0   ;22.05.19; ???                   ; (287) - Михановичи-Седча, по ж/д, 5680/5692?
$;M;R  ;MIO; ?                   ;;;     ;;;;;;170; 4775 ;8   ;13.04.19; ???                   ; (093) - новая БС 12ХХ? 
$;M;R  ;MIO; Таборы?             ;;;1851?;;;;;;211;  482 ;9   ;27.12.16; ???                   ; (???) - возле Тарасово, 1851?
$;M;R  ;MIO; Фаниполь?           ;;;2122?;;;;;;173;  484 ;8   ;06.06.17; ???                   ; (???) - Фаниполь, 2122?
$;M;R  ;MIO; Фаниполь?           ;;;     ;;;;;;172;  488 ;23  ;09.09.18; ???                   ; (102,161) - возле Кибути
$;M;R  ;MIO; Столбцы?            ;;;2369?;;;;;;173;  491 ;6   ;06.06.17; ???                   ; (???) - Столбцы, Ленина, 2369?
$;M;R  ;MIO; Фаниполь?           ;;; 327?;;;;;;173;  498 ;56  ;06.06.17; ???                   ; (???) - Фаниполь, 327?
$;M;R  ;MIO; ?                   ;;; 375?;;;;396?;;216;  499 ;9   ;04.01.19; ???                   ; (406) - надуло около Паперни, 0375/0396?
$;M;R  ;MIO; Ждановичи?          ;;;1742?;;;;;;200;  804 ;0   ;18.11.18; ???                   ; (329) - Ждановичи около МУНДа, 1742?
$;M;R  ;MIO; ?                   ;;;4192?;;;;;;200;  903 ;2   ;19.01.17; ???                   ; (???) - Минское море возле резиденции, 4192?
$;M;R  ;MIO; Цнянка?             ;;; 430?;;;;;;201;  904 ;1   ;05.06.17; ???                   ; (???) - Цнянка, 430?
$;M;R  ;MIO; Молодечно?          ;;;4881?;;;;4883?;;172;  919 ;2   ;05.06.17; ???                   ; (267) - Молодечно, 4881/4882/4883? 
$;M;R  ;MIO; Молодечно?          ;;;5884?;;;;;;202;  927 ;4   ;05.06.17; ???                   ; (???) - Молодечно, 5884?
$;M;R  ;MIO; ?                   ;;; 885?;;;;;;172;  966 ;6   ;27.12.16; ???                   ; (???) - около M7, 885?
$;M;R  ;MIO; ?                   ;;;1402?;;;;;;174;  978 ;56  ;08.02.19; ???                   ; (xxx,145) - надуло в Гатово, 1402?
$;M;R  ;MIO; Гарутишки?          ;;; 329?;;;;;;216; 1096 ;3   ;16.06.17; ???                   ; (005) - Гарутишки, 329?
$;M;R  ;MIO; ?                   ;;; 333?;;;;;;216; 1096 ;7   ;31.05.18; ???                   ; (321) - Гарутишки? 333?
$;M;R  ;MIO; Колодищи?           ;;; 354?;;;;;;208; 1117 ;9   ;23.04.17; ???                   ; (???) - Основателей, 354?
$;M;R  ;MIO; ?                   ;;;     ;;;;;;203; 1271 ;1   ;04.04.18; ???                   ; (230) - надуло в МоО
$;M;R  ;MIO; ?                   ;;; 532?;;;;;;202; 1441 ;345 ;23.05.18; ???                   ; (313,048,344) - хз кто где, вероятно 532...573?
$;M;R  ;MIO; Василевщина?        ;;; 625?;;;;;;203; 1441 ;8   ;01.07.17; ???                   ; (???) - Березинский р-н?, Василевщина, 625? *питон*
$;M;R  ;MIO; ?                   ;;; 881?;;;;;;172; 1469 ;3   ;05.03.19; ???                   ; (289) - юг Молодечно, 881?
$;M;R  ;MIO; ?                   ;;; 885?;;;;;;172; 1469 ;4   ;09.10.17; ???                   ; (493) - возле Воложина, 885?
$;M;R  ;MIO; ?                   ;;; 891?;;;;;;216; 1469 ;5   ;30.04.18; ???                   ; (493) - за Ратомкой, 891?
$;M;R  ;MIO; ?                   ;;;1401?;;;;;;203; 1643 ;6   ;15.03.18; ???                   ; (171) - около Пуховичи, 1401?
$;M;R  ;MIO; ?                   ;;;2103?;;;;;;216; 1667 ;12  ;20.08.17; ???                   ; (215,367) - в Кривом Селе, МУНД-Есенина, 2103?
$;M;R  ;MIO; ?                   ;;;2130?;;;;;;206; 1693 ;6   ;21.07.18; ???                   ; (400) - Михановичи? 2130?
$;M;R  ;MIO; Ратомка?            ;;;2171?;;;;;;211; 1914 ;0   ;09.07.17; ???                   ; (???) - МУНД-Брикета, 2171?
$;M;R  ;MIO; Ждановичи?          ;;;2201?;;;;;;200; 1916 ;3   ;13.05.17; ???                   ; (403) - МУНД-Дрозды, 2201?
$;M;R  ;MIO; Фаниполь?           ;;;2328?;;;;;;216; 2440 ;2   ;06.06.17; ???                   ; (???) - Фаниполь, 2328? 
$;M;R  ;MIO; ?                   ;;;2329?;;;;;;216; 2440 ;4   ;31.05.18; ???                   ; (186) - Большое Беляково? 2329?
$;M;R  ;MIO; Свислочь?           ;;;2334?;;;;;;203; 2440 ;8   ;28.04.17; ???                   ; (060) - Свислочь, Равнополье, Рыбцы, 2334?
$;M;R  ;MIO; Зацень?             ;;;2340?;;;;;;200; 2450 ;9   ;23.04.17; ???                   ; (428) - надуло в Новинках, 2340?
$;M;R  ;MIO; Ждановичи?          ;;;2341?;;;;;;200; 2463 ;1   ;26.05.17; ???                   ; (???) - МУНД, Лазурный, 2341?
$;M;R  ;MIO; ?                   ;;;2353?;;;;;;172; 2467 ;8   ;17.01.18; ???                   ; (118) - nook2004 на М6, 2353? 
$;M;R  ;MIO; ?                   ;;;2359?;;;;;;202; 2499 ;2   ;16.09.17; ???                   ; (???) - за Гостиловичами, 2359?
$;M;R  ;MIO; ?                   ;;;4140?;;;;;;204; 2540 ;7   ;17.05.18; ???                   ; (282) - возле Волковичи, 4140?
$;M;R  ;MIO; ?                   ;;;4305?;;;;;;210; 2542 ;8   ;26.01.18; ???                   ; (276) - возле Конютичи, 4305?
$;M;R  ;MIO; ?                   ;;;4417?;;;;;;203; 2585 ;23  ;12.02.19; ???                   ; (106) - около 2348 по трассе Р92, 4417?
$;M;R  ;MIO; Марьина Горка?      ;;;4421?;;;;;;203; 2585 ;7   ;15.03.18; ???                   ; (106) - в Марьиной Горке около БС 2442, 4421?
$;M;R  ;MIO; ?                   ;;;5493?;;;;;;174; 2606 ;2   ;07.07.18; ???                   ; (049) - Смиловичи? 5493?
$;M;R  ;MIO; ?                   ;;;5910?;;;;;;216; 2607 ;1   ;06.01.19; ???                   ; (131) - Воложинский р-н, 5910? 
$;M;R  ;MIO; ?                   ;;;5973?;;;;;;172; 2610 ;1   ;09.10.17; ???                   ; (873) - возле БС 873 в Писляковщине, 5973?
$;M;R  ;MIO; ?                   ;;;5915?;;;;;;216; 5049 ;3   ;17.01.18; ???                   ; (017) - nook2004 на М6, Минский или Воложинский р-н, 5915.7?
$;M;R  ;MIO; ?                   ;;; 323?;;;;;;172; 5049 ;4   ;06.06.17; ???                   ; (303) - Фаниполь-Поповичи, 323?
$;M;R  ;MIO; ?                   ;;;     ;;;;;;201; 6241 ;46  ;01.10.16; ???                   ; (???) - ОГ-Дофаренция, ?
$;M;R  ;MIO; ?                   ;;;5189?;;;;;;202; 6249 ;4   ;23.05.18; ???                   ; (442) - хз кто где, вероятно 5189?
$;M;R  ;MIO; ?                   ;;;5973?;;;;;;172; 6250 ;9   ;15.05.16; ???                   ; (???) - Дайновка-Кибути, 5973?
$;M;R  ;MIO; ?                   ;;;5956?;;;;5973?;;172; 6251 ;1   ;15.05.16; ???                   ; (038) - Сульжицы-Раков, 5956? 5973?
$;M;R  ;MIO; ?                   ;;;5910?;;;;;;216; 6252 ;5   ;27.12.16; ???                   ; (139) - около M6, 5910?
$;M;R  ;MIO; ?                   ;;;5910?;;;;;;172; 6252 ;6   ;29.08.16; ???                   ; (???) - Новоселье-Аксаковщина, 5910?
$;M;R  ;MIO; ?                   ;;;4445?;;;;;;172; 6268 ;9   ;27.12.16; ???                   ; (???) - около M7, 4445?
$;M;R  ;MIO; ?                   ;;;4445?;;;;;;172; 6269 ;0   ;29.08.16; ???                   ; (???) - Воложин-Цаюны, 4445?
$;M;R  ;MIO; ?                   ;;;4421?;;;;;;203; 6274 ;1   ;20.05.16; ???                   ; (???) - около Смиловичи, 4421?
$;M;R  ;MIO; ?                   ;;;4373?;;;;;;172; 6280 ;2   ;05.06.17; ???                   ; (???) - хз кто где, 4373?
$;M;R  ;MIO; ?                   ;;;4194?;;;;;;202; 6283 ;7   ;26.06.16; ???                   ; (338) - Логойский р-н? ловилась по М3 около Литвичи, 4194?
$;M;R  ;MIO; ?                   ;;;2887?;;;;;;202; 6285 ;78  ;10.07.17; ???                   ; (???) - Молодечненский р-н, 2887? *питон*
$;M;R  ;MIO; ?                   ;;;2430?;;;;;;203; 6296 ;0   ;05.04.16; ???                   ; (???) - Свислочь-Дружный-Руденск и около Нового Села, 2430?
$;M;R  ;MIO; ?                   ;;;2387?;;;;;;172; 6306 ;4   ;11.09.16; ???                   ; (107) - Боровиковщина? 2387?
$;M;R  ;MIO; ?                   ;;;2376?;;;;;;202; 6307 ;9   ;26.06.16; ???                   ; (???) - Логойский р-н? ловилась около Плещеницы, 2376?
$;M;R  ;MIO; ?                   ;;;2375?;;;;;;202; 6308 ;3   ;05.04.16; ???                   ; (???) - надуло на М3 от Плещениц до Логойска, 2375?
$;M;R  ;MIO; ?                   ;;;2374?;;;;;;202; 6308 ;4   ;30.10.16; ???                   ; (???) - около БС 2171, 2374?
$;M;R  ;MIO; ?                   ;;;2373?;;;;;;203; 6308 ;7   ;19.06.16; ???                   ; (???) - Логойский р-н? Корч ловил тут:, 2373?        ; 54.186751; 27.673627;*?*
$;M;R  ;MIO; ?                   ;;;2348?;;;;;;173; 6314 ;0   ;12.02.19; ???                   ; (???) - около БС 4417, 2348?
$;M;R  ;MIO; ?                   ;;;2337?;;;;;;172; 6315 ;5   ;11.09.16; ???                   ; (???) - граница МиО и ГрО, по М6, 2337?
$;M;R  ;MIO; ?                   ;;;2330?;;;;;;173; 6316 ;2   ;26.04.16; ???                   ; (???) - ловилось по дороге Минск-Дзержинск, 2330?
$;M;R  ;MIO; ?                   ;;;2329?;;;;;;216; 6316 ;6   ;31.05.18; ???                   ; (132) - Большое Беляково? 2329?
$;M;R  ;MIO; ?                   ;;;2181?;;;;;;203; 6323 ;2   ;19.06.16; ???                   ; (???) - Логойский р-н? Корч ловил тут:, 2181?        ; 54.186751; 27.673627;*?*
$;M;R  ;MIO; ?                   ;;;2176?;;;;;;216; 6323 ;4   ;15.05.16; ???                   ; (165) - Сульжицы-Раков, 2176?
$;M;R  ;MIO; ?                   ;;;2123?;;;;;;172; 6329 ;1   ;05.06.17; ???                   ; (???) - хз кто где, LAC?, 2123?
$;M;R  ;MIO; ?                   ;;;1885?;;;;;;172; 6330 ;3   ;27.03.16; ???                   ; (???) - Березинское? 1885?
$;M;R  ;MIO; ?                   ;;;1401?;;;;1402?;;203; 6332 ;8   ;20.05.16; ???                   ; (???) - около Марьина Горка, 1401/1402?
$;M;R  ;MIO; ?                   ;;;1327?;;;;;;173; 6334 ;7   ;26.04.16; ???                   ; (???) - ловилось по дороге Минск-Дзержинск, 1327?
$;M;R  ;MIO; ?                   ;;;1174?;;;;;;173; 6336 ;0   ;09.10.16; ???                   ; (???) - ловилось около Держинска, 1174?
$;M;R  ;MIO; ?                   ;;; 853?;;;;;;172; 6342 ;1   ;15.05.16; ???                   ; (???) - около Сульжицы, Шараи?, 853?
$;M;R  ;MIO; ?                   ;;; 625?;;;;;;203; 6344 ;89  ;01.07.17; ???                   ; (???) - Березинский р-н? Василевщина, 625? *питон*
$;M;R  ;MIO; ?                   ;;; 571?;;;;;;202; 6349 ;0   ;02.05.16; ???                   ; (???) - хз кто где, 571?
$;M;R  ;MIO; ?                   ;;; 548?;;;;;;202; 6349 ;1   ;02.05.16; ???                   ; (???) - хз кто где, 548?
$;M;R  ;MIO; ?                   ;;; 548?;;;;;;202; 6349 ;4   ;02.05.16; ???                   ; (???) - ловилась около Силичи, 548?
$;M;R  ;MIO; ?                   ;;; 413?;;;;;;173; 6359 ;3   ;19.06.16; ???                   ; (???) - хз кто где, вероятно 413?
$;M;R  ;MIO; ?                   ;;; 412?;;;;;;173; 6359 ;9   ;19.06.16; ???                   ; (???) - хз кто где, вероятно 412?
$;M;R  ;MIO; ?                   ;;; 387?;;;;;;202; 6364 ;68  ;30.10.16; ???                   ; (???) - около Логойска, 387?
$;M;R  ;MIO; ?                   ;;; 386?;;;;;;202; 6365 ;2   ;30.10.16; ???                   ; (???) - около Логойска, 386?
$;M;R  ;MIO; ?                   ;;; 333?;;;;;;172; 6368 ;4   ;09.10.16; ???                   ; (???) - около Дзержинска, 333?
$;M;R  ;MIO; ?                   ;;; 329?;;;;;;172; 6369 ;0   ;11.09.16; Дзержинский р-н       ; (???) - текущая в Бакшты (ГрО), Гринкевичи? *питон*, 329?
$;M;R  ;MIO; ?                   ;;; 326?;;;;;;172; 6369 ;7   ;26.04.16; ???                   ; (???) - ловилось по дороге Минск-Дзержинск, 326?
$;M;R  ;MIO; ?                   ;;;5905?;;;;;;203; 6374 ;9   ;30.10.16; ???                   ; (???) - около Логойска, 5905?
$;M;R  ;MIO; ?                   ;;;4156?;;;;;;211; 6382 ;5   ;19.07.16; ???                   ; (???) - ловилось в районе Ждановичи, 4156?
$;M;R  ;MIO; ?                   ;;;2192?;;;;;;216; 6406 ;2   ;24.06.18; ???                   ; (185) - Великая Борздынь? 2192?
$;M;R  ;MIO; ?                   ;;; 385?;;;;;;203; 6423 ;1   ;30.10.16; ???                   ; (???) - около Комсомолец, 385?
$;M;R  ;MIO; ?                   ;;; 383?;;;;;;203; 6423 ;4   ;30.10.16; ???                   ; (???) - около Паперня, 383?
$;M;R  ;MIO; Минск (Липки)       ; LIPKI        ; 16 ;   78 ;123 ;456 ; 208 ;   78 ;12345  8 ;208;  472 ;3   ;01.10.07; Липковская 9/1        ; база Белпромстрой, башня 40м                         ; 53.919233; 27.704922;G
$;M;R  ;MIO; Озеречье?           ; OZERECH'E    ; 24 ;  181 ; 2  ;    ; 225 ;  181 ; 2       ;225; 6480 ;8   ;24.04.15; Клецкий р-н           ; ?                                                    ; 52.850474; 26.490183;*
$;M;R  ;MIO; Минск (Озерцо)      ; OZERTSO      ; 71 ;  300 ;123 ;456 ; 204 ; 1857 ;1     7  ;204; 6438 ;12  ;07.05.14; Меньковский тр. 2     ; авторынок, столб                                     ; 53.850112; 27.421423;G
$;M;R  ;MIO; Минск (Озерцо)      ;              ;    ;  300 ;    ;    ;     ;      ;         ;204;  497 ;6   ;22.11.16; Меньковский тр. 2     ; авторынок, столб                                     ; 53.850112; 27.421423;G
$;M;R  ;MIO; Сеница              ; SENITSA      ; 11 ;  304 ;123 ;456 ; 210 ; 2691 ;123 56  9;210; 6436 ;9   ;10.06.06; Набережная 57         ; торговый центр, мачта                                ; 53.822400; 27.518785;G
$;M;R  ;MIO; Сеница              ;              ;    ;  304 ;    ;    ;     ;      ;         ;210; 6437 ;0   ;10.06.16; Набережная 57         ; торговый центр, мачта                                ; 53.822400; 27.518785;G
$;M;R  ;MIO; Сеница              ;              ;    ;  304 ;    ;    ; 210 ; 2692 ;1  4  7  ;210; 1092 ;2   ;31.07.17; Набережная 57         ; торговый центр, мачта                                ; 53.822400; 27.518785;G
$;M;R  ;MIO; Прилуки             ; PRILUKI      ; 97 ;  306 ;1237;456 ; 204 ;  306 ;123456  9;204; 6436 ;68  ;25.11.06; Минский р-н           ; Мира 2, РУП НИИ защиты растений, мачта               ; 53.797350; 27.455961;G
$;M;R  ;MIO; Прилуки             ;              ;    ;  306 ;    ;    ;     ;      ;         ;204; 1092 ;4   ;11.06.17; Минский р-н           ; Мира 2, РУП НИИ защиты растений, мачта               ; 53.797350; 27.455961;G
$;M;R  ;MIO; Прилуки             ; PRILUKI      ; 70 ; 1308 ;1   ;    ;     ;  306 ;         ;   ;      ;    ;29.10.09; Минский р-н           ; Мира 2, РУП НИИ защиты растений, мачта               ; 53.797350; 27.455961;G
$;M;R  ;MIO; Курганье            ; KURGAN'E     ; 18 ;  310 ;1237;    ;     ;      ;         ;203; 1092 ;7   ;20.02.07; Смолевичский р-н      ; совм.башня 70м                                       ; 53.937129; 28.361814;G
$;M;R  ;MIO; Курганье            ;              ;    ;  310 ;    ;    ;     ;      ;         ;203; 6372 ;1   ;10.04.19; Смолевичский р-н      ; совм.башня 70м                                       ; 53.937129; 28.361814;G
$;M;R  ;MIO; Большой Тростенец   ; TROSTENETS   ; 70 ;  311 ;123 ;456 ; 206 ; 1862 ;1 3  6   ;206; 1092 ;89  ;19.09.06; Минский р-н           ; опорная мачта                                        ; 53.860239; 27.703671;G
$;M;R  ;MIO; Большой Тростенец   ;              ;    ;  311 ;    ;    ;     ;      ;         ;206; 1093 ;0   ;26.04.17; Минский р-н           ; опорная мачта                                        ; 53.860239; 27.703671;G
$;M;R  ;MIO; Гатово              ; GATOVO       ; 70 ;  312 ;123 ;456 ; 210 ; 4564 ;123456789;210; 6435 ;678 ;01.07.05; Минский р-н           ; кожзавод, труба                                      ; 53.772735; 27.649964;G
$;M;R  ;MIO; Гатово              ; GATOVO       ; 70 ;  312 ;   7;    ; 210 ; 4565 ;1  4  7  ;206; 6435 ;5   ;01.07.05; Минский р-н           ; кожзавод, труба                                      ; 53.772735; 27.649964;G
$;M;R  ;MIO; Привольный          ; PRIVOL'NYI   ; 70 ;  315 ;123 ;456 ; 206 ; 1865 ;  3     9;206; 6434 ;89  ;26.07.08; Минский р-н, Мира 23  ; М1/М5, гостиница N2                                  ; 53.795672; 27.796969;G
$;M;R  ;MIO; Привольный          ;              ;    ;  315 ;    ;    ;     ;      ;         ;206; 6435 ;01  ;26.07.08; Минский р-н, Мира 23  ; М1/М5, гостиница N2                                  ; 53.795672; 27.796969;G
$;M;R  ;MIO; Колодищи            ; KOLODISCHI   ; 94 ;  317 ;123 ;456 ; 208 ; 1869 ; 2  5678 ;208; 6434 ;45  ;19.06.06; Минская 10            ; Белпочта, мачта                                      ; 53.956936; 27.781764;G
$;M;R  ;MIO; Колодищи            ;              ;    ;  317 ;    ;    ;     ;      ;         ;208; 1093 ;3   ;23.04.17; Минская 10            ; Белпочта, мачта                                      ; 53.956936; 27.781764;G
$;M;R  ;MIO; Свислочь            ; SVISLOCH'    ; 95 ;  318 ;123 ;456 ; 174 ; 1870 ;1 34 67 9;174; 6372 ;0   ;29.12.06; Пуховичский р-н       ; 17го Сентября, ООО "Новбелтех-Плюс", мачта           ; 53.643100; 27.914170;G
$;M;R  ;MIO; Свислочь            ;              ;    ;  318 ;    ;    ;     ;      ;         ;174; 1093 ;5   ;28.04.17; Пуховичский р-н       ; 17го Сентября, ООО "Новбелтех-Плюс", мачта           ; 53.643100; 27.914170;G
$;M;R  ;MIO; Смолевичи           ; SMOLEVICHI   ; 94 ;  319 ;123 ;456 ; 203 ; 1871 ;   4     ;203; 6371 ;567 ;20.02.07; Торговая 14Б          ; ОАО "Белдортехника", опорная мачта МТС               ; 54.013152; 28.092693;Y
$;M;R  ;MIO; Поповичи            ; POPOVICHI    ; 97 ;  321 ;1237;4568; 204 ; 1874 ;    5    ;204; 6434 ;0   ;13.10.06; Минский р-н           ; башня 70м                                            ; 53.809001; 27.348511;G
$;M;R  ;MIO; Поповичи            ;              ;    ;  321 ;    ;    ;     ;      ;         ;204; 1093 ;67  ;06.06.17; Минский р-н           ; башня 70м                                            ; 53.809001; 27.348511;G
$;M;R  ;MIO; Поповичи            ;              ;    ;  321 ;    ;    ;     ;      ;         ;204; 5049 ;2   ;06.06.17; Минский р-н           ; башня 70м                                            ; 53.809001; 27.348511;G
$;M;R  ;MIO; Фаниполь            ; FANIPOL'     ; 97 ;  322 ;1237;4568; 204 ; 2093 ;  3  6  9;204; 6371 ;124 ;22.02.07; Заводская 5           ; котельная, труба                                     ; 53.738701; 27.328579;G
$;M;R  ;MIO; Фаниполь            ;              ;    ;  322 ;    ;    ; 204 ; 2094 ;1234 6 89;204; 1093 ;8   ;07.10.16; Заводская 5           ; котельная, труба                                     ; 53.738701; 27.328579;G
$;M;R  ;MIO; Великая Гуменовщина ;              ; 98 ;  323 ;1237;    ;     ;      ;         ;172; 6371 ;0   ;15.06.08; Столбцовский р-н      ; P54, совм.башня 70м                                  ; 53.644477; 26.695127;G
$;M;R  ;MIO; Русовщина           ; RUSOVSCHINA  ; 89 ;  324 ;1237;4568; 173 ;  324 ;1 3      ;173; 6370 ;3456;17.08.08; Клецкий р-н           ; совм.башня 70м                                       ; 53.045670; 26.492170;G
$;M;R  ;MIO; Русовщина           ;              ;    ;  324 ;    ;    ; 173 ; 3324 ;1        ;   ;      ;    ;10.05.16; Клецкий р-н           ; совм.башня 70м                                       ; 53.045670; 26.492170;G
$;M;R  ;MIO; Лозовый Куст        ; LOZOVYI KUST ; 94 ;  325 ;123 ;456 ; 205 ; 1878 ;  3  6   ;205; 6370 ;012 ;10.08.07; Смолевичский р-н      ; башня велком 70м                                     ; 53.857113; 27.937577;G
$;M;R  ;MIO; Дявги               ; DIAVGI       ; 97 ;  326 ;1237;    ; 172 ;  326 ; 2       ;172; 6369 ;89  ;09.11.09; Столбцовский р-н      ; совм.башня 70м                                       ; 53.741400; 26.829740;G
$;M;R  ;MIO; Фаниполь            ; FANIPOL'     ; 97 ;  327 ;123 ;456 ; 204 ; 4311 ;123 5 789;204; 1096 ;1   ;16.01.08; Комсомольская 43      ; столовая, мачта                                      ; 53.741033; 27.318726;G
$;M;R  ;MIO; Фаниполь            ;              ;    ;  327 ;    ;    ; 204 ; 4406 ;123 5 789;   ;      ;    ;23.07.18; Комсомольская 43      ; столовая, мачта                                      ; 53.741033; 27.318726;G
$;M;R  ;MIO; Зеленый Бор         ; ZELENII BOR  ; 18 ;  328 ;123 ;456 ;     ;      ;         ;   ;      ;    ;23.11.08; Смолевичский р-н      ; башня 40м                                            ; 54.008556; 28.479528;G
$;M;R  ;MIO; Гринкевичи          ; GRINKEVICHI  ; 97 ;  329 ;123 ;    ; 216 ;  329 ; 23      ;   ;      ;    ;26.04.08; Дзержинский р-н       ; совм.башня 70м                                       ; 53.824650; 27.005400;G
$;M;R  ;MIO; Лесной              ; LESNOI       ; 78 ;  330 ;123 ;456 ; 201 ;  200 ;12345678 ;201; 6433 ;789 ;16.05.07; Минский р-н           ; дом N31, кафедра БелМАПО, мачта                      ; 54.0046  ; 27.6951  ;G
$;M;R  ;MIO; Лесной              ;              ;    ;  330 ;    ;    ; 201 ;  201 ;12 45 78 ;   ;      ;    ;19.11.16; Минский р-н           ; дом N31, кафедра БелМАПО, мачта                      ; 54.0046  ; 27.6951  ;G
$;M;R  ;MIO; Юхновка             ; IUHNOVKA     ; 94 ;  331 ;123 ;456 ; 205 ;  331 ;123456  9;205; 6433 ;6   ;15.06.08; Луговая 8             ; оконный цех, мачта                                   ; 53.971691; 27.859056;G
$;M;R  ;MIO; Юхновка             ;              ;    ;  331 ;    ;    ;     ;      ;         ;205; 1096 ;5   ;09.05.17; Луговая 8             ; оконный цех, мачта                                   ; 53.971691; 27.859056;G
$;M;R  ;MIO; Костевичи           ; KOSTEVICHI   ; 97 ;  332 ;123 ;    ;     ;      ;         ;216; 6368 ;78  ;16.01.08; Дзержинский р-н       ; совм.башня 70м                                       ; 53.705100; 27.046570;G
$;M;R  ;MIO; Гарутишки           ; GERUTISHKI   ; 97 ;  333 ;123 ;    ; 216 ; 1884 ; 2  5    ;216; 1096 ;8   ;30.03.08; Дзержинский р-н       ; совм.башня 70м                                       ; 53.768630; 27.079170;G
$;M;R  ;MIO; Новый Двор          ; NOVYI DVOR   ; 70 ;  334 ;123 ;456 ; 206 ; 1886 ;12345678 ;206; 6433 ;123 ;20.09.07; Минский р-н           ; Парковая 6, магазин, мачта                           ; 53.8126  ; 27.6615  ;G
$;M;R  ;MIO; в/г Околица         ; OKOLITSA     ; 78 ;  335 ;123 ;456 ; 201 ; 1887 ;1 34 67 9;201; 6432 ;89  ;09.12.07; Минский р-н           ; общежитие, мачта                                     ; 54.038276; 27.781020;G
$;M;R  ;MIO; в/г Околица         ;              ;    ;  335 ;    ;    ;     ;      ;         ;201; 6433 ;0   ;09.12.07; Минский р-н           ; общежитие, мачта                                     ; 54.038276; 27.781020;G
$;M;R  ;MIO; Корабли             ; KORABLI      ; 74 ;  336 ;1237;    ;     ;      ;         ;172; 1111 ;0   ;05.05.08; Воложинский р-н       ; совм.башня 70м                                       ; 54.093460; 26.954490;G
$;M;R  ;MIO; Корабли             ;              ;    ;  336 ;    ;    ;     ;      ;         ;172; 6368 ;1   ;05.05.08; Воложинский р-н       ; совм.башня 70м                                       ; 54.093460; 26.954490;G
$;M;R  ;MIO; Конютичи            ; KONIUTICHI   ; 70 ;  337 ;123 ;456 ; 210 ; 1888 ; 23 56 8 ;210; 6432 ; 7  ;09.06.08; Минский р-н           ; опорная мачта                                        ; 53.792560; 27.533247;G
$;M;R  ;MIO; Конютичи            ;              ;    ;  337 ;    ;    ;     ;      ;         ;210; 1111 ;12  ;11.06.17; Минский р-н           ; опорная мачта                                        ; 53.792560; 27.533247;G
$;M;R  ;MIO; Вязынка             ; VIAZYNKA     ; 74 ;  340 ;123 ;456 ; 216 ; 1889 ; 2     8 ;216; 6367 ;8   ;13.06.09; Молодечненский р-н    ; опорная мачта                                        ; 54.109086; 27.190684;G
$;M;R  ;MIO; Вязынка             ;              ;    ;  340 ;    ;    ;     ;      ;         ;216; 6368 ;0   ;13.06.09; Молодечненский р-н    ; опорная мачта                                        ; 54.109086; 27.190684;G
$;M;R  ;MIO; Вязынка             ;              ;    ;  340 ;    ;    ;     ;      ;         ;216; 1111 ;3   ;13.06.09; Молодечненский р-н    ; опорная мачта                                        ; 54.109086; 27.190684;G
$;M;R  ;MIO; Раевка              ; RAEVKA       ; 17 ;  341 ;123 ;    ; 202 ;  341 ; 2       ;   ;      ;    ;30.05.08; Молодечненский р-н    ; Ленина 16, ТД "Приозерный"                           ; 54.303429; 27.225205;G
$;M;R  ;MIO; Ратьковичи          ; RAT'KOVICHI  ; 74 ;  345 ;123 ;    ;     ;      ;         ;202; 6367 ;24  ;02.08.10; Логойский р-н         ; совм.башня 70м                                       ; 54.290080; 27.568780;G
$;M;R  ;MIO; Семково             ; SEMKOVO      ; 74 ;  350 ;123 ;456 ; 216 ; 1896 ;    5  8 ;216; 1117 ;3   ;09.06.08; Минский р-н           ; Центральная 3, почта                                 ; 54.0233  ; 27.4334  ;G*
$;M;R  ;MIO; Колодищи            ; KOLODISCHI   ; 94 ;  354 ;123 ;4   ; 208 ;  354 ;1234567  ;208; 6430 ;23  ;02.05.07; Молокович 25          ; пожарная часть, мачта                                ; 53.931880; 27.760235;G
$;M;R  ;MIO; Колодищи            ;              ;    ;  354 ;    ;    ; 208 ; 1908 ;         ;   ;      ;    ;02.05.07; Молокович 25          ; пожарная часть, мачта                                ; 53.931880; 27.760235;G
$;M;R  ;MIO; Минск               ; MINSK        ; 77 ;  356 ;123 ;456 ; 201 ;  243 ;123456789;201;  499 ;2   ;        ; Боровая 5             ; Экспобел, трубостойки                                ; 53.963468; 27.625394;G
$;M;R  ;MIO; Минск               ;              ;    ;  356 ;    ;    ; 201 ;  250 ; 23 56 89;201; 1120 ;23  ;26.04.17; Боровая 5             ; Экспобел, трубостойки                                ; 53.963468; 27.625394;G
$;M;R  ;MIO; Минск               ;              ;    ;  356 ;    ;    ; 201 ;  250 ;1  4  7  ;   ;      ;    ;10.12.16; Боровая 5             ; Экспобел, внутри                                     ; 53.964229; 27.624453;G
$;M;R  ;MIO; Щомыслица           ; SCHOMYSLITSA ; 97 ;  363 ;123 ;456 ; 204 ; 1932 ;1 34 6  9;204; 6427 ;79  ;04.11.07; Минский р-н           ; опорная мачта                                        ; 53.816896; 27.443999;G
$;M;R  ;MIO; Щомыслица           ;              ;    ;  363 ;    ;    ; 204 ; 3363 ;12 45 78 ;204; 1120 ;9   ;07.10.16; Минский р-н           ; опорная мачта                                        ; 53.816896; 27.443999;G
$;M;R  ;MIO; Красовщина          ; KRASOVSCHINA ; 17 ;  364 ;123 ;456 ; 172 ; 1934 ; 23 56 89;172; 1124 ;1   ;11.12.06; Молодечненский р-н    ; Р28, совм.башня 70м                                  ; 54.219100; 27.115310;G
$;M;R  ;MIO; Красовщина          ;              ;    ;  364 ;    ;    ;     ;      ;         ;172; 6366 ;9   ;13.08.18; Молодечненский р-н    ; Р28, совм.башня 70м                                  ; 54.219100; 27.115310;G
$;M;R  ;MIO; Писаревщина         ; PISAREVSCHINA; 17 ;  365 ;123 ;456 ; 172 ; 1936 ;1 34 67  ;172; 6366 ;68  ;11.12.06; Молодечненский р-н    ; Р28, башня 70м                                       ; 54.259772; 27.007227;G
$;M;R  ;MIO; Цна                 ; TSNA         ; 99 ;  366 ;1237;    ;     ;      ;         ;172; 6366 ;2345;16.07.07; Вилейский р-н         ; Р28, совм.башня 70м                                  ; 54.404020; 26.875650;G
$;M;R  ;MIO; Заспорня            ; ZASPORNIA    ; 99 ;  367 ;123 ;456 ; 202 ;  367 ;123 5    ;202; 1124 ;3   ;03.01.07; Вилейский р-н         ; Р28, башня 70м                                       ; 54.469770; 26.855690;G
$;M;R  ;MIO; Талуть              ; TALUT'       ; 99 ;  368 ;123 ;    ;     ;      ;         ;   ;      ;    ;03.01.07; Вилейский р-н         ; Р28, башня 70м                                       ; 54.686420; 26.925050;G
$;M;R  ;MIO; Занарочь            ; ZANAROCH'    ; 99 ;  369 ;123 ;    ; 202 ;  369 ;  3      ;   ;      ;    ;03.01.07; Мядельский р-н        ; совм.башня 70м                                       ; 54.803400; 26.778840;G
$;M;R  ;MIO; Валерьяново         ; VALER'IANOVO ; 78 ;  370 ;123 ;456 ; 201 ; 1939 ;1234567 9;201; 6427 ;456 ;30.07.08; Минский р-н           ; Лесная, башня 40м                                    ; 53.974497; 27.666874;G
$;M;R  ;MIO; Ратомка             ; GONOLES      ; 75 ;  371 ;123 ;456 ; 211 ;  371 ;12 4  7  ;211;  499 ;8   ;13.10.06; Минский р-н           ; ММЦ "Юность", корпус "Морской", трубостойки          ; 53.976193; 27.340100;G
$;M;R  ;MIO; Боровляны           ; BOROVLIANY   ; 78 ;  372 ;123 ;456 ; 201 ; 4411 ;123456789;201; 6426 ;89  ;13.10.06; Фрунзенская 43        ; детский гематологический центр, трубостойки          ; 53.9977  ; 27.6909  ;G
$;M;R  ;MIO; Боровляны           ;              ;    ;  372 ;    ;    ; 201 ; 4440 ;1  4  7  ;201; 6427 ;0   ;13.10.06; Фрунзенская 43        ; детский гематологический центр, трубостойки          ; 53.9977  ; 27.6909  ;G
$;M;R  ;MIO; Раубичи             ; RAUBICHI     ; 78 ;  374 ;123 ;456 ; 201 ; 1941 ;123456 89;201; 6426 ;123 ;22.02.07; Минский р-н           ; СК, высокий трамплин                                 ; 54.059497; 27.738046;G
$;M;R  ;MIO; Раубичи             ;              ;    ;  374 ;    ;    ; 201 ; 1942 ;1  4  7  ;   ;      ;    ;14.09.14; Минский р-н           ; СК, высокий трамплин                                 ; 54.059497; 27.738046;G
$;M;R  ;MIO; Новинка             ; NOVINKA      ; 74 ;  375 ;123 ;    ; 200 ;  375 ; 23      ;   ;      ;    ;22.02.07; Минский р-н           ; башня                                                ; 54.054191; 27.388328;G
$;M;R  ;MIO; Приморье            ;SEMKOV GORODOK; 75 ;  376 ;123 ;456 ; 200 ; 1362 ;123      ;200; 6425 ;5   ;16.03.08; Минский р-н           ; санаторий-профилакторий БНТУ, трипод                 ; 53.991870; 27.462720;G
$;M;R  ;MIO; Приморье            ;              ;    ;  376 ;    ;    ;     ;      ;         ;200; 1124 ;9   ;19.01.17; Минский р-н           ; санаторий-профилакторий БНТУ, трипод                 ; 53.991870; 27.462720;G
$;M;R  ;MIO; Приморье            ;              ;    ;  376 ;    ;    ;     ;      ;         ;200; 1145 ;0   ;30.03.18; Минский р-н           ; санаторий-профилакторий БНТУ, трипод                 ; 53.991870; 27.462720;G
$;M;R  ;MIO; Большевик           ; BOL'SHEVIK   ; 77 ;  377 ;123 ;456 ; 201 ; 1363 ;123456 8 ;201; 6425 ;34  ;13.10.06; Минский р-н           ; совхоз Большевик, прицефабрика, трубостойки          ; 54.0026  ; 27.5805  ;G
$;M;R  ;MIO; Большевик           ;              ;    ;  377 ;    ;    ; 201 ; 4577 ;12 45 7  ;201; 1145 ;12  ;23.04.17; Минский р-н           ; совхоз Большевик, прицефабрика, трубостойки          ; 54.0026  ; 27.5805  ;G
$;M;R  ;MIO; Комсомолец          ; KOMSOMOLETS  ; 77 ;  378 ;123 ;456 ; 201 ;  378 ;1234567 9;201; 6425 ;1   ;22.02.07; Минский р-н           ; мачта 40м                                            ; 54.077122; 27.565009;G
$;M;R  ;MIO; Комсомолец          ;              ;    ;  378 ;    ;    ;     ;      ;         ;201; 6424 ;9   ;22.02.07; Минский р-н           ; мачта 40м?                                           ; 54.077122; 27.565009;G
$;M;R  ;MIO; Лесной              ; LESNOI       ; 78 ;  379 ;123 ;456 ; 201 ; 1944 ;123456789;201; 6424 ;678 ;13.10.06; Минский р-н           ; общежитие N15, трипод и трубостойки                  ; 54.009   ; 27.6794  ;G
$;M;R  ;MIO; Ждановичи           ; ZHDANOVICHI  ; 75 ;  380 ;123 ;456 ; 211 ; 1945 ;123456789;211; 1145 ;34  ;22.02.05; Минский р-н           ; Линейная 2/Х, мастерская минскоблбытуправления, мачта; 53.945871; 27.421927;G
$;M;R  ;MIO; Ждановичи           ;              ;    ;  380 ;    ;    ; 211 ; 1495 ;123      ;   ;      ;    ;25.05.19; Минский р-н           ; Линейная 2/Х, мастерская минскоблбытуправления, мачта; 53.945871; 27.421927;G
$;M;R  ;MIO; Малая Воловщина     ; VALOVSCHINA  ; 75 ;  382 ;1237;4568; 216 ; 1946 ; 2       ;216; 1145 ;7   ;22.02.07; Минский р-н           ; башня связи бел. ж/д                                 ; 53.972603; 27.257767;G
$;M;R  ;MIO; Малая Воловщина     ;              ;    ;  382 ;    ;    ; 202 ; 3382 ;1  4     ;   ;      ;    ;05.12.11; Минский р-н           ; башня связи бел. ж/д                                 ; 53.972603; 27.257767;G
$;M;R  ;MIO; Паперня             ; PAPERNIA     ; 77 ;  383 ;1237;4568; 201 ; 1948 ; 23 567 9;201; 6423 ;5 78;06.07.08; Минский р-н           ; Р58, совм.башня велком 70м                           ; 54.029393; 27.567296;G
$;M;R  ;MIO; Паперня             ;              ;    ;  383 ;    ;    ; 201 ; 1950 ;      7  ;201; 1145 ;8   ;19.03.16; Минский р-н           ; Р58, совм.башня велком 70м                           ; 54.029393; 27.567296;G
$;M;R  ;MIO; Мацки               ; MATSKI       ; 74 ;  384 ;123 ;456 ; 202 ;  384 ;123 5    ;202; 1145 ;9   ;17.04.09; Минский р-н           ; Р58, совм.башня 70м                                  ; 54.127071; 27.531135;G
$;M;R  ;MIO; Шепели              ; SHEPELI      ; 74 ;  385 ;123 ;    ;     ;      ;         ;   ;      ;    ;06.07.08; Минский р-н           ; Р58, совм.башня 70м                                  ; 54.167130; 27.501330;G
$;M;R  ;MIO; Дашки               ; DASHKI       ; 74 ;  386 ;1237;    ;     ;      ;         ;   ;      ;    ;06.07.08; Логойский р-н         ; Р58, совм.башня 70м                                  ; 54.245850; 27.480500;G
$;M;R  ;MIO; Луковец             ; LUKAVETS     ; 74 ;  387 ;1237;    ;     ;      ;         ;   ;      ;    ;06.07.08; Вилейский р-н         ; Р58, совм.башня 70м                                  ; 54.325690; 27.452010;G
$;M;R  ;MIO; Залесье             ; ZALES'E      ; 74 ;  388 ;1237;    ;     ;      ;         ;   ;      ;    ;06.07.08; Вилейский р-н         ; P58, совм.башня 70м                                  ; 54.386970; 27.348440;G
$;M;R  ;MIO; Ковали              ; KOVALI       ; 74 ;  389 ;123 ;    ;     ;      ;         ;   ;      ;    ;06.07.08; Вилейский р-н         ; Р58, совм.башня 70м                                  ; 54.472220; 27.265600;G
$;M;R  ;MIO; Ерхи                ; ERHI         ; 74 ;  390 ;123 ;    ;     ;      ;         ;202; 6363 ;6   ;06.07.08; Вилейский р-н         ; Р58, совм.башня 70м                                  ; 54.566320; 27.209980;G
$;M;R  ;MIO; Кулеши              ; KULESHI      ; 74 ;  391 ;123 ;    ;     ;      ;         ;202; 6363 ;35  ;06.07.08; Вилейский р-н         ; P58, совм.башня 70м                                  ; 54.609790; 27.166630;G
$;M;R  ;MIO; Княгинин            ; KNIAGININO   ; 74 ;  392 ;1237;    ;     ;      ;         ;202; 6363 ;12  ;06.07.08; Мядельский р-н        ; совм.башня 70м                                       ; 54.695770; 27.165750;G
$;M;R  ;MIO; Княгинин            ;              ;    ;  392 ;    ;    ;     ;      ;         ;202; 1271 ;0   ;10.03.18; Мядельский р-н        ; совм.башня 70м                                       ; 54.695770; 27.165750;G
$;M;R  ;MIO; Мацки               ; MATSKI       ; 99 ;  393 ;123 ;    ;     ;      ;         ;202; 6362 ;9   ;06.07.08; Мядельский р-н        ; P58, совм.башня 70м                                  ; 54.769820; 27.086210;G
$;M;R  ;MIO; Мацки               ;              ;    ;  393 ;    ;    ;     ;      ;         ;202; 1165 ;9   ;12.08.18; Мядельский р-н        ; P58, совм.башня 70м                                  ; 54.769820; 27.086210;G
$;M;R  ;MIO; Брусы               ; BRUSY        ; 99 ;  394 ;123 ;    ;     ;      ;         ;   ;      ;    ;03.01.07; Мядельский р-н        ; совм.башня 70м                                       ; 54.765350; 26.967230;G
$;M;R  ;MIO; Шиковичи            ; SHIKOVICHI   ; 99 ;  395 ;123 ;    ; 202 ;  395 ;123      ;   ;      ;    ;03.01.07; Мядельский р-н        ; P58, совм.башня 70м                                  ; 54.836810; 26.941960;G
$;M;R  ;MIO; Лошаны              ; LOSHANY      ; 74 ;  396 ;123 ;4568; 216 ; 1964 ;  3  6   ;216;  902 ;1   ;07.07.08; Минский р-н           ; Р28, башня 70м                                       ; 54.050082; 27.297384;G
$;M;R  ;MIO; Лошаны              ;              ;    ;  396 ;    ;    ; 216 ; 3396 ;1  4  7  ;216; 1259 ;12  ;05.06.16; Минский р-н           ; Р28, башня 70м                                       ; 54.050082; 27.297384;G
$;M;R  ;MIO; Уша                 ; USHA         ; 74 ;  397 ;123 ;456 ; 216 ; 1968 ;1  4 67  ;216; 6361 ;8   ;13.04.08; Молодечненский р-н    ; Р28, башня 70м                                       ; 54.096538; 27.101975;G
$;M;R  ;MIO; Уша                 ;              ;    ;  397 ;    ;    ;     ;      ;         ;216; 6362 ;0   ;13.04.08; Молодечненский р-н    ; Р28, башня 70м                                       ; 54.096538; 27.101975;G
$;M;R  ;MIO; Уша                 ;              ;    ;  397 ;    ;    ;     ;      ;         ;216; 1259 ;3   ;13.04.08; Молодечненский р-н    ; Р28, башня 70м                                       ; 54.096538; 27.101975;G
$;M;R  ;MIO; Лисицы              ; LISITSY      ; 74 ;  398 ;123 ;    ; 216 ;  398 ;1234567 9;216; 6422 ;35  ;19.12.06; Минский р-н           ; Р28, совм.башня 70м                                  ; 54.104040; 27.269680;G
$;M;R  ;MIO; Лисицы              ;              ;    ;  398 ;    ;    ;     ;      ;         ;216; 1259 ;4   ;19.12.06; Минский р-н           ; Р28, совм.башня 70м                                  ; 54.104040; 27.269680;G
$;M;R  ;MIO; Швакшты             ; SHVAKSHTY    ; 99 ;  399 ;123 ;    ;     ;      ;         ;   ;      ;    ;03.01.07; Мядельский р-н        ; башня 70м                                            ; 54.962094; 26.641276;G
$;M;R  ;MIO; Кривичи             ; KRIVICHI     ; 74 ;  400 ;123 ;456 ; 202 ;  400 ;1 34 6   ;202; 6361 ;24  ;22.06.08; Мядельский р-н        ; магазин "Промтовары", мачта                          ; 54.712760; 27.290540;G
$;M;R  ;MIO; Моторово            ; MOTOROVO     ; 70 ;  401 ;1237;4568; 174 ; 2618 ;123 56789;174; 6360 ;9   ;13.09.05; Пуховичский р-н       ; М5, башня 70м                                        ; 53.738450; 27.848790;G
$;M;R  ;MIO; Моторово            ;              ;    ;  401 ;    ;    ; 174 ; 2620 ;1  4  7  ;174; 1259 ;56  ;10.03.16; Пуховичский р-н       ; М5, башня 70м                                        ; 53.738450; 27.848790;G
$;M;R  ;MIO; Моторово            ;              ;    ;  401 ;    ;    ;     ;      ;         ;174; 5049 ;5   ;15.03.18; Пуховичский р-н       ; М5, башня 70м                                        ; 53.738450; 27.848790;G
$;M;R  ;MIO; Руденск             ; RUDENSK      ; 95 ;  402 ;123 ;456 ; 174 ;  402 ;123456789;174; 6360 ;8   ;06.06.05; Пуховичский р-н       ; Руденская 2Б, ОАО "Руденск", мачта                   ; 53.595220; 27.869320;G
$;M;R  ;MIO; Руденск             ;              ;    ;  402 ;    ;    ;     ;      ;         ;174; 1259 ;78  ;06.06.05; Пуховичский р-н       ; Руденская 2Б, ОАО "Руденск", мачта                   ; 53.595220; 27.869320;G
$;M;R  ;MIO; Звезда              ; ZVEZDA       ; 95 ;  403 ;123 ;456 ; 174 ;  403 ;12345678 ;174;  902 ;5   ;21.04.05; Пуховичский р-н       ; М5, башня 70м                                        ; 53.556145; 28.130209;G
$;M;R  ;MIO; Звезда              ;              ;    ;  403 ;    ;    ;     ;      ;         ;174; 1433 ;0   ;25.05.17; Пуховичский р-н       ; М5, башня 70м                                        ; 53.556145; 28.130209;G
$;M;R  ;MIO; Звезда              ;              ;    ;  403 ;    ;    ;     ;      ;         ;174; 1259 ;9   ;25.05.17; Пуховичский р-н       ; М5, башня 70м                                        ; 53.556145; 28.130209;G
$;M;R  ;MIO; Марьина Горка       ; MAR'INA GORKA; 95 ;  405 ;123 ;456 ; 174 ;  405 ;1234 67 9;203;  902 ;8   ;12.02.06; Пуховичский р-н       ; Советская 15, дом культуры, мачта                    ; 53.511845; 28.148474;G
$;M;R  ;MIO; Марьина Горка       ;              ;    ;  405 ;    ;    ;     ;      ;         ;174; 1433 ;2   ;25.05.17; Пуховичский р-н       ; Советская 15, дом культуры, мачта                    ; 53.511845; 28.148474;G
$;M;R  ;MIO; Марьина Горка       ; MAR'INA GORKA; 95 ;  406 ;123 ;456 ; 174 ; 5020 ;123 56 89;174; 6360 ;2   ;06.06.05; Пуховичский р-н       ; Новая Заря 49А, котельная ЖКХ N2, труба              ; 53.500214; 28.165344;G
$;M;R  ;MIO; Марьина Горка       ;              ;    ;  406 ;    ;    ; 174 ; 5021 ;1  4  7  ;174; 1433 ;34  ;06.01.17; Пуховичский р-н       ; Новая Заря 49А, котельная ЖКХ N2, труба              ; 53.500214; 28.165344;G
$;M;R  ;MIO; Самохваловичи       ;SAMOHVALOVICHI; 70 ;  411 ;123 ;456 ; 204 ; 1360 ;123456789;204; 6422 ;01  ;22.02.07; Минский р-н           ; башня 70м                                            ; 53.736600; 27.524400;G
$;M;R  ;MIO; Самохваловичи       ;              ;    ;  411 ;    ;    ; 204 ; 2065 ;1  4  7  ;204; 1433 ;5   ;22.02.07; Минский р-н           ; башня 70м                                            ; 53.736600; 27.524400;G
$;M;R  ;MIO; Корма               ; KORMA        ; 73 ;  412 ;1237;4568; 173 ; 1787 ;1234 6789;173; 6359 ;6   ;05.06.06; Узденский р-н         ; P23, башня 70м                                       ; 53.588580; 27.467620;G
$;M;R  ;MIO; Корма               ;              ;    ;  412 ;    ;    ;     ;      ;         ;173; 1433 ;67  ;06.12.18; Узденский р-н         ; P23, башня 70м                                       ; 53.588580; 27.467620;G
$;M;R  ;MIO; Валерьяны           ; VALER'IANY   ; 73 ;  413 ;1237;456 ;     ;      ;         ;   ;      ;    ;05.06.06; Узденский р-н         ; Р23, башня 70м                                       ; 53.429785; 27.496677;G
$;M;R  ;MIO; Шищицы              ; SHISCHITSY   ; 92 ;  414 ;123 ;    ;     ;      ;         ;   ;      ;    ;04.02.07; Слуцкий р-н           ; РТПС                                                 ; 53.226430; 27.542410;G
$;M;R  ;MIO; Копыль              ; KOPYL'       ; 89 ;  415 ;123 ;456 ; 173 ;  415 ;123 5    ;173; 6358 ;6789;05.06.06; Замковая 1            ; общежитие, мачта                                     ; 53.151570; 27.092800;G
$;M;R  ;MIO; Уречье              ; URECH'E      ; 92 ;  416 ;123 ;456 ; 170 ;  416 ;123      ;170; 6358 ;345 ;24.09.06; Любанский р-н         ; Заводская 1, спиртзавод "Кристалл", мачта            ; 52.947650; 27.888660;G
$;M;R  ;MIO; Любань              ; LUBAN'       ; 92 ;  417 ;123 ;456 ; 170 ;  417 ;123456  9;   ;      ;    ;01.06.15; Первомайская 29       ; кафе "Встреча", кулинария, мачта                     ; 52.790734; 28.001771;G
$;M;R  ;MIO; Старобин?           ; STAROBIN     ; 14 ;  419 ;1237;456 ; 170 ; 1364 ;   4 6   ;   ;      ;    ;01.06.08; Солигорский р-н       ; ул. 8-марта 23 клуб?, мачта (чья?)                   ; 52.730689; 27.451291;G*w
$;M;R  ;MIO; Слуцк               ; SLUTSK       ; 92 ;  420 ;123 ;456 ; 170 ;  420 ;12345 7  ;170; 6357 ;34  ;24.09.06; Чехова 55             ; общежитие завода "Калибр", мачта                     ; 53.043143; 27.560494;G
$;M;R  ;MIO; Слуцк               ; SLUTSK       ; 92 ;  423 ;1237;4568; 170 ; 1988 ;      78 ;170; 6357 ;012 ;24.09.06; Головащенко 6         ; ОАО "Слуцкий сахарорафинадный комбинат", труба       ; 53.000508; 27.516032;G
$;M;R  ;MIO; Слуцк               ;              ;    ;  423 ;    ;    ;     ;      ;         ;170; 6356 ;9   ;24.09.06; Головащенко 6         ; ОАО "Слуцкий сахарорафинадный комбинат", труба       ; 53.000508; 27.516032;G
$;M;R  ;MIO; Солигорск           ; SOLIGORSK    ; 14 ;  424 ;123 ;456 ; 170 ;  424 ;123456   ;   ;      ;    ;05.09.05; Коржа 5               ; ОАО "Беларускалий"                                   ; 52.782110; 27.540170;G
$;M;R  ;MIO; Солигорск           ; SOLIGORSK    ; 14 ;  425 ;123 ;456 ; 170 ;  425 ;1234 67  ;   ;      ;    ;05.09.05; Мира пр. 32           ; ЗАО "Калинка", мачта                                 ; 52.785620; 27.523750;G
$;M;R  ;MIO; Солигорск           ; SOLIGORSK    ; 14 ;  426 ;123 ;456 ; 170 ;  426 ;123456789;   ;      ;    ;04.02.07; Л.Комсомола 38        ; ЖД вокзал, мачта                                     ; 52.792940; 27.544580;G
$;M;R  ;MIO; Солигорск           ; SOLIGORSK    ; 14 ;  427 ;123 ;456 ; 170 ;  427 ;12345678 ;170; 6356 ;678 ;04.10.05; Октябрьская 53А       ; магазин "Рыба-Мясо", мачта                           ; 52.789550; 27.513800;G
$;M;R  ;MIO; Великий Лес         ; VELIKI LES   ; 14 ;  428 ;123 ;    ;     ;      ;         ;170;  903 ;9   ;03.01.07; Солигорский р-н       ; башня                                                ; 52.549330; 27.474750;Y
$;M;R  ;MIO; Великий Лес         ;              ;    ;  428 ;    ;    ;     ;      ;         ;170; 1435 ;8   ;03.01.07; Солигорский р-н       ; башня                                                ; 52.549330; 27.474750;Y
$;M;R  ;MIO; Солнечный           ;              ; 77 ;  430 ;123 ;456 ; 201 ; 2003 ;12 45 789;201; 1436 ;01  ;04.04.15; Минский р-н           ; Сосновая 2, жилой дом, трубостойки                   ; 53.970424; 27.621050;G
$;M;R  ;MIO; Чепели              ; CHEPELI      ; 14 ;  444 ;123 ;456 ; 170 ; 4629 ;      7 9;170; 6356 ;012 ;01.06.08; Солигорский р-н       ; Солигорский калийный комбинат, мачта                 ; 52.854820; 27.470830;G
$;M;R  ;MIO; Чепели              ;              ;    ;  444 ;    ;    ; 170 ; 4628 ;      7  ;   ;      ;    ;13.04.19; Солигорский р-н       ; Солигорский калийный комбинат, мачта                 ; 52.854820; 27.470830;G
$;M;R  ;MIO; Солигорск           ; SOLIGORSK    ; 14 ;  445 ;123 ;456 ; 170 ; 5053 ;  3      ;170; 6355 ;789 ;13.10.06; Заслонова 61          ; общежитие, мачта                                     ; 52.783940; 27.513580;G
$;M;R  ;MIO; Копыль              ; KOPYL'       ; 89 ;  447 ;123 ;456 ; 173 ;  447 ;12  5    ;173; 6355 ;456 ;17.08.08; Партизанская 32       ; опорная мачта, Копыльский РОЧС                       ; 53.144310; 27.101380;G
$;M;R  ;MIO; Правдинский         ; PRAVDINSKII  ; 95 ;  448 ;123 ;456 ; 173 ;  448 ;12 4     ;173; 1436 ;24  ;10.05.08; Пуховичский р-н       ; мачта                                                ; 53.520531; 27.832396;G
$;M;R  ;MIO; Драчково            ; DRACHKOVO    ; 70 ;  449 ;123 ;456 ;     ;      ;         ;203; 6355 ;0   ;05.11.08; Смолевичский р-н      ; опорная мачта                                        ; 53.822236; 28.081067;G
$;M;R  ;MIO; Ждановичи           ;              ;    ;  500 ;    ;    ; 211 ;  500 ;12  5  8 ;   ;      ;    ;12.01.19; Минский р-н           ; санаторий "Пралеска", трубостойки                    ; 53.961583; 27.414795;G
$;M;R  ;MIO; Королев Стан        ; KOROLEV STAN ; 94 ;  501 ;123 ;456 ; 208 ; 2091 ; 23456789;208; 6421 ;3 56;16.09.08; Минский р-н           ; М2, 19 км, башня 70м                                 ; 53.995953; 27.790460;G
$;M;R  ;MIO; Королев Стан        ; KOROLEV STAN ; 94 ;  501 ;   7;   8; 208 ; 2095 ;1  4  7  ;208; 1436 ;5   ;06.09.18; Минский р-н           ; М2, 19 км, башня 70м                                 ; 53.995953; 27.790460;G
$;M;R  ;MIO; Орешники            ; ORESHNIKI    ; 94 ;  502 ;1237;4568; 205 ; 2150 ;1234567  ;205; 6354 ;4 67;07.02.05; Смолевичский р-н      ; М2, 31 км, РТПС                                      ; 53.977171; 27.950583;G
$;M;R  ;MIO; Орешники            ;              ;    ;  502 ;    ;    ;     ;      ;         ;205; 1436 ;6   ;29.04.17; Смолевичский р-н      ; М2, 31 км, РТПС                                      ; 53.977171; 27.950583;G
$;M;R  ;MIO; Емельяново          ; EMEL`IANOVO  ; 94 ;  503 ;123 ;456 ; 203 ; 2159 ;12  5  8 ;203; 6354 ;2   ;03.07.06; Смолевичский р-н      ; Р53, РТПС                                            ; 54.065006; 28.033171;G
$;M;R  ;MIO; Емельяново          ;              ;    ;  503 ;    ;    ;     ;      ;         ;203; 1436 ;7   ;26.05.18; Смолевичский р-н      ; Р53, РТПС                                            ; 54.065006; 28.033171;G
$;M;R  ;MIO; Полевая             ; POLEVAIA     ; 91 ;  505 ;123 ;456 ; 203 ; 2167 ;123456789;203; 6353 ;012 ;07.02.05; Смолевичский р-н      ; М1, башня 70м                                        ; 54.020841; 28.210647;G
$;M;R  ;MIO; Смолевичи           ; SMOLEVICHI   ; 94 ;  506 ;123 ;456 ; 203 ;  506 ;123  6 8 ;203;  919 ;45  ;25.06.06; Социалистическая      ; дом быта, мачта                                      ; 54.030641; 28.084912;G
$;M;R  ;MIO; Смолевичи           ;              ;    ;  506 ;    ;    ; 203 ; 2182 ;         ;   ;      ;    ;07.05.19; Социалистическая      ; дом быта, мачта                                      ; 54.030641; 28.084912;G
$;M;R  ;MIO; Смолевичи           ;              ;    ;  506 ;    ;    ;     ;      ;         ;203; 1436 ;8   ;26.05.18; Социалистическая      ; дом быта, мачта                                      ; 54.030641; 28.084912;G
$;M;R  ;MIO; Жодино              ; ZHODINO      ; 91 ;  507 ;123 ;456 ; 203 ; 2184 ; 2  5 78 ;203; 6352 ;789 ;27.02.06; Мира пр. 19           ; общежитие N3 ПО "БелАЗ", мачта                       ; 54.089563; 28.308430;G
$;M;R  ;MIO; Дзержинск           ;              ; 97 ;  508 ;    ;456 ;     ;      ;         ;   ;      ;    ;06.06.17; Тихая 2               ; ТЦ Родники, башня 40м                                ; 53.691098; 27.156349;Y
$;M;R  ;MIO; Борисов             ; BORISOV      ; 18 ;  510 ;123 ;456 ; 171 ; 5155 ;1  4     ;171;  919 ;6   ;07.02.05; Чапаева 1             ; дом быта, трубостойки                                ; 54.223770; 28.512780;G
$;M;R  ;MIO; Борисов             ;              ;    ;  510 ;    ;    ; 171 ; 5164 ;   4     ;   ;      ;    ;26.05.18; Чапаева 1             ; дом быта, трубостойки                                ; 54.223770; 28.512780;G
$;M;R  ;MIO; Борисов             ; BORISOV      ; 18 ;  511 ;1237;4568; 171 ;  511 ;123456789;171; 6352 ;0123;28.03.05; Чапаева 64            ; ОАО "БЗМП", труба                                    ; 54.204540; 28.495225;G
$;M;R  ;MIO; Борисов             ; BORISOV      ; 18 ;  512 ;123 ;456 ; 171 ;  512 ;1234 67  ;171; 6351 ;7 9 ;06.08.05;Полка Нормандия-Неман 167; ОАО "Экран", трубостойки                           ; 54.261848; 28.514864;G
$;M;R  ;MIO; Борисов             ; BORISOV      ; 18 ;  514 ;123 ;456 ; 171 ; 2193 ;1        ;171; 6351 ;456 ;15.02.05; Строителей 44         ; поликлиника N4, мачта                                ; 54.211300; 28.475220;G
$;M;R  ;MIO; Борисов             ; BORISOV      ; 18 ;  517 ;123 ;456 ; 171 ;  517 ;1234 67 9;   ;      ;    ;05.06.06; Лядище,Днепровская 21А; магазин, мачта                                       ; 54.238376; 28.468964;G
$;M;R  ;MIO; Борисов             ;              ;    ;  517 ;    ;    ; 171 ; 2199 ;         ;   ;      ;    ;07.06.19; Лядище,Днепровская 21А; магазин, мачта                                       ; 54.238376; 28.468964;G
$;M;R  ;MIO; Борисов             ; BORISOV      ; 18 ;  518 ;123 ;456 ; 171 ; 4582 ;12    7  ;171; 6350 ;567 ;05.06.06; Труда 5               ; РУПС, мачта                                          ; 54.220807; 28.530689;G
$;M;R  ;MIO; Борисов             ;              ;    ;  518 ;    ;    ; 171 ; 4586 ;12 4  78 ;   ;      ;    ;11.08.18; Труда 5               ; РУПС, мачта                                          ; 54.220807; 28.530689;G
$;M;R  ;MIO; Чуденичи            ; CHUDENICHI   ; 78 ;  531 ;1237;4568; 203 ; 6154 ;12  5  8 ;203; 6350 ;4   ;05.07.05; Логойский р-н         ; М3, РТПС                                             ; 54.143448; 27.793307;G
$;M;R  ;MIO; Чуденичи            ;              ;    ;  531 ;    ;    ;     ;      ;         ;202; 1436 ;9   ;07.11.17; Логойский р-н         ; М3, РТПС                                             ; 54.143448; 27.793307;G
$;M;R  ;MIO; Чуденичи            ;              ;    ;  531 ;    ;    ;     ;      ;         ;203; 1441 ;0   ;16.09.17; Логойский р-н         ; М3, РТПС                                             ; 54.143448; 27.793307;G
$;M;R  ;MIO; Логойск             ; LOGOISK      ; 78 ;  532 ;1237;4568; 202 ;  532 ;12345678 ;203; 1441 ;12  ;26.10.06; Минская 2             ; з-д "Амкодор Логойск", мачта                         ; 54.189599; 27.833944;G
$;M;R  ;MIO; Логойск             ;              ;    ;  532 ;    ;    ;     ;      ;         ;203;  922 ;01  ;07.04.16; Минская 2             ; з-д "Амкодор Логойск", мачта                         ; 54.189599; 27.833944;G
$;M;R  ;MIO; Плещеницы           ; PLESCHENITSY ; 78 ;  533 ;123 ;4   ; 202 ;  533 ;1234 6   ;202; 6349 ;9   ;08.08.05; Логойский р-н         ; РТПС                                                 ; 54.410161; 27.855078;G
$;M;R  ;MIO; Плещеницы           ;              ;    ;  533 ;    ;    ;     ;      ;         ;202; 6350 ;0   ;08.08.05; Логойский р-н         ; РТПС                                                 ; 54.410161; 27.855078;G
$;M;R  ;MIO; Нарочь              ; NAROCH'      ; 99 ;  546 ;123 ;456 ; 202 ;  546 ;12       ;   ;      ;    ;03.01.07; Мядельский р-н        ; санаторий "Приозерный", башня на крыше               ; 54.902770; 26.677750;G
$;M;R  ;MIO; Мядель?             ; MIADEL'      ; 99 ;  548 ;123 ;456 ; 202 ;  548 ;12       ;   ;      ;    ;03.01.07; Коммунистическая 23   ; районная поликлиника, мачта (чья?)                   ; 54.886840; 26.914950;G*w
$;M;R  ;MIO; Козыри              ; KOZYRI       ; 78 ;  571 ;1237;    ;     ;      ;         ;202; 6348 ;79  ;26.10.06; Логойский р-н         ; М3, поворот на Хатынь, башня                         ; 54.328314; 27.870026;G
$;M;R  ;MIO; Околово             ; OKOLOVO      ; 78 ;  572 ;123 ;456 ;     ;      ;         ;202; 6348 ;56  ;29.12.06; Логойский р-н         ; М3, башня 70м                                        ; 54.491777; 27.862548;G
$;M;R  ;MIO; Литвичи             ; LITVICHI     ; 78 ;  573 ;123 ;    ;     ;      ;         ;202; 6348 ;1 3 ;29.12.06; Логойский р-н         ; М3, башня 70м                                        ; 54.599450; 27.888900;G
$;M;R  ;MIO; Верески             ; VERESKI      ; 18 ;  601 ;123 ;    ; 171 ;  601 ;123  6   ;171; 6347 ;89  ;28.03.05; Борисовский р-н       ; М1, 431км, совм.башня 70м                            ; 54.131484; 28.503666;G
$;M;R  ;MIO; Верески             ;              ;    ;  601 ;    ;    ;     ;      ;         ;171; 6348 ;0   ;28.03.05; Борисовский р-н       ; М1, 431км, совм.башня 70м                            ; 54.131484; 28.503666;G
$;M;R  ;MIO; Лошница             ; LOSHNITSA    ; 18 ;  602 ;1237;456 ; 171 ; 5181 ;12 45 78 ;171; 6347 ;4567;08.08.05; Борисовский р-н       ; М1, 456км, совм.башня 70м                            ; 54.278717; 28.780485;G
$;M;R  ;MIO; Лошница             ;              ;    ;  602 ;    ;    ; 171 ; 5680 ;1  4  7  ;   ;      ;    ;02.08.17; Борисовский р-н       ; М1, 456км, совм.башня 70м                            ; 54.278717; 28.780485;G
$;M;R  ;MIO; Великая Слобода     ; KRUPKI       ; 18 ;  603 ;123 ;456 ; 171 ;  603 ;1234 67  ;171; 6347 ;123 ;08.08.05; Крупский р-н          ; башня 70м                                            ; 54.324144; 29.109871;G
$;M;R  ;MIO; Старый Бобр         ; STARYI BOBR  ; 18 ;  604 ;123 ;456 ; 171 ;  262 ;12       ;171; 6346 ;789 ;08.08.05; Крупский р-н          ; М1, 493км, башня 70м                                 ; 54.380775; 29.301745;G
$;M;R  ;MIO; Киевец              ; KIEVETS      ; 18 ;  618 ;1237;    ;     ;      ;         ;171; 6346 ;6   ;06.05.15; Крупский р-н          ; совм.башня 70м                                       ; 54.493860; 29.337788;G
$;M;R  ;MIO; Черноградь          ; CHERNOGRAD'E ; 95 ;  619 ;123 ;456 ;     ;      ;         ;203; 6346 ;3   ;11.08.06; Червенский р-н        ; М4, башня 70м                                        ; 53.781194; 28.209737;G
$;M;R  ;MIO; Червень             ; CHERVEN'     ; 95 ;  622 ;123 ;456 ; 203 ;  622 ;123      ;   ;      ;    ;05.06.06; Свободы пл. 32        ; типография, мачта                                    ; 53.714675; 28.418748;G
$;M;R  ;MIO; Хутор               ; HUTOR        ; 95 ;  623 ;123 ;    ;     ;      ;         ;   ;      ;    ;05.06.06; Червенский р-н        ; М4, башня 70м                                        ; 53.764187; 28.678863;G
$;M;R  ;MIO; Березино            ; BEREZINO     ; 95 ;  624 ;1237;456 ; 203 ;  624 ;12345678 ;203; 6345 ;0123;05.06.06; Октябрьская 17        ; дом торговли, мачта                                  ; 53.833905; 28.993226;G
$;M;R  ;MIO; Василевщина         ; VASILEVSCHINA; 95 ;  625 ;1237;    ;     ;      ;         ;   ;      ;    ;05.06.06; Березинский р-н       ; М4, башня велком 70м                                 ; 53.902777; 29.371932;G
$;M;R  ;MIO; Яжевичи             ;              ; 20 ;  748 ;123 ;    ;     ;      ;         ;   ;      ;    ;21.04.05; Клецкий р-н           ; к-з Октябрьский, опорная мачта                       ; 53.068230; 26.538530;G*
$;M;R  ;MIO; Клецк               ; KLETSK       ; 89 ;  749 ;123 ;456 ; 173 ;  749 ;1 3      ;   ;      ;    ;21.03.06; Партизанская 6        ; районная больница, мачта                             ; 53.069350; 26.631210;G
$;M;R  ;MIO; Островки            ; OSTROVKI     ; 98 ;  762 ;123 ;45  ; 173 ;  263 ;12345 78 ;173; 6344 ;345 ;25.11.06; Несвижский р-н        ; М1, башня 72м                                        ; 53.354248; 26.445872;G
$;M;R  ;MIO; Старый Свержень   ;STARYI SVERZHAN'; 98 ;  763 ;123 ;456 ; 173 ;  277 ;12345 789;173; 6344 ;01  ;04.12.06; Столбцовский р-н      ; Р2, РТПС                                             ; 53.449363; 26.666880;G
$;M;R  ;MIO; Старый Свержень     ;              ;    ;  763 ;    ;    ; 173 ;  283 ;1  4  7  ;173; 1463 ;0   ;09.10.16; Столбцовский р-н      ; Р2, РТПС,                                            ; 53.449363; 26.666880;G
$;M;R  ;MIO; Столбцы             ; STOLBTSY     ; 98 ;  764 ;123 ;456 ; 173 ; 4662 ;123456789;173; 6343 ;789 ;25.11.06; Машиностроителей 1    ; филиал "Минский моторный завод", труба               ; 53.500243; 26.761543;G
$;M;R  ;MIO; Столбцы             ;              ;    ;  764 ;    ;    ; 173 ; 4664 ; 2 4  78 ;   ;      ;    ;16.07.17; Машиностроителей 1    ; филиал "Минский моторный завод", труба               ; 53.500243; 26.761543;G
$;M;R  ;MIO; Павловщина          ; PAVLOVSCHINA ; 97 ;  765 ;123 ;456 ; 216 ; 2241 ;12 456 89;216; 6343 ;456 ;13.10.06; Дзержинский р-н       ; М1, башня 70м                                        ; 53.606560; 27.027470;G
$;M;R  ;MIO; Павловщина          ;              ; 97 ; 1765 ;1   ;    ;     ;  765 ;         ;216; 1645 ;0   ;08.05.16; Дзержинский р-н       ; М1, башня 70м                                        ; 53.606560; 27.027470;G
$;M;R  ;MIO; Павловщина          ;              ; 97 ; 1765 ; 2  ;    ;     ;  765 ;         ;216; 6330 ;9   ;08.08.16; Дзержинский р-н       ; М1, башня 70м                                        ; 53.606560; 27.027470;G
$;M;R  ;MIO; Дзержинск           ; DZERZHINSK   ; 97 ;  766 ;123 ;456 ; 216 ; 2693 ;123456789;216; 6343 ;12  ;13.10.06; Фоминых               ; труба недостроенной котельной                        ; 53.6848  ; 27.1669  ;G
$;M;R  ;MIO; Дзержинск           ;              ;    ;  766 ;    ;    ; 216 ; 2694 ;1  4  7  ;216; 1463 ;1   ;06.06.17; Фоминых               ; труба недостроенной котельной                        ; 53.6848  ; 27.1669  ;G
$;M;R  ;MIO; Дзержинск           ; DZERZHINSK   ; 97 ;  767 ;123 ;456 ; 216 ; 1515 ;12345 789;173;  966 ;4   ;13.10.06; Фурманова 2           ; ОАО "Элиз", швейная фабрика, трубостойки             ; 53.681193; 27.134202;Y
$;M;R  ;MIO; Дзержинск           ;              ;    ;  767 ;    ;    ; 216 ; 1522 ;1  4  7  ;216; 1463 ;23  ;06.06.17; Фурманова 2           ; ОАО "Элиз", швейная фабрика, трубостойки             ; 53.681193; 27.134202;Y
$;M;R  ;MIO; Несвиж?             ; NESVIZH      ; 98 ;  768 ;123 ;456 ; 173 ;  768 ; 23  6  9;   ;      ;    ;08.07.06; Ленинская 127         ; жилой дом, мачта? (чья?)                             ; 53.229320; 26.658890;G*w
$;M;R  ;MIO; Засулье?            ; ZASUL'E      ; 98 ;  769 ;1237;456 ; 173 ; 2243 ; 23 56   ;173; 6342 ;56  ;13.10.06; Столбцовский р-н      ; М1, башня 70м (чья?)                                 ; 53.553830; 26.881180;G*w
$;M;R  ;MIO; Засулье?            ;              ;    ;  769 ;    ;    ; 173 ; 2244 ;1  4     ;173; 1463 ;5   ;10.05.16; Столбцовский р-н      ; М1, башня 70м (чья?)                                 ; 53.553830; 26.881180;G*w
$;M;R  ;MIO; Узда                ; UZDA         ; 19 ;  770 ;123 ;456 ;     ;      ;         ;   ;      ;    ;28.05.07; Степанова 3           ; ЖКХ, труба                                           ; 53.468440; 27.206170;G*
$;M;R  ;MIO; Хатежино            ; HATEZHINO    ;  7 ;  851 ;1237;456 ; 211 ; 2590 ;1234 67 9;211; 6421 ;01  ;22.02.07; Минский р-н           ; М6, башня 70м                                        ; 53.915107; 27.281247;G
$;M;R  ;MIO; Хатежино            ;              ;    ;  851 ;    ;    ; 211 ; 2592 ;1  4  7  ;211; 1463 ;67  ;13.05.17; Минский р-н           ; М6, башня 70м                                        ; 53.915107; 27.281247;G
$;M;R  ;MIO; Новоселье           ; NOVOSEL'E    ; 74 ;  852 ;1237;4568; 216 ; 2250 ;1  4     ;216; 6420 ;567 ;15.10.06; Минский р-н           ; М6, РТПС                                             ; 53.911914; 27.182442;G
$;M;R  ;MIO; Новоселье           ;              ;    ;  852 ;    ;    ;     ;      ;         ;216; 1463 ;8   ;29.12.17; Минский р-н           ; М6, РТПС                                             ; 53.911914; 27.182442;G
$;M;R  ;MIO; Сульжицы            ; SUL'ZHITSY   ; 74 ;  853 ;1237;456 ; 172 ;  288 ;123456789;172; 6342 ;023 ;15.10.06; Воложинский р-н       ; М6, башня 70м                                        ; 54.044863; 26.804154;G
$;M;R  ;MIO; Ивенец              ; IVENETS      ; 70 ;  855 ;123 ;456 ;     ;      ;         ;   ;      ;    ;15.06.08; Центральная пл.       ; поселковый совет, мачта                              ; 53.890480; 26.740980;G
$;M;R  ;MIO; Раков               ; RAKOV        ; 74 ;  856 ;123 ;456 ; 216 ; 1367 ;123 56 89;216; 6341 ;46  ;15.10.06; Воложинский р-н       ; М6, башня 70м                                        ; 53.978820; 27.054380;G
$;M;R  ;MIO; Раков               ;              ;    ;  856 ;    ;    ;     ;      ;         ;216; 1469 ;0   ;09.10.17; Воложинский р-н       ; М6, башня 70м                                        ; 53.978820; 27.054380;G
$;M;R  ;MIO; Воложин             ; MAKAROVKA    ; 96 ;  857 ;123 ;456 ; 172 ;  857 ;12345 789;172; 6341 ;12  ;09.05.06; Щербины               ; башня 70м                                            ; 54.081127; 26.537476;G
$;M;R  ;MIO; Воложин             ;              ;    ;  857 ;    ;    ;     ;      ;         ;172; 1469 ;1   ;17.01.18; Щербины               ; башня 70м                                            ; 54.081127; 26.537476;G
$;M;R  ;MIO; Богданово           ; BOGDANOVO    ; 99 ;  858 ;123 ;    ;     ;      ;         ;202; 6340 ;8   ;25.08.07; Вилейский р-н         ; Р29, совм.башня                                      ; 54.564204; 27.028385;G
$;M;R  ;MIO; Богданово           ;              ;    ;  858 ;    ;    ;     ;      ;         ;202; 6341 ;0   ;10.03.18; Вилейский р-н         ; Р29, совм.башня                                      ; 54.564204; 27.028385;G
$;M;R  ;MIO; Богданово           ;              ;    ;  858 ;    ;    ;     ;      ;         ;202;  966 ;5   ;13.08.18; Вилейский р-н         ; Р29, совм.башня                                      ; 54.564204; 27.028385;G
$;M;R  ;MIO; Писляковщина        ;PISLIAKOVSCHINA;96 ;  873 ;1237;    ;     ;      ;         ;172; 6340 ;4  7;15.10.06; Воложинский р-н       ; М7, башня 70м                                        ; 54.195250; 26.369310;G
$;M;R  ;MIO; Тесновая            ; TESNOVAIA    ; 97 ;  880 ;123 ;    ; 172 ;  880 ;1        ;   ;      ;    ;15.10.06; Столбцовский р-н      ; башня 70м                                            ; 53.815510; 26.670730;G
$;M;R  ;MIO; Молодечно           ; MOLODECHNO   ; 17 ;  881 ;123 ;456 ; 172 ;  881 ;123456 8 ;172; 6340 ;0   ;03.01.07; Б.Хмельницкого        ; РТПЦ "Колос", РТПС                                   ; 54.293510; 26.839500;G
$;M;R  ;MIO; Молодечно           ; MOLODECHNO   ; 17 ;  882 ;123 ;456 ; 172 ; 2303 ;123456789;172; 6339 ;567 ;14.11.04; Центральная пл. 3     ; г-ца "Молодечно"                                     ; 54.306354; 26.838551;G
$;M;R  ;MIO; Молодечно           ; MOLODECHNO   ; 17 ;  883 ;1237;4568; 172 ;  883 ;123456789;172; 6339 ;1234;14.11.04; Замковая 19           ; труба станкостроительного завода                     ; 54.323610; 26.878854;G
$;M;R  ;MIO; Молодечно           ; MOLODECHNO   ; 17 ;  884 ;123 ;456 ; 172 ; 5241 ;1  4 67  ;172; 6339 ;0   ;16.08.05; В.Гостинец 143        ; з-д"Электромодуль", мачта                            ; 54.297901; 26.867377;G
$;M;R  ;MIO; Молодечно           ;              ;    ;  884 ;    ;    ; 172 ; 5799 ;12 45 78 ;172; 6338 ;8   ;10.03.08; В.Гостинец 143        ; з-д"Электромодуль", мачта                            ; 54.297901; 26.867377;G
$;M;R  ;MIO; Кибути              ; KIBUTI       ; 96 ;  885 ;123 ;456 ; 172 ; 2307 ;1 3456   ;172; 6338 ;57  ;04.05.14; Воложинский р-н       ; М7, 72 км, башня 70м                                 ; 54.125067; 26.591195;G
